open_time,open,high,low,close,volume,quote_volume_24h
1704067200000,25000.0,25029.67281149537,24982.292667458976,25011.95700988434,492.5205228583835,12318902.144219646
1704067500000,25011.95700988434,25057.985124332776,24947.04269530719,24993.035990455104,773.6896411960379,31655755.192074515
1704067800000,24993.035990455104,25063.889789831905,24953.830851784205,25024.635083480458,595.3452737796893,46554053.417086005
1704068100000,25024.635083480458,25068.961449174047,24947.610902464658,24991.879247445384,653.7487016723537,62892462.027455665
1704068400000,24991.879247445384,25035.451246563924,24915.753671460363,24959.268816043303,754.9191064456662,81734690.93960026
1704068700000,24959.268816043303,24984.05939135359,24941.07878290914,24965.86455132207,712.4859787131361,99522519.37886855
1704069000000,24965.86455132207,25024.593953527165,24933.923029887334,24992.618203261893,864.0734762829655,121117977.87117398
1704069300000,24992.618203261893,25045.41647285315,24958.630328807743,25011.403052572034,408.83564986824706,131343531.09228893
1704069600000,25011.403052572034,25103.761474797473,24957.712894326916,25049.988488006908,364.92209036610353,140484825.25497922
1704069900000,25049.988488006908,25106.147961656006,24968.2127653611,25024.314681000193,722.6082219568237,158567600.7923048
1704070200000,25024.314681000193,25107.35893340162,24969.364278396606,25052.346975232034,675.3596640182905,175486945.42836717
1704070500000,25052.346975232034,25150.603094383245,24995.070514673775,25093.23315692339,686.4284418912589,192711654.36628816
1704070800000,25093.23315692339,25177.906718285805,25039.107531458976,25123.71534332653,903.1948302175441,215403264.18023786
1704071100000,25123.71534332653,25173.739512069573,25085.579018919347,25135.58516996266,332.07706855896356,223750215.6199932
1704071400000,25135.58516996266,25163.46863437236,25093.589753233176,25121.45754555449,355.85438384653924,232689796.4161935
1704071700000,25121.45754555449,25142.929778926846,25086.59359025316,25108.054367436398,494.58152217706447,245107776.16414467
1704072000000,25108.054367436398,25158.689248623952,25074.741461708534,25125.353390869288,559.1266769818178,259156031.51357526
1704072300000,25125.353390869288,25152.8930906057,25083.36441174518,25110.888256362865,955.6582113987458,283153458.0712848
1704072600000,25110.888256362865,25172.148937615195,25068.585276201145,25129.814074133163,419.7970537386679,293702879.9806064
1704072900000,25129.814074133163,25190.60470395548,25094.45988088925,25155.214775417262,565.6188092303535,307931142.6078117
1704073200000,25155.214775417262,25270.54041161057,25085.439835971127,25200.6394742099,689.8648206422524,325316177.23875755
1704073500000,25200.6394742099,25276.821855214257,25147.308103735577,25223.442227944368,843.1999380823713,346584582.16358453
1704073800000,25223.442227944368,25240.760156528842,25194.83043307625,25212.14060218262,520.8171336413574,359715496.9649762
1704074100000,25212.14060218262,25231.58876590868,25184.67608622615,25204.11806151757,960.0368000345381,383912377.8164482
1704074400000,25204.11806151757,25295.450374024982,25151.213032545562,25242.464852726484,758.8070657064161,403066538.5025429
1704074700000,25242.464852726484,25279.914365942965,25207.36622053221,25244.812469482007,621.1962968111791,418748522.52227783
1704075000000,25244.812469482007,25264.540174729776,25217.882932013224,25237.605004945995,692.9576939142055,436237115.0864228
1704075300000,25237.605004945995,25267.37737932642,25200.820319635797,25230.584411941785,928.4760185217339,459663107.64619905
1704075600000,25230.584411941785,25249.616381123258,25215.22633183771,25234.25606605082,998.2763245465771,484853868.0444834
1704075900000,25234.25606605082,25266.775836750217,25214.101270322913,25246.61117290279,332.9814627973142,493260521.5635116
1704076200000,25246.61117290279,25288.249083951352,25187.42272952514,25229.031647585038,854.4555550540749,514817607.8034257
1704076500000,25229.031647585038,25248.86643554338,25215.631412863924,25235.46278496582,567.1335005545757,529129484.1507781
1704076800000,25235.46278496582,25357.135656068367,25164.162296700546,25285.693246236413,979.7548643295327,553903265.1067226
1704077100000,25285.693246236413,25371.99056849916,25239.87844095275,25326.102546152026,804.5052735521363,574278248.163624
1704077400000,25326.102546152026,25401.967567472748,25277.503916680813,25353.3167163314,486.77763296677995,586619675.6626569
1704077700000,25353.3167163314,25410.792592080215,25320.36243214849,25377.806476065958,604.3356754683734,601956389.4812759
1704078000000,25377.806476065958,25433.15558425841,25333.080032056783,25388.410451553016,913.0970582647359,625138472.3786067
1704078300000,25388.410451553016,25412.28212168629,25360.999027638314,25384.86736635542,425.05631637109195,635928470.5929184
1704078600000,25384.86736635542,25509.093490851847,25307.02792030308,25431.112240812177,508.911354014043,648870652.3574733
1704078900000,25431.112240812177,25506.42167804905,25381.647422852708,25456.90668856541,406.98748798474435,659231294.8625145
1704079200000,25456.90668856541,25549.759460961723,25399.73603605836,25492.508853767322,845.0385350413908,680773447.1988317
1704079500000,25492.508853767322,25534.12614663932,25469.15056653271,25510.75114435066,526.9092399032711,694215297.693663
1704079800000,25510.75114435066,25564.793976692064,25436.25345844283,25490.252866543826,915.105314476229,717541563.5591801
1704080100000,25490.252866543826,25588.792430052952,25433.777386793925,25532.22396034056,340.5476165459313,726236501.5739911
1704080400000,25532.22396034056,25658.35632219462,25452.169933311,25578.158272198292,359.95741644751513,735443549.3431371
1704080700000,25578.158272198292,25617.973306671527,25554.63822691773,25594.43829132225,832.421515680062,756748910.4585794
1704081000000,25594.43829132225,25679.814606159875,25547.254165075738,25632.560201012173,632.6976646691119,772966571.4372503
1704081300000,25632.560201012173,25689.69091841009,25597.370178442747,25654.470815543817,910.7031287596802,796330178.2756399
1704081600000,25654.470815543817,25691.183197384544,25630.294936434035,25666.995515434133,677.5072621456209,813719754.1348056
1704081900000,25666.995515434133,25751.388077752144,25619.16877286094,25703.4933267739,518.2014039106265,827039340.4621472
1704082200000,25703.4933267739,25843.551909938622,25620.963266197818,25760.83772510333,606.6700587401529,842667669.3980312
1704082500000,25760.83772510333,25811.570786964276,25731.036902223634,25781.745777093427,457.2881359220902,854457355.8652555
1704082800000,25781.745777093427,25819.883736695487,25751.002450821565,25789.131603228616,461.0803128176039,866348216.7321665
1704083100000,25789.131603228616,25797.874606991973,25779.00091267978,25787.743445831507,741.7720700890693,885476844.5709068
1704083400000,25787.743445831507,25821.290157754058,25753.826539687787,25787.372769405472,901.7447801776226,908730473.3602127
1704083700000,25787.372769405472,25812.15381321383,25750.344953588654,25775.114217223774,768.2844448073964,928533092.6764396
1704084000000,25775.114217223774,25785.1864180319,25764.217584357935,25774.289462874905,954.8599684064698,953143929.8986596
1704084300000,25774.289462874905,25848.323017481172,25727.410250530986,25801.394505502798,849.2335970035274,975055340.9622748
1704084600000,25801.394505502798,25904.103607602854,25744.562525263624,25847.170797259016,367.85156996017633,984563263.3190753
1704084900000,25847.170797259016,25899.51648856536,25811.85586778758,25864.178321752683,626.9172676256725,1000777963.3219317
1704085200000,25864.178321752683,25971.320518227807,25797.62327969836,25904.661303270565,988.9156479561763,1026395488.2397408
1704085500000,25904.661303270565,25930.48290054624,25870.722861406102,25896.53635979116,537.5118237764742,1040315182.727986
1704085800000,25896.53635979116,26012.597906916744,25832.116402075226,25948.049804884187,433.1462359085681,1051554482.8301396
1704086100000,25948.049804884187,26006.006059226977,25909.92321616806,25967.850376676713,494.9816012668583,1064408090.9910452
1704086400000,25967.850376676713,26011.153866904126,25929.220183634185,25972.516732115986,610.1915215374199,1080256300.493971
1704086700000,25972.516732115986,26100.325120355996,25897.515312682677,26025.17164814002,335.4118306674169,1088985450.9599075
1704087000000,26025.17164814002,26184.45693627409,25929.988624945447,26089.04032331983,978.2973800993259,1114508290.757517
1704087300000,26089.04032331983,26238.344327297134,25998.59609659765,26147.696753292512,416.4177774227398,1125396656.524247
1704087600000,26147.696753292512,26208.776029135544,26111.206079479998,26172.25108828081,580.7282047846168,1140595620.9139166
1704087900000,26172.25108828081,26198.000046741607,26137.898390052032,26163.638875588353,989.7161906458082,1166490197.9152966
1704088200000,26163.638875588353,26209.381916110302,26125.84824231617,26171.5798129866,618.5058571374003,1182677473.3201678
1704088500000,26171.5798129866,26248.262326960023,26115.61079006344,26192.249101894195,996.7958826448997,1208785799.3821454
1704088800000,26192.249101894195,26283.044770095024,26132.977593901203,26223.7020858627,408.3577776918449,1219494452.0887814
1704089100000,26223.7020858627,26282.341689504698,26176.528320774654,26235.14733557989,705.4262035713793,1238001412.4738553
1704089400000,26235.14733557989,26326.22499828108,26175.24655093612,26266.253191920598,340.01569103523815,1246932350.7038126
1704089700000,26266.253191920598,26356.99985677001,26210.365443500374,26301.03809513194,896.9039244337997,1270521854.9880192
1704090000000,26301.03809513194,26339.60998079328,26263.961411382756,26302.53119221887,356.0780256684108,1279887608.3650262
1704090300000,26302.53119221887,26334.709876152083,26274.423212204292,26306.597550657563,772.6487875228631,1300213369.0663936
1704090600000,26306.597550657563,26332.240880774014,26289.255674947548,26314.893536171665,923.2011198906063,1324507308.2487893
1704090900000,26314.893536171665,26357.940615819094,26281.357734947083,26324.392708812476,733.5670572324722,1343818015.5416248
1704091200000,26324.392708812476,26395.12999537999,26277.193799186745,26347.88895762858,665.9479008723713,1361364336.885376
1704091500000,26347.88895762858,26488.989213815006,26271.56851244664,26412.48166657301,801.3342605525904,1382529563.3510182
1704091800000,26412.48166657301,26450.179151236174,26384.724681994052,26422.41173111194,770.18315607198,1402879659.8091192
1704092100000,26422.41173111194,26467.98435537112,26391.97938834681,26437.53459465899,826.3051446900815,1424725130.657608
1704092400000,26437.53459465899,26459.941293060467,26412.550018696227,26434.9545304066,998.9181085981096,1451131485.4379988
1704092700000,26434.9545304066,26584.756356553902,26356.353675127426,26505.944422182336,449.2080185869283,1463038168.2126625
1704093000000,26505.944422182336,26567.731641581962,26457.570282656063,26519.333067378677,916.6049215805077,1487345919.4192545
1704093300000,26519.333067378677,26661.736752443496,26439.693484899355,26581.9092489121,410.42278265006235,1498255740.5813444
1704093600000,26581.9092489121,26728.701856914282,26494.731329811795,26641.32906483263,728.174436008165,1517655275.3476367
1704093900000,26641.32906483263,26812.12353185142,26542.94723120362,26713.475274711782,305.4761750065106,1525815605.5956867
1704094200000,26713.475274711782,26846.64532667873,26639.502168769086,26772.508749325934,764.3721004762541,1546279764.343428
1704094500000,26772.508749325934,26920.930905972862,26693.56536805122,26841.78325680872,380.80006929337156,1556501117.2675784
1704094800000,26841.78325680872,26870.555452095803,26815.8046259615,26844.574120131176,490.6437486203714,1569672239.7439969
1704095100000,26844.574120131176,26959.585269257866,26772.883383395485,26887.779149786253,442.51811862921704,1581570569.187478
1704095400000,26887.779149786253,26993.718402075752,26827.91315863025,26933.750056096935,641.9722965045636,1598861290.5644705
1704095700000,26933.750056096935,27103.29597903246,26832.738506541657,27002.02836051849,364.6089273989134,1608706471.1625943
1704096000000,27002.02836051849,27075.941111132834,26957.913527642057,27031.777675017423,302.4819823614476,1616883096.8604875
1704096300000,27031.777675017423,27174.610729627253,26947.415541282604,27090.066684614452,483.36868370404375,1629977586.7352843
1704096600000,27090.066684614452,27226.200467082086,27010.406539873922,27146.374744741766,599.3808432864755,1646248603.7219584
1704096900000,27146.374744741766,27157.085766605687,27132.83421045878,27143.544115454155,918.1744753101001,1671171113.098222
1704097200000,27143.544115454155,27307.60730866634,27050.033723101264,27213.85469408314,884.2165139202117,1695234052.8261554
1704097500000,27213.85469408314,27313.367799048687,27159.003553358358,27258.426820555273,389.2118634974971,1705843355.924994
1704097800000,27258.426820555273,27338.40801864144,27201.03121441334,27280.964955984393,857.2856134216291,1729230934.702019
1704098100000,27280.964955984393,27452.285429973414,27177.9910079596,27349.05447320941,447.0535768378278,1741457427.3273997
1704098400000,27349.05447320941,27394.782690987744,27321.777866056178,27367.48769943768,846.0813693100099,1764612548.794715
1704098700000,27367.48769943768,27528.27147932853,27277.802260733028,27438.353806741372,734.463057105499,1784765006.0135565
1704099000000,27438.353806741372,27497.101427582646,27390.937292169125,27449.665365384146,905.2239873539747,1809613101.5471418
1704099300000,27449.665365384146,27640.773731488913,27338.17400310972,27528.9602997054,916.991343264327,1834856919.831039
1704099600000,27528.9602997054,27561.330498503477,27497.856906653633,27530.22567577588,532.5298275625,1849517586.1629167
1704099900000,27530.22567577588,27715.35550140232,27421.80676980844,27606.63567930419,904.8448198626955,1874497307.4511716
1704100200000,27606.63567930419,27755.1787868365,27525.282806360883,27673.62849548531,851.1621563948298,1898052052.7566583
1704100500000,27673.62849548531,27726.410113328515,27629.995913209845,27682.763128618186,901.0152759364471,1922994645.2156734
1704100800000,27682.763128618186,27753.354005604015,27631.15385054223,27701.709405776328,622.2122642752595,1940230988.5493367
1704101100000,27701.709405776328,27786.041137144653,27643.5813459681,27727.85820782973,459.3168411854392,1952966860.7941947
1704101400000,27727.85820782973,27745.96385736316,27712.820383455924,27730.924370098215,529.7833658383945,1967658243.2447953
1704101700000,27730.924370098215,27915.570450736035,27619.88738099214,27804.239899987908,495.38749490530995,1981432115.9965966
1704102000000,27804.239899987908,27933.7401478494,27730.115317844033,27859.468329733885,986.804781038782,2008923972.5415764
1704102300000,27859.468329733885,27990.278854301552,27775.647609213614,27906.31717975023,380.7392262959993,2019549002.1533651
1704102600000,27906.31717975023,28085.333296313765,27811.17107853721,27989.902213387857,973.7740210330888,2046804841.7800188
1704102900000,27989.902213387857,28049.071222030998,27955.713450497187,28014.851983800385,604.194630995251,2063731264.9367576
1704103200000,28014.851983800385,28159.579630716606,27934.50615965311,28079.049689317482,724.3461973143003,2084070217.8034139
1704103500000,28079.049689317482,28190.473641335993,28014.093879089396,28125.410583552122,703.6116304476197,2103859583.8011158
1704103800000,28125.410583552122,28205.172203263024,28070.78066656406,28150.493565875375,301.18389475304065,2112338059.0925064
1704104100000,28150.493565875375,28338.749020128213,28044.610509739847,28232.55729592209,803.6009994013918,2135025770.3511665
1704104400000,28232.55729592209,28395.258167411124,28137.136784079084,28299.611027095096,554.9550302468849,2150730781.844683
1704104700000,28299.611027095096,28348.773870233337,28260.928196360146,28310.076733889593,531.1400252298174,2165767396.715379
1704105000000,28310.076733889593,28407.59906482802,28244.116817482132,28341.56578178907,803.8279841097651,2188549140.404269
1704105300000,28341.56578178907,28419.140854249286,28294.710073511207,28372.234442991437,585.8750360334518,2205171724.280906
1704105600000,28372.234442991437,28467.43184409728,28316.804250164907,28411.92411046494,389.10145934140724,2216226845.4149857
1704105900000,28411.92411046494,28532.94684604405,28332.599072661873,28453.50571394708,774.122561690913,2238253346.147353
1704106200000,28453.50571394708,28646.761756091375,28343.684604524275,28536.619853613447,510.66491219589574,2252825996.6192665
1704106500000,28536.619853613447,28648.997919141624,28477.625275147133,28589.893207132845,500.83960180824903,2267144947.3488674
1704106800000,28589.893207132845,28702.701609624568,28520.73366113722,28633.436730939666,758.2939365921502,2288857508.805734
1704107100000,28633.436730939666,28748.306578898802,28565.597712097828,28680.356396869287,449.5909806923702,2301751938.3648095
1704107400000,28680.356396869287,28813.240966689187,28595.609274712482,28728.352023031384,857.2173320887462,2326378379.641299
1704107700000,28728.352023031384,28781.46867526493,28697.471178183114,28750.563954240224,660.8164069406515,2345377224.0110574
1704108000000,28750.563954240224,28893.004818856843,28670.773049742616,28813.040524298336,872.896425175665,2370528024.083159
1704108300000,28813.040524298336,28988.564152208808,28710.895840772515,28886.160253014896,457.2484661981018,2383736176.5532026
1704108600000,28886.160253014896,28944.330666370915,28853.77753532499,28911.919071857254,471.38978085484507,2397364959.7485785
1704108900000,28911.919071857254,29047.349710674218,28826.645782001913,28961.928920947063,350.9797604291984,2407530010.62282
1704109200000,28961.928920947063,29079.94207710686,28889.1393052368,29007.039086640572,436.1046657177965,2420180115.7071624
1704109500000,29007.039086640572,29170.27161246958,28914.030092625166,29077.038171400614,470.7891077049072,2433869268.5625777
1704109800000,29077.038171400614,29217.0915399041,29004.091013061352,29143.97644983921,825.675133632931,2457932725.2123938
1704110100000,29143.97644983921,29308.449522476152,29057.076997235432,29221.319453959943,597.6023357599139,2475395453.972067
1704110400000,29221.319453959943,29312.303686924693,29156.13810050828,29247.064905423817,662.5704253106186,2494773694.2055407
1704110700000,29247.064905423817,29291.723607314692,29217.44546469867,29262.088951256435,893.8354431461619,2520929186.4506693
1704111000000,29262.088951256435,29398.18088095953,29177.120111783326,29313.064024275358,767.3044128104472,2543421229.829491
1704111300000,29313.064024275358,29536.44395361716,29188.17895718056,29411.141040243667,965.0277259102091,2571803796.3839817
1704111600000,29411.141040243667,29619.351501917536,29293.463807936674,29501.313479694552,803.491772893177,2595507859.054459
1704111900000,29501.313479694552,29649.807221633433,29409.50267613412,29557.820562828016,683.5103654275799,2615710935.7886004
1704112200000,29557.820562828016,29773.87436520762,29433.841674484545,29649.510886115015,632.2721057761373,2634457494.471797
1704112500000,29649.510886115015,29735.297904518502,29599.2841723575,29685.011052948776,746.3630057433094,2656613288.546799
1704112800000,29685.011052948776,29871.674484830637,29579.569701591132,29765.94565324899,738.7239058872469,2678602104.1821947
1704113100000,29765.94565324899,29849.85374357782,29719.660400180015,29803.51007882711,500.0097056042067,2693504148.4826813
1704113400000,29803.51007882711,29896.22729860677,29748.488769276788,29841.136525548063,678.1065557629195,2713739618.792072
1704113700000,29841.136525548063,29907.43663837671,29800.87923516175,29867.144262161666,785.7648686093366,2737208171.4789653
1704114000000,29867.144262161666,30030.035564432434,29781.671357910116,29944.34173874071,585.3195587666107,2754735180.3730416
1704114300000,29944.34173874071,30091.347034610375,29860.462771764218,30007.291734466875,444.7840726600872,2768081945.800197
1704114600000,30007.291734466875,30150.68324094101,29916.383460631765,30059.616447324544,708.8555899429576,2789389872.950424
1704114900000,30059.616447324544,30251.857468223894,29945.185695606586,30137.131632206005,835.9162032826487,2814581989.602247
1704115200000,30137.131632206005,30242.43853093709,30081.40360978641,30186.61899904266,546.2311618702772,2831070861.5710297
1704115500000,30186.61899904266,30391.144205055814,30066.047106098955,30270.23831844335,967.4012369290743,2860354327.5624294
1704115800000,30270.23831844335,30411.082124625198,30183.290088175836,30323.979528111086,682.2926168136873,2881044154.906869
1704116100000,30323.979528111086,30479.98271825124,30239.032215845466,30394.83691144888,453.5951442350053,2894831105.339717
1704116400000,30394.83691144888,30514.124516539006,30331.68249828456,30450.85371162852,535.2906805888676,2911131163.5475264
1704116700000,30450.85371162852,30629.18464502725,30351.3844703767,30529.45863684391,415.53131184245615,2923817109.544734
1704117000000,30529.45863684391,30659.719725730152,30459.006152933976,30589.129539956866,735.5798726818452,2946317857.5571837
1704117300000,30589.129539956866,30648.98982393695,30548.92174213848,30608.756227872214,695.0743881173419,2967593220.063305
1704117600000,30608.756227872214,30678.33016833928,30559.120261440577,30628.661922308514,394.989641061395,2979691224.2421885
1704117900000,30628.661922308514,30756.977802052967,30560.583822185847,30688.766108799908,565.3727049316976,2997041814.948137
1704118200000,30688.766108799908,30781.914057080896,30633.138905352145,30726.21896567434,832.860795525819,3022632478.119389
1704118500000,30726.21896567434,30866.611695621985,30639.16147236758,30779.403512984507,882.3469996086908,3049790592.458816
1704118800000,30779.403512984507,30872.275427851877,30728.411633912823,30821.214281367516,313.56830093500747,3059455148.2537785
1704119100000,30821.214281367516,31001.938390107764,30709.403628948905,30889.878642796935,544.9722406041287,3076289274.629733
1704119400000,30889.878642796935,31083.95491380805,30775.41916460745,30969.201512344796,756.2282586707227,3099709059.9618363
1704119700000,30969.201512344796,31189.94509554614,30838.276629089763,31058.642094766597,439.55247765377305,3113360963.047153
1704120000000,31058.642094766597,31113.683419800123,31025.18750828524,31080.205606341853,388.3546824119444,3125431106.4247017
1704120300000,31080.205606341853,31272.424411716725,30970.616373409066,31162.544849478847,452.57517863455257,3139534500.7266617
1704120600000,31162.544849478847,31368.98952801025,31042.032677414645,31248.14631691114,417.45240035746156,3152579114.4133773
1704120900000,31248.14631691114,31437.576855593303,31136.42187887519,31325.575577435953,380.1730099652284,3164488252.769544
1704121200000,31325.575577435953,31564.113859365763,31185.260621071073,31423.360898501185,375.6691247603246,3176293039.255312
1704121500000,31423.360898501185,31488.46089715591,31381.80246272605,31446.871368006003,774.1431007952862,3200637417.7664504
1704121800000,31446.871368006003,31692.067652795304,31313.880676652403,31558.604435646095,800.5102935346279,3225900405.4667726
1704122100000,31558.604435646095,31648.80792743553,31497.297946585397,31587.44541121568,739.0696769207311,3249245728.541591
1704122400000,31587.44541121568,31686.21471349992,31520.29513427168,31618.99736173591,895.2052673621574,3277551221.5285273
1704122700000,31618.99736173591,31788.33675124547,31528.981775631935,31698.095980627953,988.69104606027,3308890845.201733
1704123000000,31698.095980627953,31911.70082138708,31581.698154490827,31794.947349635855,599.8646092643212,3327963508.870202
1704123300000,31794.947349635855,31936.898877316842,31711.216352676252,31853.01496112302,538.8618224028983,3345127882.5611796
1704123600000,31853.01496112302,32099.62275722891,31711.04168065806,31957.185175751452,373.877209450799,3357075945.7765923
1704123900000,31957.185175751452,32219.26792561741,31811.025062037377,32072.580039313616,880.0951177017207,3385302866.88129
1704124200000,32072.580039313616,32279.369159459944,31957.761941836492,32164.222985205655,813.6567128093743,3411473502.8255
1704124500000,32164.222985205655,32415.63717041425,32030.330870428174,32281.257866879958,865.7394531647292,3439420661.358642
1704124800000,32281.257866879958,32459.27740560349,32179.77515470956,32357.55483835596,604.9021451027261,3458993815.690643
1704125100000,32357.55483835596,32565.607213885683,32245.24770347675,32452.96891425854,896.1992120135322,3488078140.859101
1704125400000,32452.96891425854,32674.444318592676,32337.486351099556,32558.58592163073,917.1418288019404,3517938981.89447
1704125700000,32558.58592163073,32681.06607239891,32485.066991244566,32607.436834186476,727.2321929613645,3541652159.6902447
1704126000000,32607.436834186476,32739.922261936368,32537.43880344681,32669.79037752199,895.6669854187214,3570913412.351941
1704126300000,32669.79037752199,32771.43641616598,32611.5810603479,32713.149843372226,858.4826497796676,3598997083.9121184
1704126600000,32713.149843372226,32872.78999121394,32612.8703353886,32772.329074097644,790.8286252325411,3624914379.8594556
1704126900000,32772.329074097644,32885.76523002175,32712.18296909098,32825.52150249406,963.6438044439218,3656546490.2829747
1704127200000,32825.52150249406,32929.9385469492,32755.885146229088,32860.2285628146,642.0044927941511,3677642904.6545444
1704127500000,32860.2285628146,33096.940432674186,32725.178508072488,32961.47427495395,752.1320298186665,3702434285.2067814
1704127800000,32961.47427495395,33150.331414272194,32848.19724243975,33036.7955290115,365.1373453882702,3714497253.0263796
1704128100000,33036.7955290115,33168.96784805979,32953.75462471073,33085.803757247566,514.3442210910619,3731514744.989073
1704128400000,33085.803757247566,33281.50518978809,32975.39137636884,33170.80913298625,671.6453518020375,3753793764.7587557
1704128700000,33170.80913298625,33347.136418078466,33064.59433410327,33240.69783164653,531.5539080371511,3771462987.597049
1704129000000,33240.69783164653,33454.264321318304,33125.3570721521,33338.583910270536,475.9825733406591,3787331572.558193
1704129300000,33338.583910270536,33433.29297543749,33284.07603712097,33378.719481485605,383.68831887853696,3800138597.322363
1704129600000,33378.719481485605,33580.115716253946,33259.56521445327,33460.66890882163,429.60488970636334,3814513464.2984385
1704129900000,33460.66890882163,33587.45163609598,33384.26790058012,33510.935852945964,807.2095007651361,3841563810.0984674
1704130200000,33510.935852945964,33793.22950527339,33356.18242625114,33637.88980551004,498.0990922924685,3858318812.477226
1704130500000,33637.88980551004,33730.93347633229,33584.11769653026,33677.098689687366,459.2382144377883,3873784623.146923
1704130800000,33677.098689687366,33779.298600222486,33622.38365063927,33724.50653784507,673.8945624873643,3896511384.7253466
1704131100000,33724.50653784507,33885.35830897818,33621.08141994545,33781.7576155086,687.3512767590258,3919731318.9535303
1704131400000,33781.7576155086,33994.77508832289,33669.47799282858,33882.161754798,907.9228380840608,3950493707.4143696
1704131700000,33882.161754798,34084.47529828685,33760.01897402831,33962.04454574334,701.8449537384327,3974329796.9974394
1704132000000,33962.04454574334,34143.13343557905,33859.24649359802,34040.09912384755,429.0545692730572,3988934857.065034
1704132300000,34040.09912384755,34156.86419200846,33959.134715910644,34075.814834220684,634.4104310859814,4010552909.443618
1704132600000,34075.814834220684,34328.902915229504,33937.90268406382,34190.52650228486,351.8575191789479,4022583103.278134
1704132900000,34190.52650228486,34390.85866972735,34085.987611900324,34286.0277803985,404.43830913155864,4036449686.380476
1704133200000,34286.0277803985,34483.82939784726,34177.5888526293,34375.10872725199,995.7426858971542,4070678449.4725566
1704133500000,34375.10872725199,34500.914440730136,34293.05375688311,34418.755284016705,724.4223558700739,4095612165.2615194
1704133800000,34418.755284016705,34661.94580724521,34289.27050590216,34532.034866664784,665.8007745911525,4118603620.8239536
1704134100000,34532.034866664784,34714.65077958895,34428.21896818872,34610.59868959112,902.116666078326,4149826418.7247825
1704134400000,34610.59868959112,34900.64029791447,34456.076364481436,34745.51562326225,734.719124750504,4175354613.5525107
1704134700000,34745.51562326225,34975.58116006999,34611.76410025085,34841.460301717394,963.3131402277646,4208917850.0858793
1704135000000,34841.460301717394,34966.07802076134,34771.31056327868,34895.81883693789,762.2996960344257,4235518922.1781497
1704135300000,34895.81883693789,35008.72907497927,34832.27978273798,34945.100288057845,352.54540823081754,4247838656.82487
1704135600000,34945.100288057845,35037.66333497361,34885.906730809766,34978.4133486827,715.6678365836942,4272871582.233252
1704135900000,34978.4133486827,35122.81496746542,34897.930062469895,35042.18494653053,794.8690809153234,4300725531.5749655
1704136200000,35042.18494653053,35283.320874014105,34908.77089829469,35149.49825812328,781.16944404987,4328183245.587895
1704136500000,35149.49825812328,35452.55262964881,34978.1605385474,35280.57596622716,737.5406050149553,4354204102.931303
1704136800000,35280.57596622716,35535.39676501424,35130.09486595399,35384.47251813653,597.5972762729482,4375349767.330497
1704137100000,35384.47251813653,35603.29418060989,35257.93793275467,35476.430753328335,935.8880116488242,4408551733.568626
1704137400000,35476.430753328335,35731.72443945623,35343.94470571768,35598.78147542954,416.14595245450727,4423366022.391939
1704137700000,35598.78147542954,35773.04613847217,35492.19309068156,35666.25572514369,698.4449345233647,4448276938.036581
1704138000000,35666.25572514369,35810.250331373325,35588.10263817366,35731.95328572131,782.0745938484656,4476221990.889924
1704138300000,35731.95328572131,36000.03599162997,35574.37112981896,35841.96865488913,650.3305239825479,4499531117.145824
1704138600000,35841.96865488913,36029.509153123436,35743.00624102543,35930.30284182068,327.90254892852914,4511312755.031431
1704138900000,35930.30284182068,36115.65246543457,35827.20400051986,36012.31828803012,475.25753168840276,4528427880.531378
1704139200000,36012.31828803012,36152.23525548776,35918.03376279586,36057.83157107442,885.1710297343269,4560345228.433133
1704139500000,36057.83157107442,36302.63986532864,35911.4506467533,36155.86097932305,999.7006918142159,4596490267.667301
1704139800000,36155.86097932305,36393.0512531886,36027.99624731442,36264.80125531111,328.16217120123133,4608391003.585425
1704140100000,36264.80125531111,36530.042379355444,36118.555615632016,36383.31879212432,756.0566426035805,4635898853.438174
1704140400000,36383.31879212432,36672.00158377252,36231.66155549354,36519.77555199581,709.730737694498,4661818060.681129
1704140700000,36519.77555199581,36761.53742451222,36384.66456777224,36626.03332199401,363.86968440567904,4675145163.867035
1704141000000,36626.03332199401,36798.51875755636,36528.90299690827,36701.1891232159,769.0934566648298,4703371808.273519
1704141300000,36701.1891232159,36986.683566854445,36547.784177648144,36832.72880700237,785.5715717884027,4732306552.935692
1704141600000,36832.72880700237,37020.45495536566,36714.40514493574,36901.90905453217,869.4962243165809,4764392623.528682
1704141900000,36901.90905453217,37126.563102212305,36775.989355029735,37000.30763904586,520.1620100191176,4783638777.921534
1704142200000,37000.30763904586,37198.18653271682,36876.253227021065,37073.8854295125,582.922539900522,4805249981.380086
1704142500000,37073.8854295125,37315.826107857254,36927.41549940291,37168.98048026476,760.3622705381903,4833511871.771649
1704142800000,37168.98048026476,37392.27619155793,37044.564670391526,37267.53050497088,431.30777897616895,4849585647.581675
1704143100000,37267.53050497088,37466.43097119671,37147.56569776659,37346.21288409131,737.7861195015063,4877139165.063505
1704143400000,37346.21288409131,37610.36315958778,37206.07364933321,37469.7603211081,684.4537473597322,4902785482.9279585
1704143700000,37469.7603211081,37783.375203725096,37299.68053033569,37612.646833726074,788.7750203855205,4932453399.200984
1704144000000,37612.646833726074,37769.30763587532,37508.666208216295,37665.18177686806,726.2101669573755,4959806237.147643
1704144300000,37665.18177686806,37812.02115363783,37584.48706832277,37731.185038262935,685.587304901869,4985674258.60878
1704144600000,37731.185038262935,37946.489997259225,37617.80198408244,37832.8015830908,994.5799975766538,5023302006.315608
1704144900000,37832.8015830908,38147.75943077957,37661.38837909513,37975.69878682416,382.22630436269026,5037817317.318486
1704145200000,37975.69878682416,38275.1895729885,37811.09119641021,38109.99984782135,801.6223281942538,5068367144.12398
1704145500000,38109.99984782135,38326.192541148695,37991.99191321208,38207.8815151345,884.306761903686,5102154632.105828
1704145800000,38207.8815151345,38531.831474126564,38036.839012179356,38360.10751188954,685.8855538163288,5128465275.691074
1704146100000,38360.10751188954,38578.9672806359,38225.77132326479,38444.336125400114,655.7686241150258,5153675865.097044
1704146400000,38444.336125400114,38775.87388987747,38255.141182865045,38585.98187044382,493.3731819754287,5172713153.752111
1704146700000,38585.98187044382,38877.21971263925,38427.16917620875,38717.86421530589,953.973875577764,5209648984.731681
1704147000000,38717.86421530589,38963.30196728262,38572.39869717718,38817.46225288985,497.98728829797864,5228979587.497606
1704147300000,38817.46225288985,39003.86740916342,38706.815534218644,38893.00535964894,999.2316332605371,5267842708.765539
1704147600000,38893.00535964894,39104.066053720715,38780.26020794989,38991.03672339176,677.0064043927116,5294239890.341187
1704147900000,38991.03672339176,39187.732399742614,38875.99798769963,39072.453453006456,680.401044071071,5320824828.465031
1704148200000,39072.453453006456,39284.732102074704,38955.005403514304,39166.99985516114,432.0566615949738,5337747191.667143
1704148500000,39166.99985516114,39448.73608414934,39009.026267184425,39290.26532537386,463.49371224052516,5355957982.597715
1704148800000,39290.26532537386,39566.43790394383,39147.462553649646,39423.15214727828,821.2936060956371,5388335965.388411
1704149100000,39423.15214727828,39720.068382629026,39251.8304545068,39548.203253676926,570.2551267436877,5410888531.047321
1704149400000,39548.203253676926,39836.66924494306,39380.79512297001,39668.75083453915,986.5726970618496,5450024637.547227
1704149700000,39668.75083453915,39880.53680755109,39558.150525420075,39769.655167405166,651.6038050930761,5475938696.181547
1704150000000,39769.655167405166,40044.57224281446,39607.69612907004,39882.15505683314,911.9332618380158,5512308559.931655
1704150300000,39882.15505683314,40105.418316313924,39754.10193446787,39977.06047283139,619.8496521319696,5537088326.958998
1704150600000,39977.06047283139,40263.19804423686,39820.41284596256,40106.044999516664,758.3469284994137,5567502622.99864
1704150900000,40106.044999516664,40258.92744968706,40014.36531636252,40167.108180266965,978.4425414019521,5606803830.407308
1704151200000,40167.108180266965,40375.51440682338,40042.32348051012,40250.47072972967,754.8856568054908,5637188333.44085
1704151500000,40250.47072972967,40591.418663097764,40055.73942618411,40395.98337110626,901.5395289177866,5673606909.259408
1704151800000,40395.98337110626,40597.402719136415,40283.68252684365,40484.85481224437,803.102197656088,5706120385.130909
1704152100000,40484.85481224437,40806.24671723702,40299.22922232683,40620.001471439406,325.12936988638063,5719327140.614102
1704152400000,40620.001471439406,40761.78996873016,40529.71967810873,40671.393950755766,944.6503691462077,5757747387.923374
1704152700000,40671.393950755766,41046.43069731552,40462.009442152346,40836.19774566011,603.7800303461879,5782403468.637472
1704153000000,40836.19774566011,40986.2084983693,40741.644894321566,40891.52753546115,910.8054628249635,5819647695.300028
1704153300000,40891.52753546115,41129.58398866698,40751.55019199672,40989.27205222889,932.3968434353402,5857865963.176238
1704153600000,40989.27205222889,41134.86600576943,40892.85384541088,41038.332395333084,505.35744317564615,5866286087.763516
1704153900000,41038.332395333084,41233.11236865599,40933.36877891284,41127.919615279105,671.816422704132,5874579646.544862
1704154200000,41127.919615279105,41402.378363653355,40967.24203664957,41241.2579973272,418.9885543476681,5876960963.3876295
1704154500000,41241.2579973272,41399.494305922046,41136.53477523808,41294.63554314245,733.7972579761907,5890924445.107944
1704154800000,41294.63554314245,41495.29582836239,41167.671917906206,41368.10631143419,400.1824040899568,5888637004.4321575
1704155100000,41368.10631143419,41591.11098551202,41246.31177913552,41469.0193485775,478.7286957114078,5890701585.538065
1704155400000,41469.0193485775,41607.3022092788,41375.76112307399,41513.94295664619,930.8465965192181,5907749239.555046
1704155700000,41513.94295664619,41786.87145426061,41369.615171726604,41642.09812381857,609.2108485226702,5922892504.266207
1704156000000,41642.09812381857,41854.10575457984,41517.37979312517,41729.12677256762,747.2570916520085,5944933596.012763
1704156300000,41729.12677256762,41944.31826683837,41611.233340831284,41826.15072233516,891.7127475998191,5964147732.257575
1704156600000,41826.15072233516,41991.89911118501,41729.519427009145,41895.108502140894,638.2456427414513,5973967758.075184
1704156900000,41895.108502140894,42080.02627135508,41784.18134383902,41968.90372284129,702.3683511250515,5986220678.843601
1704157200000,41968.90372284129,42330.9238887764,41776.64950787891,42137.89554375621,984.5611392038039,6005016403.469863
1704157500000,42137.89554375621,42415.32262342607,41988.25469447431,42265.229583222856,696.1503118689893,6026092404.785683
1704157800000,42265.229583222856,42574.30832207433,42087.85473757633,42396.383063510344,334.33097554319994,6031327248.098609
1704158100000,42396.383063510344,42673.37399123562,42241.23442388153,42517.78109814539,932.9087036256078,6058574476.395966
1704158400000,42517.78109814539,42728.957993412085,42387.68508393354,42598.6146445105,724.9454987149861,6075407894.984567
1704158700000,42598.6146445105,42818.68407321147,42468.18545703867,42687.98126146024,734.6238141912129,6082770076.041274
1704159000000,42687.98126146024,42996.30533826833,42511.35677413964,42819.13818008754,761.4270782217276,6104824305.408389
1704159300000,42819.13818008754,43164.885451924994,42626.18472361597,42971.24655808732,932.3825928510776,6130661685.065057
1704159600000,42971.24655808732,43251.85602422052,42818.906126330956,43099.062463180584,608.5762331139681,6139505715.518697
1704159900000,43099.062463180584,43384.97513813635,42933.08786280054,43218.540427807275,363.09336302235323,6133929675.782721
1704160200000,43218.540427807275,43431.87583583444,43088.2926750484,43301.37843410417,422.94804931101464,6139112994.5225115
1704160500000,43301.37843410417,43461.68045382479,43202.95319103482,43363.1148820842,980.0427068479379,6157413818.157435
1704160800000,43363.1148820842,43646.95491616218,43193.313975001074,43476.709197449614,881.3308336971782,6176577021.834739
1704161100000,43476.709197449614,43684.803392640104,43346.91808073589,43554.77921333424,637.2934809116189,6188652214.670206
1704161400000,43554.77921333424,43903.00949678253,43357.13898286835,43704.689014729294,537.1006776613203,6194637440.192849
1704161700000,43704.689014729294,43883.44710654308,43585.77091855301,43764.36663079959,398.5299105041179,6188652856.749715
1704162000000,43764.36663079959,44162.020230145834,43539.018628045844,43935.789550103116,806.9516984528627,6198916156.351754
1704162300000,43935.789550103116,44344.002315022975,43702.25271538031,44109.54191484923,863.2113508143933,6228585360.092848
1704162600000,44109.54191484923,44346.61903454651,43965.81802348826,44202.591954505486,309.7430585706308,6220719719.881672
1704162900000,44202.591954505486,44467.49375085558,44053.853949667646,44318.366175499796,770.9798673116275,6240576411.607775
1704163200000,44318.366175499796,44626.851417864535,44144.41066009447,44452.36991983791,875.692110858742,6254729220.299606
1704163500000,44452.36991983791,44807.773334829115,44267.6864031485,44622.383473326154,463.6753315481082,6255044535.694166
1704163800000,44622.383473326154,44774.78245931681,44518.10383699786,44670.39063334739,692.9851675749152,6273659026.33382
1704164100000,44670.39063334739,45026.342495588164,44482.36646227677,44837.61445513049,344.25192881213684,6273757747.774715
1704164400000,44837.61445513049,45207.082031294805,44624.30173290262,44993.02992768082,511.53312217047517,6273591089.952201
1704164700000,44993.02992768082,45209.27032054823,44876.76587226826,45092.74858753952,962.3830730173623,6306197589.694365
1704165000000,45092.74858753952,45300.119834096164,44971.34082389428,45178.481243757305,368.0343990352751,6309882643.123682
1704165300000,45178.481243757305,45525.02741831158,44997.34311941551,45343.22875703443,617.5506298222248,6327523740.09572
1704165600000,45343.22875703443,45664.698803264204,45158.01874091745,45478.93448036549,962.1818600456024,6349740593.530613
1704165900000,45478.93448036549,45732.194197609315,45327.671224146914,45580.592825020816,408.1660316868845,6354903192.731107
1704166200000,45580.592825020816,45797.66756252298,45464.917659130384,45681.735714571114,642.5429264527302,6360929403.01707
1704166500000,45681.735714571114,45943.933999165645,45520.165432606525,45782.009063573765,322.90140079853285,6367017539.860258
1704166800000,45782.009063573765,46006.11376633372,45653.33286135381,45877.17010182341,965.3886188959989,6402099789.974568
1704167100000,45877.17010182341,46216.28896303095,45700.59969483381,46039.0953439765,779.9761858368997,6416703826.844902
1704167400000,46039.0953439765,46341.532416836046,45856.49821843572,46158.46186791468,551.0716888486226,6425922787.402437
1704167700000,46158.46186791468,46376.92610518221,46039.485028737465,46257.693489183854,385.5118033610846,6420392067.400388
1704168000000,46257.693489183854,46616.256689001515,46061.50849345212,46419.3859342263,763.9381166433845,6438464029.807557
1704168300000,46419.3859342263,46729.10796446697,46243.50409265062,46552.72092011034,314.95021831545944,6439806233.097182
1704168600000,46552.72092011034,46883.79642156465,46376.01649268165,46706.508249481616,388.14671971563,6442306882.127707
1704168900000,46706.508249481616,46965.974900810725,46570.36076125541,46829.468987255255,835.6101631220091,6469648375.87984
1704169200000,46829.468987255255,46996.85577953668,46735.09833496109,46902.33828118705,908.7867987386813,6500381740.872848
1704169500000,46902.33828118705,47099.94829138339,46794.793682030024,46992.19764941293,930.3717249422307,6524973325.020018
1704169800000,46992.19764941293,47137.90274542886,46890.49035779557,47036.10043307521,401.2815862243556,6520594417.222304
1704170100000,47036.10043307521,47183.11462955211,46950.87172315271,47097.774167745556,422.14798463097543,6520674028.351596
1704170400000,47097.774167745556,47382.2262961395,46950.323601884964,47234.34815356543,310.4022290614962,6510724838.08451
1704170700000,47234.34815356543,47567.90266622215,47056.39634637056,47389.366837947004,526.6400233734157,6513770564.280083
1704171000000,47389.366837947004,47537.46765050038,47309.14495768358,47457.13105730758,819.2026398679046,6543139648.965986
1704171300000,47457.13105730758,47744.956681673095,47287.45070967884,47574.855417106264,633.3721757962752,6557057538.651855
1704171600000,47574.855417106264,47921.77448546466,47382.29919207263,47728.596005103085,376.3378070026919,6549402088.885924
1704171900000,47728.596005103085,48022.203028059535,47550.16010208202,47843.33815538686,330.3555258294202,6551287705.531437
1704172200000,47843.33815538686,48213.13096165471,47629.116599481364,47998.21593076822,665.0158502991588,6571967979.809325
1704172500000,47998.21593076822,48280.35130477188,47824.781180119186,48106.52519395062,342.57778524615406,6575594598.505251
1704172800000,48106.52519395062,48362.317681998145,47962.39282430884,48217.85176586657,780.2682472435629,6597369247.685528
1704173100000,48217.85176586657,48506.47010621836,48042.60779769983,48330.81558000467,351.44350103651533,6605625648.254978
1704173400000,48330.81558000467,48483.07058039332,48232.2699366682,48384.41564750584,345.9775633240797,6596842730.685952
1704173700000,48384.41564750584,48594.247922623865,48256.390385100996,48466.006769942775,683.8495038338524,6619097819.601655
1704174000000,48466.006769942775,48711.34999585432,48309.70829405566,48554.76528181695,671.3897862019271,6636498028.693629
1704174300000,48554.76528181695,48814.838049101,48402.40407494931,48662.13990871824,369.42492317532935,6628580458.989574
1704174600000,48662.13990871824,49009.37661156558,48459.05566096297,48805.693265097274,755.6416654169138,6649272798.925368
1704174900000,48805.693265097274,49165.39160270451,48600.17813445401,48959.22994684877,450.51614642924784,6645221396.471189
1704175200000,48959.22994684877,48998.39733080624,48166.97168784886,48900.47887091255,1382.7948594916675,6702132074.573932
1704175500000,48900.47887091255,49204.36699382602,48856.46843992873,49145.392522798655,1808.1490126167025,6772487307.153617
1704175800000,49145.392522798655,49364.48570652162,49028.248788377015,49247.09954164226,598.7348043826706,6793042321.434138
1704176100000,49247.09954164226,49556.40642849138,49076.700932222746,49385.52884344184,406.8472473381066,6789545183.618223
1704176400000,49385.52884344184,49753.520658938396,49194.94613647178,49562.2559479328,882.2403219323982,6823905250.884416
1704176700000,49562.2559479328,49685.35450493416,49492.91642611542,49615.93987721384,817.157198942101,6844123512.635992
1704177000000,49615.93987721384,49980.42510812658,49412.501572563204,49776.32916552776,710.5255579176339,6855196927.505025
1704177300000,49776.32916552776,50052.82923549874,49623.44561476232,49899.56717020521,385.56189974819154,6855125592.126946
1704177600000,49899.56717020521,50133.83549572474,49757.653883776395,49991.66029843726,825.1989751760348,6878832337.628815
1704177900000,49991.66029843726,50383.8790463001,49769.29963392174,50160.766206285356,977.8790377180321,6906718272.952174
1704178200000,50160.766206285356,50450.52456985065,50000.49384888863,50289.839799911366,704.5429628728984,6921799529.229106
1704178500000,50289.839799911366,50480.880692840605,50169.55848950595,50360.43054619512,456.97140837529594,6922967335.253698
1704178800000,50360.43054619512,50530.85140409329,50244.70275058348,50414.99821249784,557.2927354307451,6924656892.733887
1704179100000,50414.99821249784,50766.94473234844,50216.91858950777,50568.26293501482,865.054959806641,6956494536.619964
1704179400000,50568.26293501482,50970.11454015985,50333.09741797937,50734.177444880814,872.8988016784688,6976472588.109151
1704179700000,50734.177444880814,51045.65250145827,50554.03474784049,50865.045130326456,318.3776820175084,6981757062.11137
1704180000000,50865.045130326456,51284.69582768039,50625.240896316114,51044.047682692566,487.21340760787746,6987226871.754662
1704180300000,51044.047682692566,51226.71712789974,50926.16203787102,51108.68221037512,516.2892821809371,7005453406.35822
1704180600000,51108.68221037512,51297.053523758055,51009.28480152153,51197.48341216631,908.9038945755067,7031522839.676262
1704180900000,51197.48341216631,51479.49314951751,51039.237986391076,51320.86636149459,399.31225790588803,7041794537.776607
1704181200000,51320.86636149459,51600.61376783359,51175.1062970187,51454.474234079345,822.2782334039947,7070933309.474118
1704181500000,51454.474234079345,51628.94199363904,51349.204191569705,51523.530669462525,538.627187238533,7086786954.431727
1704181800000,51523.530669462525,51764.160103448805,51375.888944623366,51616.25268179785,843.7849339767187,7113049249.415972
1704182100000,51616.25268179785,51878.36987375966,51477.56673937632,51739.35317683195,336.82617849786527,7120631237.426352
1704182400000,51739.35317683195,51906.874046900535,51631.300845297745,51798.69778024983,771.7780974291791,7152431712.150609
1704182700000,51798.69778024983,52004.093273824714,51670.34284195148,51875.54790423474,639.9631934236974,7172535663.57321
1704183000000,51875.54790423474,52109.23122801,51745.14576574863,51978.57011747518,828.4602005678595,7199326823.211289
1704183300000,51978.57011747518,52119.1718475064,51889.707769120636,52030.2211966806,498.2725290563145,7200329543.738055
1704183600000,52030.2211966806,52350.38321882308,51849.98691796932,52169.66589939363,766.9927911154448,7216280361.669859
1704183900000,52169.66589939363,52285.57473708537,52094.1512510417,52210.0017033863,719.5274698611154,7243237588.998102
1704184200000,52210.0017033863,52307.47356012811,52146.62317972361,52244.053700223005,447.8637854542186,7243248229.878733
1704184500000,52244.053700223005,52378.54405342071,52163.61604063996,52298.02329943855,529.6856491564888,7258723249.674316
1704184800000,52298.02329943855,52422.009739250054,52207.388710038045,52331.3174497406,422.9863613130896,7257703561.757788
1704185100000,52331.3174497406,52568.97922618591,52185.28649571182,52422.69328716223,650.1836425893492,7271635482.214738
1704185400000,52422.69328716223,52809.34748233839,52199.11228314085,52585.07393039604,350.45284761451046,7265215975.582079
1704185700000,52585.07393039604,52932.713346796016,52404.94695670614,52752.01452823783,313.119075609952,7256489819.323826
1704186000000,52752.01452823783,53170.828862214505,52510.449320813226,52928.455684801185,703.0314125157818,7279039519.954313
1704186300000,52928.455684801185,53227.26536347191,52751.429370783866,53049.83308646656,592.3857718904364,7285485764.987644
1704186600000,53049.83308646656,53158.40700885058,52989.60469241656,53098.12378952925,527.3377256118597,7289931663.515585
1704186900000,53098.12378952925,53463.12646790898,52890.92655698088,53255.315847221675,882.418139150195,7311982527.766332
1704187200000,53255.315847221675,53624.50430482451,53062.89825310617,53431.450316570816,891.1390518702879,7342361036.407832
1704187500000,53431.450316570816,53615.70888355508,53315.17314956791,53499.284097129836,666.7737801004421,7365297084.053085
1704187800000,53499.284097129836,53713.978705502406,53376.73247984283,53591.21649727929,537.6592968039247,7379419517.379279
1704188100000,53591.21649727929,53776.00553011009,53488.135027847966,53672.76719978258,657.3382991795038,7400926810.13084
1704188400000,53672.76719978258,53808.306238578865,53583.24639367191,53718.708806464376,934.1459121060353,7423616065.8210335
1704188700000,53718.708806464376,53943.443804552335,53577.63468255625,53802.15054896769,873.2640210673964,7459974518.53971
1704189000000,53802.15054896769,54145.22945149501,53617.87484646042,53960.41169474789,402.51095279438607,7454438335.637486
1704189300000,53960.41169474789,54126.82015300959,53852.366319775916,54018.658150681105,832.1507068828245,7482463577.045698
1704189600000,54018.658150681105,54305.50251368835,53864.28133193687,54150.74820237642,840.9936624732921,7507665060.235428
1704189900000,54150.74820237642,54422.34777620826,53985.182662149,54256.45902586502,831.9140047254239,7533012402.348154
1704190200000,54256.45902586502,54523.92600146141,54087.36790827326,54354.52924646718,695.1442483819594,7562318165.435954
1704190500000,54354.52924646718,54662.85757931367,54174.77417532999,54482.6787069642,904.9728123819913,7588935797.15284
1704190800000,54482.6787069642,54757.05631633223,54335.27819830138,54609.31320356739,347.8003809470293,7592223925.594779
1704191100000,54609.31320356739,54832.53961748145,54482.42864123337,54705.43172407637,492.2715672403114,7604117239.335452
1704191400000,54705.43172407637,54814.57966634943,54628.75748521814,54737.859976582586,517.2854954244176,7609650596.663021
1704191700000,54737.859976582586,54946.59309937706,54626.25002051173,54834.78551309419,882.187642164185,7641402582.926759
1704192000000,54834.78551309419,54972.41853573628,54732.08359474672,54869.65131605107,898.7053600192633,7679659111.532803
1704192300000,54869.65131605107,55160.34276238158,54702.31257272982,54992.62896791227,623.8981612490907,7691942410.895769
1704192600000,54992.62896791227,55281.68229599999,54816.656904021205,55105.349535207504,927.1137358897619,7728458686.898953
1704192900000,55105.349535207504,55360.47332664021,54945.639858934555,55200.487914528705,756.2862182540268,7755887104.420009
1704193200000,55200.487914528705,55390.275290015175,55084.398537996305,55274.031248187675,405.602753686947,7756593842.244785
1704193500000,55274.031248187675,55352.083837024125,55226.058012907626,55304.0845180199,929.3887837690414,7795098408.533373
1704193800000,55304.0845180199,55515.23525525457,55169.36886864253,55380.333869489245,653.1843010506702,7806645531.927379
1704194100000,55380.333869489245,55502.789308383406,55305.368137410565,55427.7593786417,606.4307920164631,7821259787.577308
1704194400000,55427.7593786417,55656.437485178896,55290.60565520993,55519.0578474205,411.12234558707894,7818934112.792222
1704194700000,55519.0578474205,55708.796161022794,55409.292094040546,55598.872607284065,586.1385780731242,7838314604.454681
1704195000000,55598.872607284065,55797.30223273671,55474.23536538086,55672.49993879022,852.4588520945654,7872144336.650362
1704195300000,55672.49993879022,55937.89019602455,55532.19309606557,55797.268908283084,366.15416326056607,7882409688.085458
1704195600000,55797.268908283084,56087.20939169539,55637.391968961696,55926.960843689674,806.6135585017232,7914871027.903431
1704195900000,55926.960843689674,56250.95926976883,55729.17793000909,56052.73157415923,911.2957634423772,7952262491.86092
1704196200000,56052.73157415923,56245.56891862317,55931.186271759245,56123.86936033786,398.9998664090225,7950592451.588237
1704196500000,56123.86936033786,56347.32093760843,55974.042673147545,56197.298226802275,788.9359739683166,7977465793.039514
1704196800000,56197.298226802275,56408.96224097099,56065.87627166584,56277.353071066536,956.6015396960325,8011922555.403839
1704197100000,56277.353071066536,56445.53289934237,56174.97605699137,56343.03639736569,854.1633705044804,8033893221.032341
1704197400000,56343.03639736569,56700.76877188573,56136.1580078526,56493.338508340865,880.2712810261252,8061130641.111699
1704197700000,56493.338508340865,56826.59038626944,56298.068072006026,56630.844656982306,668.4753378139218,8070604397.569972
1704198000000,56630.844656982306,56914.27718344687,56469.25192987269,56752.337782970964,553.2796674427492,8078300249.474656
1704198300000,56752.337782970964,56921.896566529314,56655.806953704945,56825.24173393377,449.9348628462302,8083664830.086276
1704198600000,56825.24173393377,57214.70196129242,56608.577787100425,56997.3816772682,458.5801325737211,8091056138.248997
1704198900000,56997.3816772682,57081.16355480018,56947.166848986875,57030.919179899596,891.0998720801183,8119720588.959814
1704199200000,57030.919179899596,57148.5631498032,56940.0371761343,57057.63856717909,884.5838786441892,8148204040.554452
1704199500000,57057.63856717909,57392.26862312187,56883.56967718744,57217.7113901264,535.7350603749971,8163955530.320074
1704199800000,57217.7113901264,57518.06561418437,57057.50916718524,57357.47207931298,563.7039095757673,8176052691.265176
1704200100000,57357.47207931298,57497.313058329324,57253.23782697409,57393.01421618323,839.7684696116919,8200780982.293009
1704200400000,57393.01421618323,57708.941053153925,57223.826670243565,57539.32220924819,606.3713835968426,8218144171.818179
1704200700000,57539.32220924819,57752.35662478862,57403.79165423305,57616.64394288924,466.2711410128475,8231662384.703606
1704201000000,57616.64394288924,57813.14931289493,57502.861159071814,57699.20348843023,823.9755626668054,8257897191.213184
1704201300000,57699.20348843023,57913.63422150748,57567.82532919265,57782.06738538027,516.6275275939527,8262556881.173938
1704201600000,57782.06738538027,58116.014589248254,57593.29152942125,57926.7659983085,884.5793749079952,8297308831.662381
1704201900000,57926.7659983085,58140.000564731046,57781.52255188033,57994.58706624701,989.1078554721041,8325388267.313067
1704202200000,57994.58706624701,58193.1268574904,57879.79569057782,58078.17004216084,567.3107039334973,8337646807.498416
1704202500000,58078.17004216084,58346.4448496967,57904.694527591244,58172.68701939214,871.8238677068681,8374576194.057715
1704202800000,58172.68701939214,58477.9852413439,58009.58881601259,58314.489467802894,475.002248112305,8385975649.4446335
1704203100000,58314.489467802894,58614.658568486186,58128.17055891366,58427.977058735516,688.1785217971019,8413498582.331302
1704203400000,58427.977058735516,58536.28569492885,58338.33997872225,58446.62001389006,895.8162336593451,8443355265.329813
1704203700000,58446.62001389006,58611.89270225903,58331.427302412885,58496.601482076934,490.95390971394966,8450799038.026297
1704204000000,58496.601482076934,58835.54181260713,58316.353760924016,58654.80660820329,606.2307921364866,8474259383.720117
1704204300000,58654.80660820329,59013.10129582176,58462.25078491672,58820.00315454246,615.7895931544963,8493129538.82605
1704204600000,58820.00315454246,58953.06645339014,58746.68544973891,58879.67436986651,337.27982101975215,8487397801.687967
1704204900000,58879.67436986651,59080.23222628106,58765.26148709304,58965.652274310836,996.1677458668039,8518979368.258206
1704205200000,58965.652274310836,59105.401380155454,58888.92484728186,59028.59205447525,951.5781333249672,8565485129.903243
1704205500000,59028.59205447525,59376.00713528318,58826.20967271238,59173.12920092565,853.9664462375232,8599182870.383757
1704205800000,59173.12920092565,59244.66995132061,59121.264797289994,59192.78831675037,880.8331082069758,8627902052.768133
1704206100000,59192.78831675037,59451.05877749039,59052.944054220345,59310.935389905004,793.8753227023562,8661335637.655256
1704206400000,59310.935389905004,59470.58744676478,59225.04472710504,59384.590121446876,355.4580398895049,8670374224.28192
1704206700000,59384.590121446876,59533.48279778753,59274.490854432275,59423.31174073628,684.1629718106848,8696926059.535334
1704207000000,59423.31174073628,59717.31556870692,59251.72657057395,59545.37793168384,377.8308022269669,8706379523.761454
1704207300000,59545.37793168384,59665.19471435378,59468.783468711794,59588.544725034095,333.4246126331959,8714338672.847607
1704207600000,59588.544725034095,59789.45612361197,59453.820448493854,59654.582541578544,619.979531645514,8739518506.506475
1704207900000,59654.582541578544,59751.53525458563,59567.75038600555,59664.68838911965,717.7173299732628,8757996508.839663
1704208200000,59664.68838911965,59721.0281384998,59600.84859563496,59657.181256232834,469.3566940946953,8760734018.512774
1704208500000,59657.181256232834,59728.92057033639,59599.98853774307,59671.71391953364,730.3667079431655,8780970928.690693
1704208800000,59671.71391953364,59775.87529557252,59598.770736089646,59702.89399735041,765.0599112194063,8798341726.484911
1704209100000,59702.89399735041,59790.110918888444,59618.4033572974,59705.61642609511,347.37552603619224,8787742372.725035
1704209400000,59705.61642609511,59915.86186825229,59576.43646356853,59786.50688991128,991.8320399175273,8827967882.14473
1704209700000,59786.50688991128,59997.279984089044,59661.22475876699,59871.81908195131,629.0945547109402,8848468543.818846
1704210000000,59871.81908195131,60153.27142754746,59690.014593778884,59971.16526852422,477.55518274844894,8865160021.392881
1704210300000,59971.16526852422,60052.571386034,59877.11061633899,59958.49954112476,541.361745214374,8869392338.240202
1704210600000,59958.49954112476,60247.06374644866,59785.786359440266,60074.01780914545,840.0509618769014,8893686938.740376
1704210900000,60074.01780914545,60341.10790039602,59922.62534271888,60189.42459744875,331.0349818066457,8885664585.283802
1704211200000,60189.42459744875,60237.5761371267,59215.43932861283,60117.19728793181,1850.8070924448705,8977356766.070213
1704211500000,60117.19728793181,60490.790812176725,60063.09181037267,60418.288865538074,2101.2283341304533,9075225061.365702
1704211800000,60418.288865538074,60610.49632928768,60291.00301038394,60483.0739884778,742.2150934308365,9090255670.741674
1704212100000,60483.0739884778,60754.1371279089,60339.3551407029,60610.11640411497,843.3332797923953,9117657021.201582
1704212400000,60610.11640411497,60768.11617674264,60514.433264172396,60672.33481470051,330.66439296138617,9108457949.300938
1704212700000,60672.33481470051,60716.577249516806,60642.62440133186,60686.85972349878,953.3596859652781,9138230683.268974
1704213000000,60686.85972349878,60913.77741830004,60531.40743688,60758.142537352585,680.12148835793,9153636305.654005
1704213300000,60758.142537352585,60870.91823232229,60668.234635907895,60780.97654186857,433.77240151373763,9148369305.391403
1704213600000,60780.97654186857,60932.11563268273,60670.88982091365,60821.9546919566,906.0587939546404,9182381157.93399
1704213900000,60821.9546919566,60914.57032806444,60765.03887837468,60857.62113862606,557.6134220202712,9191524803.760876
1704214200000,60857.62113862606,61197.95615006745,60654.45450668545,60994.333119860625,926.2462464685373,9235957608.049398
1704214500000,60994.333119860625,61166.36036808957,60866.63139449404,61038.56603380116,647.3422585759158,9258452959.28326
1704214800000,61038.56603380116,61246.209159491234,60894.86455435773,61102.357497494304,663.4930974744593,9276714931.952583
1704215100000,61102.357497494304,61405.7174138686,60918.09050869871,61221.09235517871,355.2489042388275,9280794435.089771
1704215400000,61221.09235517871,61457.33498940194,61066.74512544285,61302.78180873691,681.8320781412459,9306724053.24512
1704215700000,61302.78180873691,61379.534483436764,61255.34145820073,61332.071466528985,762.6434550206957,9340691531.36776
1704216000000,61332.071466528985,61440.340185891226,61249.64522203905,61357.879257438515,598.2812510181318,9363025933.153643
1704216300000,61357.879257438515,61587.399355085174,61224.145473717435,61453.45725244779,329.64861399509067,9356233634.36209
1704216600000,61453.45725244779,61748.43150085362,61286.99877403836,61581.62585320074,998.7054184411344,9400980535.399336
1704216900000,61581.62585320074,61701.647375404704,61479.26057594204,61599.25279740887,963.5330650221604,9444867641.5806
1704217200000,61599.25279740887,61678.73348613816,61499.76147849384,61579.216314418176,554.3177914556876,9456275335.18916
1704217500000,61579.216314418176,61868.659867799135,61403.39581844099,61692.51587979055,966.9525773957255,9492709138.196966
1704217800000,61692.51587979055,61758.96847263525,61616.93827813662,61683.381031305325,846.9183788204266,9514187538.799322
1704218100000,61683.381031305325,61730.61442233492,61606.25045382996,61653.46093386412,844.9607614548057,9542446204.513254
1704218400000,61653.46093386412,61755.3686000775,61582.19686505527,61684.06915180873,697.0712492068836,9570839335.585474
1704218700000,61684.06915180873,61894.83388911495,61547.46792692535,61758.068789809346,964.1764704858896,9608766959.996674
1704219000000,61758.068789809346,61887.20833942324,61659.07135419986,61788.162663698735,701.7452448337269,9640096315.49842
1704219300000,61788.162663698735,61947.08988543118,61687.81145116014,61846.64369285219,754.692515694222,9672904931.51188
1704219600000,61846.64369285219,61879.0323476489,61820.056097921544,61852.44225994026,814.9724016355993,9689084201.835411
1704219900000,61852.44225994026,61996.14611163784,61760.081697897236,61903.708996036265,693.170897531753,9707060335.571775
1704220200000,61903.708996036265,61948.28425359855,61865.56523526333,61910.136532313234,612.3911786839313,9721982101.49285
1704220500000,61910.136532313234,62228.22479240584,61734.49481836138,62052.1800947721,941.535236679317,9749183617.664019
1704220800000,62052.1800947721,62168.7879888129,61983.13140949792,62099.68644075891,896.9784032690259,9779357500.42343
1704221100000,62099.68644075891,62257.99565478718,61980.87496562075,62139.108755381654,611.5778349197185,9783797165.486517
1704221400000,62139.108755381654,62231.668778257714,62017.309521714706,62109.82592601609,891.8648532822896,9812589664.181143
1704221700000,62109.82592601609,62174.339619896244,62058.416400540125,62122.919256812645,345.4573548212498,9821730748.894655
1704222000000,62122.919256812645,62309.40305034269,61990.29916411544,62176.668214297795,895.9534355271882,9852405222.982508
1704222300000,62176.668214297795,62427.73169784254,62010.43713720454,62261.27442366097,746.3900157948115,9871022467.241276
1704222600000,62261.27442366097,62510.34073027099,62111.62886714572,62360.456788013595,384.9537185549198,9867570642.959675
1704222900000,62360.456788013595,62395.70392614647,62312.834112128374,62348.07425145144,853.2611425654244,9894748974.688816
1704223200000,62348.07425145144,62447.88832703272,62202.439791031684,62302.18039436905,558.2378158508545,9908382743.395721
1704223500000,62302.18039436905,62553.32138756627,62149.87891065753,62400.77887385191,728.3638538343646,9920631248.940416
1704223800000,62400.77887385191,62472.813028373515,62292.39271108681,62364.384853111755,999.7165307540708,9968163666.585068
1704224100000,62364.384853111755,62578.674139407296,62231.41946957765,62445.53573631509,838.4151852622886,9995608036.353592
1704224400000,62445.53573631509,62663.707612212136,62327.53646945044,62545.519412698064,980.6658120596361,10028999236.085794
1704224700000,62545.519412698064,62722.58804017907,62433.90251146431,62610.85454378483,776.0762934547067,10054280909.754267
1704225000000,62610.85454378483,62706.58079201334,62523.75442472367,62619.468689516965,846.1840501868159,10095486867.504902
1704225300000,62619.468689516965,62772.2294362364,62530.03486594347,62682.70529743419,976.3852297538748,10139574209.618385
1704225600000,62682.70529743419,62810.76450391525,62578.17546448817,62706.19549865211,338.78899501244393,10128901030.670673
1704225900000,62706.19549865211,62765.63087761797,62611.41353580836,62670.81538011731,415.25995592308686,10118780671.468918
1704226200000,62670.81538011731,62738.91034565998,62603.82875363524,62671.922535778234,542.2161576393112,10140861664.580013
1704226500000,62671.922535778234,62985.11115401735,62475.59146479749,62788.41514897069,892.1535943091059,10169370724.98339
1704226800000,62788.41514897069,62862.99761403832,62699.67381426668,62774.23944088967,685.5889908381978,10186488845.209349
1704227100000,62774.23944088967,62848.25782432114,62661.61459851431,62735.58740654535,673.4346208378663,10215410058.54161
1704227400000,62735.58740654535,62823.94630005424,62678.800993956946,62767.13133482768,959.1248915080171,10247384932.166912
1704227700000,62767.13133482768,62864.20020704986,62635.217115504434,62732.23201620636,804.4429379060911,10268914688.529263
1704228000000,62732.23201620636,62906.555295145365,62607.1338646418,62781.35917612929,694.532624101907,10280432320.069555
1704228300000,62781.35917612929,62975.72034918205,62676.9063265209,62871.11816254063,331.8232623039394,10282048265.210094
1704228600000,62871.11816254063,63036.024187928255,62760.668436234606,62925.47896251779,755.7909842399199,10307995571.430391
1704228900000,62925.47896251779,63124.14178426058,62804.20107954992,63002.71504222339,747.2938345462094,10326815221.549553
1704229200000,63002.71504222339,63114.03947996648,62917.06215727989,63028.351741647784,502.77015976112403,10342430220.214155
1704229500000,63028.351741647784,63300.76233503608,62867.7221567436,63139.84859715751,863.2817079510131,10369384179.069048
1704229800000,63139.84859715751,63293.83604535262,63045.31737199942,63199.215937064466,351.08111785374206,10365925912.583258
1704230100000,63199.215937064466,63305.15578782588,63033.41585747361,63139.25519699037,638.9757910751514,10376602451.847626
1704230400000,63139.25519699037,63231.32520104612,63013.75674922337,63105.77793655655,518.8077494728532,10381989380.530966
1704230700000,63105.77793655655,63300.21577241273,62974.514659612294,63168.82136188817,902.5441560280277,10413134009.63318
1704231000000,63168.82136188817,63413.481487491124,63035.33542757371,63279.76111952914,559.3781386352039,10410903576.914675
1704231300000,63279.76111952914,63380.123222796734,63211.15314083003,63311.480853531095,626.5307969284455,10436054858.46568
1704231600000,63311.480853531095,63367.99261541962,63229.97728741386,63286.46672171437,367.7681567924,10428779778.876335
1704231900000,63286.46672171437,63349.8596476464,63201.53354410024,63264.90487191155,730.764210914778,10441224019.181808
1704232200000,63264.90487191155,63373.640205140844,63125.83173485249,63234.514835794216,411.7897634911127,10440952701.505268
1704232500000,63234.514835794216,63307.23011822461,63145.58555181854,63218.28216781274,518.9004446035912,10448546106.823252
1704232800000,63218.28216781274,63399.897406144126,63102.3131266314,63283.80816260158,660.3073874620391,10471295584.204681
1704233100000,63283.80816260158,63348.96292318453,63233.19284126981,63298.335982288736,316.22340875144573,10454376168.797726
1704233400000,63298.335982288736,63546.49462234996,63148.84678996055,63396.77295529142,976.6806413867328,10496963966.903622
1704233700000,63396.77295529142,63477.44375865884,63275.00995035468,63355.62839830538,335.3782832395243,10479348947.521473
1704234000000,63355.62839830538,63457.74643058802,63264.70113505498,63366.803129493,757.9820258227319,10500982663.75183
1704234300000,63366.803129493,63431.6455791187,63307.64284814465,63372.479997753515,893.0206557754275,10530990659.273693
1704234600000,63372.479997753515,63455.00439616145,63287.2173571461,63369.73818513298,809.2556443515743,10565350614.37898
1704234900000,63369.73818513298,63529.67709399737,63269.56530792083,63429.40988964265,580.4071347103296,10583954705.498823
1704235200000,63429.40988964265,63500.953902798894,63379.89541119492,63451.4222409957,687.2560486348061,10595184096.437733
1704235500000,63451.4222409957,63575.9268038845,63253.6423400223,63378.00283915001,835.0828802950678,10625557415.937088
1704235800000,63378.00283915001,63500.9133057748,63220.14931592203,63342.9918849716,776.2790480832025,10635593146.88039
1704236100000,63342.9918849716,63496.22683139531,63123.46893412396,63276.54313236159,575.732598910025,10646109456.873705
1704236400000,63276.54313236159,63437.208578338665,63177.05708661234,63337.626494754775,957.2639968687628,10670370422.614147
1704236700000,63337.626494754775,63470.8404669314,63257.154496232186,63390.30154347528,656.3857613576274,10687199146.928106
1704237000000,63390.30154347528,63413.15937860544,63370.81103736585,63393.66783746744,395.9254614972643,10681884018.083017
1704237300000,63393.66783746744,63471.66670795608,63286.423712596225,63364.3865557184,619.8919914980117,10681861886.446424
1704237600000,63364.3865557184,63459.861321713,63290.72657630461,63386.17601244089,529.5760933455683,10685045186.877665
1704237900000,63386.17601244089,63455.65273105543,63338.927083842646,63408.38724589785,993.4310162927981,10711618469.642286
1704238200000,63408.38724589785,63534.60493603362,63327.582081008106,63453.74197285646,535.4614165061748,10713082024.330187
1704238500000,63453.74197285646,63629.96380484505,63339.07382707955,63515.18462519061,796.1178645048064,10750440841.99443
1704238800000,63515.18462519061,63630.14520238208,63360.21398136385,63475.10201022569,557.8504669060387,10747430209.97847
1704239100000,63475.10201022569,63623.05975895274,63357.4842067642,63505.38584029867,708.5914992941505,10767773505.830202
1704239400000,63505.38584029867,63679.143427629715,63384.5695753325,63558.22663532389,781.6305558419401,10780208331.180943
1704239700000,63558.22663532389,63701.97213025867,63319.85871210763,63463.38972057905,976.9494873204357,10803990589.355867
1704240000000,63463.38972057905,63632.100319267985,63343.17920529364,63511.79811021256,704.3440771049279,10827985721.449581
1704240300000,63511.79811021256,63640.71809033381,63418.77682350686,63547.64430221887,419.35844322266155,10827004550.805426
1704240600000,63547.64430221887,63642.38461356533,63470.30030547757,63565.01946946454,888.816987470785,10866222604.851017
1704240900000,63565.01946946454,63704.92950533765,63350.00258251482,63489.74693949006,322.0993593394696,10856370721.334167
1704241200000,63489.74693949006,63663.72418842165,63392.28163507442,63566.14160791069,313.2561572546288,10859728418.349407
1704241500000,63566.14160791069,63635.79968891328,63451.13949932377,63520.74783618666,783.3501826429679,10889634998.223326
1704241800000,63520.74783618666,63620.33977135366,63393.38391071384,63492.93223478264,944.3646649280474,10910952367.389238
1704242100000,63492.93223478264,63680.622776496326,63364.76534732411,63552.335976593626,343.5969002101024,10907419935.09963
1704242400000,63552.335976593626,63662.3602569635,63360.95144100371,63470.83462305462,527.5346740982384,10909720615.248001
1704242700000,63470.83462305462,63558.63150477021,63400.58731560164,63488.36479553335,519.626819116472,10905413960.515474
1704243000000,63488.36479553335,63647.04080025043,63253.392748732615,63411.87758953645,539.6289123772923,10912893472.597246
1704243300000,63411.87758953645,63526.121192935374,63254.89388434717,63369.060347686805,804.6471929291049,10934405579.418228
1704243600000,63369.060347686805,63457.03594263945,63292.3817029659,63380.34364475842,727.053606055126,10938999152.37795
1704243900000,63380.34364475842,63487.11901316675,63198.34527796284,63304.993706108704,690.6606555651829,10953298468.075987
1704244200000,63304.993706108704,63461.50283402114,63078.71748330587,63235.05369832496,508.33019569383555,10971268331.18804
1704244500000,63235.05369832496,63321.99477182494,63089.62774987042,63176.48830255037,793.4917818181377,10981733147.414934
1704244800000,63176.48830255037,63269.632686764344,63029.35793523622,63122.422607582695,953.5902623395605,11011044401.010775
1704245100000,63122.422607582695,63227.20035721889,63053.38423229881,63158.1229357047,385.31187401290055,11004020368.103851
1704245400000,63158.1229357047,63224.237138303404,63104.36681361724,63170.47050675959,986.1123761249536,11033709899.599768
1704245700000,63170.47050675959,63332.23963227189,63047.124481498715,63208.81872865868,863.2310837695992,11048208074.410831
1704246000000,63208.81872865868,63305.88015381347,63049.250701782206,63146.21599619837,799.8989012488767,11072489598.119629
1704246300000,63146.21599619837,63245.17958836308,62994.52207747042,63093.402900246554,479.5107828314375,11087051199.946976
1704246600000,63093.402900246554,63149.831504541515,63008.48886128093,63064.89196636151,677.0045465960569,11111432184.99761
1704246900000,63064.89196636151,63243.34820502381,62943.06957142714,63121.41662146416,396.0910683606461,11093936309.857246
1704247200000,63121.41662146416,63171.91375476133,62099.985857695625,63045.6709215184,1669.4643988566522,11160871448.599356
1704247500000,63045.6709215184,63437.46321142084,62988.92981768904,63361.42949602561,2002.8505684037937,11260017746.825144
1704247800000,63361.42949602561,63444.81742548175,63255.8604494654,63339.21914860116,336.7437747876239,11257873016.486557
1704248100000,63339.21914860116,63451.84771288389,63181.23493701902,63293.782707107566,370.38143334414355,11263874449.330746
1704248400000,63293.782707107566,63350.07180673773,63259.11792538513,63315.39518827698,685.2467960457317,11271807061.02356
1704248700000,63315.39518827698,63460.722127779525,63220.9799783277,63366.23111186892,954.5224690173061,11294215695.136662
1704249000000,63366.23111186892,63496.02682799878,63276.87263467923,63406.61140688789,439.6191822673212,11308399011.764961
1704249300000,63406.61140688789,63555.440883325144,63313.67841699089,63462.42608768185,752.1285425231889,11321962345.729818
1704249600000,63462.42608768185,63570.6740046548,63398.57176138693,63506.77505552338,701.8933472227613,11327610738.997087
1704249900000,63506.77505552338,63602.08392892704,63384.007381005664,63479.274983207804,955.6685658254382,11367585588.228466
1704250200000,63479.274983207804,63592.66765324027,63409.58689300303,63522.93163638879,917.5714812153832,11394916500.562523
1704250500000,63522.93163638879,63703.439089056155,63245.00042584504,63425.23024918909,998.0202621619569,11442780730.223988
1704250800000,63425.23024918909,63531.93239833862,63262.30953977301,63368.91695138864,955.626121344434,11480322297.469225
1704251100000,63368.91695138864,63552.76074199441,63235.50185879896,63419.2397013364,913.7202175425464,11494873241.009037
1704251400000,63419.2397013364,63606.92393173694,63100.16872316878,63287.46297074419,375.1104835414766,11501985796.652233
1704251700000,63287.46297074419,63426.8526367777,63200.6698967677,63339.987530083345,992.3696290621064,11536840737.10518
1704252000000,63339.987530083345,63422.02516928774,63226.16276096186,63308.15917623945,956.9923512186107,11553667155.435362
1704252300000,63308.15917623945,63407.99530907272,63234.147651630876,63333.953629002346,434.96797879166684,11562610947.53893
1704252600000,63333.953629002346,63474.30814923614,63078.516665072755,63218.61558440076,621.2401297226528,11572532412.333988
1704252900000,63218.61558440076,63333.92536273004,63014.926744317956,63130.075026036415,815.6325268445798,11609240280.089363
1704253200000,63130.075026036415,63209.29858236724,63062.65009159672,63141.86106006713,830.0979251802928,11617364910.063892
1704253500000,63141.86106006713,63324.956346204,62853.47548323723,63036.26456648615,927.9299332487826,11639948748.849548
1704253800000,63036.26456648615,63121.76802190312,62967.72960587046,63053.214632655516,360.71643889384916,11637256458.356441
1704254100000,63053.214632655516,63093.52098701585,62999.20259221124,63039.500179697374,398.4283129440089,11644540293.225533
1704254400000,63039.500179697374,63150.78373365204,62848.44615657462,62959.588642789146,482.5496939458107,11639459885.18973
1704254700000,62959.588642789146,63126.402630980134,62695.75776767322,62862.31402280623,967.8243758584388,11685637775.4069
1704255000000,62862.31402280623,63014.839493687934,62624.573290309476,62776.89149693142,308.0050139359176,11686844394.780859
1704255300000,62776.89149693142,62861.52047552409,62672.4035562382,62757.00572699828,343.48703226037526,11669269432.212217
1704255600000,62757.00572699828,62914.17342156302,62478.63114664906,62635.49453041359,583.791629077878,11663211283.742308
1704255900000,62635.49453041359,62765.18250502616,62456.02837870279,62585.61307281514,792.4899245715792,11669089539.539738
1704256200000,62585.61307281514,62693.56844372648,62391.18711018122,62498.99306824409,941.2912700954447,11709044575.113039
1704256500000,62498.99306824409,62647.88995366849,62260.01039383652,62408.69214738107,453.39002065474074,11717457822.889257
1704256800000,62408.69214738107,62553.85678848863,62142.598676673115,62287.48137760073,823.4143860055996,11754084584.168497
1704257100000,62287.48137760073,62364.57156543179,62176.88239304721,62253.93105727774,684.4641561728554,11771738031.298872
1704257400000,62253.93105727774,62366.06904023052,62082.36821960112,62194.39896742249,764.8661075377647,11780431412.105032
1704257700000,62194.39896742249,62332.67992656907,61948.98381467964,62087.02604443865,828.3176848074057,11801726604.086012
1704258000000,62087.02604443865,62133.47852282176,62054.544905009636,62100.99007803845,612.7235842475384,11821815270.16007
1704258300000,62100.99007803845,62137.613600724966,62045.99437955435,62082.60706101531,694.9181055914323,11849152286.715332
1704258600000,62082.60706101531,62274.56732185003,61752.33145189592,61943.862713330775,653.840939264817,11857734145.713465
1704258900000,61943.862713330775,62011.66573781402,61831.832822570126,61899.58738379775,529.6823464195445,11874041037.544483
1704259200000,61899.58738379775,61975.35650371671,61769.13033635005,61844.83243264841,443.7810398775531,11863863742.909294
1704259500000,61844.83243264841,61907.789774748315,61738.08046771277,61800.99318194975,657.2627478229842,11887497682.470865
1704259800000,61800.99318194975,61849.75497109487,61749.459071211284,61798.21867123128,659.2734902411491,11911499687.556349
1704260100000,61798.21867123128,61883.654470635636,61644.0834605712,61729.42415181731,623.6648140172465,11916854702.70695
1704260400000,61729.42415181731,61800.00571027882,61654.189441632545,61724.76567357986,577.1640969672802,11919880847.865814
1704260700000,61724.76567357986,61796.020123127244,61649.84749021465,61721.09770549651,704.8178855413248,11945405974.146566
1704261000000,61721.09770549651,61906.19240221564,61389.21170628047,61573.86486812102,344.63193847845827,11929746679.215012
1704261300000,61573.86486812102,61710.520488565366,61464.876589334686,61601.48332397379,348.31340231221964,11929146377.851267
1704261600000,61601.48332397379,61647.57717345497,61571.10717517141,61617.19327795764,586.2068550734738,11897647468.131813
1704261900000,61617.19327795764,61701.659111233734,61517.23210330804,61601.67666616471,984.8332994468707,11869452657.649652
1704262200000,61601.67666616471,61684.09565212355,61480.28524228219,61562.652015829255,994.9996190066153,11901221520.43996
1704262500000,61562.652015829255,61727.61629233756,61309.51625097495,61474.243626936695,934.7371180672008,11938591411.294874
1704262800000,61474.243626936695,61627.20283137924,61231.20914819242,61383.94366976299,763.2547766878276,11941717178.869558
1704263100000,61383.94366976299,61505.14512050424,61202.077375929286,61323.15880809602,543.4389209974051,11934498547.671438
1704263400000,61323.15880809602,61502.816768512916,61016.01776756177,61195.3011444196,670.1897776808065,11940143658.8891
1704263700000,61195.3011444196,61251.37325862714,61111.77426938412,61167.821204234504,302.43130646143544,11939403351.054539
1704264000000,61167.821204234504,61359.56062586477,60818.97021960233,61010.21560358142,771.449900443597,11945216608.962345
1704264300000,61010.21560358142,61123.81363155444,60834.28193414357,60947.76367969853,876.3523061630491,11949577160.429527
1704264600000,60947.76367969853,61102.6889687231,60675.718318823696,60830.34513747804,492.95480945658915,11944132418.890919
1704264900000,60830.34513747804,60911.3916810633,60757.281545481645,60838.31851221185,378.9912471365341,11944176332.22447
1704265200000,60838.31851221185,60897.200683434705,60763.344494675825,60822.21107636861,836.2374272597324,11966942229.274643
1704265500000,60822.21107636861,60838.79706118454,60802.346377603324,60818.9314680826,444.2571352951499,11950217146.879623
1704265800000,60818.9314680826,60980.39064240368,60511.01723036973,60672.086567911996,718.4494277120868,11949521170.056658
1704266100000,60672.086567911996,60725.3338050589,60581.30343501661,60634.51770085024,818.3787549359031,11982948875.99451
1704266400000,60634.51770085024,60756.71819283203,60419.48195383965,60541.49497136398,452.0884471242874,11985449642.033113
1704266700000,60541.49497136398,60567.4874280976,60505.72320478912,60531.71146113975,652.7270942586542,11998573465.314037
1704267000000,60531.71146113975,60717.89147959312,60231.06803875395,60416.89491094864,812.0622381812128,12001102152.153599
1704267300000,60416.89491094864,60582.26435858496,60141.88950232798,60306.95803744516,770.7723310058395,12027092035.751497
1704267600000,60306.95803744516,60450.982415898565,60053.07186505275,60196.833244752175,400.2823039143301,12008877868.677124
1704267900000,60196.833244752175,60274.14742484979,60070.27486721972,60147.525718887424,510.3506676301937,12011822224.182972
1704268200000,60147.525718887424,60386.11456271455,59751.46604363393,59989.427755925,915.799723674718,12023207509.184015
1704268500000,59989.427755925,60051.7823499551,59921.78551937786,59984.13461157407,599.0404076061805,12041713261.023132
1704268800000,59984.13461157407,60146.95568885908,59740.69509644711,59903.29674724142,959.1104868823383,12059190040.710087
1704269100000,59903.29674724142,60021.60337346569,59735.24932770316,59853.457523444624,523.1141201214185,12057301788.181292
1704269400000,59853.457523444624,59972.420572296316,59638.410898290495,59757.18259379967,563.5221319549923,12047914106.491419
1704269700000,59757.18259379967,59839.28164778509,59638.941026786124,59720.99035706858,894.5386525820284,12075411610.833265
1704270000000,59720.99035706858,59901.775394768956,59422.4307094632,59602.85814195921,864.0433119544208,12086897304.124456
1704270300000,59602.85814195921,59663.78701816843,59533.1537131053,59594.0736093475,977.4503319826387,12107581020.73103
1704270600000,59594.0736093475,59688.94405274245,59425.95768585457,59520.711340606926,470.00096126271,12112157592.6185
1704270900000,59520.711340606926,59715.94940407998,59188.78007925048,59383.568290176714,945.5582731578556,12140606704.483946
1704271200000,59383.568290176714,59424.83302065023,59319.520396029984,59360.76928382379,807.2092986150413,12166387835.872005
1704271500000,59360.76928382379,59532.15485810392,59049.39892513552,59220.3791670543,771.5703444442049,12177996146.548256
1704271800000,59220.3791670543,59361.74755993178,59011.73081109825,59152.93821177005,431.71430575292874,12185104727.300669
1704272100000,59152.93821177005,59256.024779611056,59010.07883702224,59113.09597129072,691.1953333907691,12209445761.352661
1704272400000,59113.09597129072,59277.124806523905,58858.788873440004,59022.56650472742,533.0750175731749,12203698850.067019
1704272700000,59022.56650472742,59041.92283110157,58996.746527350966,59016.100733288986,956.0118342415734,12228692974.45725
1704273000000,59016.100733288986,59042.42592436313,58983.56459660032,59009.8870159343,999.7004049124682,12259684538.567492
1704273300000,59009.8870159343,59131.25482997431,58796.32185725712,58917.49965479934,723.0810738551468,12255293210.776983
1704273600000,58917.49965479934,59135.365869664216,58558.77388673292,58776.117295306074,686.4555047834701,12248025548.068983
1704273900000,58776.117295306074,58855.71357797043,58655.584049812904,58735.124819305296,673.5550891913841,12251914970.415207
1704274200000,58735.124819305296,58880.24709935193,58475.34670239236,58620.18499002142,658.9715780166414,12261730190.444914
1704274500000,58620.18499002142,58729.914147766285,58419.557699120676,58529.116388605646,986.9229197926037,12284212751.380674
1704274800000,58529.116388605646,58696.228530817374,58265.85171681593,58432.68853854469,940.0313492282423,12288960198.191423
1704275100000,58432.68853854469,58587.60319536145,58163.87299855315,58318.484882716584,693.767309225048,12282436174.196121
1704275400000,58318.484882716584,58481.09838807663,58015.52598790973,58177.74706417882,482.54187693683866,12288789716.735996
1704275700000,58177.74706417882,58246.29517984908,58092.73767747395,58161.2663747194,592.3046514886215,12278287240.78126
1704276000000,58161.2663747194,58349.51003671077,57819.93086643816,58007.677425321606,565.8878423188079,12265572644.141016
1704276300000,58007.677425321606,58089.31860437856,57890.802244823084,57972.393764942426,758.2255762847153,12264392087.701616
1704276600000,57972.393764942426,58063.579522093205,57819.615180161316,57910.703904288486,875.1143577846494,12277286337.778484
1704276900000,57910.703904288486,57980.164281933525,57827.97439746255,57897.41884047916,643.4169078065477,12265233173.00326
1704277200000,57897.41884047916,58116.75826560017,57526.12974781435,57744.89133551318,418.4859976021272,12270405461.52477
1704277500000,57744.89133551318,57847.350724515214,57585.46013063536,57687.818252268065,941.8295727860567,12297807626.132896
1704277800000,57687.818252268065,57832.221025238934,57455.201145323066,57599.38254814523,341.1124361065111,12289140390.815666
1704278100000,57599.38254814523,57846.140422259465,57176.66682533953,57422.66764631237,961.6316778406288,12295985276.910099
1704278400000,57422.66764631237,57554.2823308622,57223.74588568775,57355.205945752125,588.6745556909149,12280437177.546652
1704278700000,57355.205945752125,57420.562678679526,57251.93546524109,57317.24894585226,795.0186945924219,12291695661.88588
1704279000000,57317.24894585226,57545.30122484321,56908.11585861663,57135.44478024028,561.2404848807682,12272673460.143122
1704279300000,57135.44478024028,57270.042034884886,56923.57422056472,57057.98900819056,731.5635527590366,12272667637.044584
1704279600000,57057.98900819056,57203.758260065566,56811.52320438734,56957.034542213245,304.6286498945112,12267599082.297531
1704279900000,56957.034542213245,57058.87171675834,56765.721860841295,56867.39876977782,670.5923527891555,12254334929.187893
1704280200000,56867.39876977782,57082.76147131084,56515.270809028065,56730.11359746096,311.999818321699,12235861149.653173
1704280500000,56730.11359746096,56833.21139942565,56581.23292981507,56684.24737734633,864.3173892632002,12251241230.339024
1704280800000,56684.24737734633,56732.80505092067,56605.77390340817,56654.30592810852,367.41972317598595,12249232014.45284
1704281100000,56654.30592810852,56838.47032848859,56310.87592968184,56494.52092188314,668.5191897801514,12254411041.674055
1704281400000,56494.52092188314,56570.88126188264,56371.285449711955,56447.58234558295,577.82749574865,12239569491.430813
1704281700000,56447.58234558295,56608.68196214043,56164.52480798157,56325.27536427869,695.5015277135783,12258313404.186218
1704282000000,56325.27536427869,56370.08539659048,56262.200663240044,56306.99615337647,778.8291378292698,12257055488.551794
1704282300000,56306.99615337647,56405.2738851932,56165.948742888395,56264.151694366265,900.753411314831,12256654998.312325
1704282600000,56264.151694366265,56339.94941545105,56130.20040326525,56205.91967556538,565.4848155678711,12266045176.056751
1704282900000,56205.91967556538,56314.51694910519,56003.931894665635,56112.34837607422,306.61512085789144,12238914000.32475
1704283200000,56112.34837607422,56157.23825477507,55204.33835465258,56045.013558022925,1599.8867144902335,12274744670.331858
1704283500000,56045.013558022925,56393.30082150284,55994.5730458207,56325.709969539384,2105.9386797111,12345237003.74527
1704283800000,56325.709969539384,56488.04226164924,56070.5690460547,56232.63308795451,366.753284829511,12316131043.18671
1704284100000,56232.63308795451,56346.535767519745,56019.1477325716,56132.84829185486,447.99193911918303,12303421783.728497
1704284400000,56132.84829185486,56246.71737486097,55976.20877594961,56089.99092002819,632.8502013516913,12307518431.20089
1704284700000,56089.99092002819,56287.77511985349,55711.284959778495,55908.42893679428,947.9093670566463,12334946897.341736
1704285000000,55908.42893679428,55995.85251777303,55782.62950405702,55869.992983030046,323.0312461074303,12326856783.94914
1704285300000,55869.992983030046,55936.2095931789,55769.85831752632,55836.03468060241,973.028432913204,12330366588.488674
1704285600000,55836.03468060241,55989.26763851403,55591.39101195726,55744.37241762732,798.8979799645517,12324428387.777475
1704285900000,55744.37241762732,55884.22111553167,55481.28045907381,55620.819192817435,413.7151755002941,12316786030.685194
1704286200000,55620.819192817435,55837.73974578165,55254.3963283074,55470.73154116223,572.4096251571511,12316205380.079372
1704286500000,55470.73154116223,55544.883317692846,55355.658466372224,55429.75546719328,828.9264851646246,12313955728.737602
1704286800000,55429.75546719328,55673.81185064291,55019.21423327681,55262.534344627355,806.9144990660204,12323657670.53617
1704287100000,55262.534344627355,55445.552796851305,54972.51777247557,55155.18069088658,337.58750236317553,12315412391.915413
1704287400000,55155.18069088658,55339.86232462529,54852.75274866313,55037.038796023866,538.4149225325741,12297502421.235392
1704287700000,55037.038796023866,55174.64635689665,54836.05303632215,54973.50173727312,577.6921345162716,12299408374.183256
1704288000000,54973.50173727312,55049.61175554805,54834.31819797172,54910.340770801835,491.3289200401581,12275146590.155985
1704288300000,54910.340770801835,54981.10065721989,54812.16548394871,54882.889996088,549.0678383940935,12247918118.288872
1704288600000,54882.889996088,54958.65482566455,54770.828367265814,54846.543020504876,775.7864006617112,12257518952.9577
1704288900000,54846.543020504876,54946.059991492635,54664.26885121528,54763.63538945269,733.0311231819214,12246946065.124609
1704289200000,54763.63538945269,54882.09451183431,54584.66394841889,54702.99189296102,357.426606771204,12238798856.302414
1704289500000,54702.99189296102,54927.31290275097,54312.69095316006,54536.32852510358,743.7306173741356,12239150314.701834
1704289800000,54536.32852510358,54638.756897561245,54363.23657517946,54465.53197985029,374.5856423978828,12207194889.976088
1704290100000,54465.53197985029,54687.70516739269,54053.006309349454,54274.39983982715,551.9422481428276,12208432089.03768
1704290400000,54274.39983982715,54441.68214739512,53959.77572527776,54126.602497999345,431.17424846951405,12196211736.31926
1704290700000,54126.602497999345,54292.18522668662,53842.65699442758,54007.87651961491,585.6309225581963,12191619673.05897
1704291000000,54007.87651961491,54228.95411165916,53600.226761425176,53820.53749382995,365.1449823219119,12191413046.23754
1704291300000,53820.53749382995,53947.02352087552,53599.50548508268,53725.768792008006,569.6665421771886,12163279138.261427
1704291600000,53725.768792008006,53905.86561018566,53401.80598713494,53581.41892294652,359.28966184996574,12126360070.707695
1704291900000,53581.41892294652,53696.75189333401,53419.771938523256,53535.00500384543,984.7211448097211,12128545255.266008
1704292200000,53535.00500384543,53656.235008432,53314.37195192181,53435.37634744247,566.5124164421202,12106678091.727612
1704292500000,53435.37634744247,53634.6312377202,53067.49406441929,53266.11780742859,645.1867595475493,12093959197.697025
1704292800000,53266.11780742859,53485.73278842888,52866.07228065396,53084.940270829764,594.771637840767,12104423884.562374
1704293100000,53084.940270829764,53214.3519013618,52841.91169162989,52971.04566740215,476.189816452232,12088992927.520643
1704293400000,52971.04566740215,53173.154418328406,52617.731926085085,52819.26155123153,715.664478627355,12104295718.887352
1704293700000,52819.26155123153,52996.407785151736,52482.84912488134,52659.45941137599,513.2605970258799,12111455457.021576
1704294000000,52659.45941137599,52731.662360278,52546.6344347557,52618.781609114805,734.1345315122826,12113100101.462294
1704294300000,52618.781609114805,52713.96559756548,52459.86099325105,52554.929477305945,534.3153566228699,12098358626.503923
1704294600000,52554.929477305945,52681.97611890823,52365.703545129654,52492.59950984748,981.9577635532248,12121903644.748274
1704294900000,52492.59950984748,52692.88440217408,52123.37436058475,52323.0121945163,963.0952454112813,12128713455.765673
1704295200000,52323.0121945163,52512.426803450675,51974.95080195284,52163.789006804785,975.2022361663558,12133907408.670864
1704295500000,52163.789006804785,52231.37775726054,52057.338330378574,52124.876662012924,786.470437370477,12154161813.30379
1704295800000,52124.876662012924,52285.244564392444,51850.93748922301,52010.954898798096,469.69700774640114,12119293030.101624
1704296100000,52010.954898798096,52204.25734335752,51686.202557408425,51879.01463651919,575.0545908176218,12111461260.270355
1704296400000,51879.01463651919,52097.22816752247,51488.79234734585,51706.27931899116,714.5589239752699,12119768902.79385
1704296700000,51706.27931899116,51864.43028033256,51442.939961420445,51600.76820210224,685.069409898231,12122659772.664341
1704297000000,51600.76820210224,51682.223488854936,51476.829025530424,51558.21714257079,795.8569358792445,12113227500.93444
1704297300000,51558.21714257079,51708.97125211347,51285.40313288306,51435.79929767469,784.98469552704,12133679011.108747
1704297600000,51435.79929767469,51558.91809767903,51249.111677895475,51372.07795192121,586.399113171431,12052538216.943115
1704297900000,51372.07795192121,51534.608683304934,51096.69203473349,51258.864582206494,469.41481736955916,11949647267.035595
1704298200000,51258.864582206494,51401.87062777944,51027.34653901267,51170.104955941046,852.3537342540441,11948370846.66562
1704298500000,51170.104955941046,51419.83261303866,50742.58869269019,50991.444425139394,635.4642898408383,11929659560.429518
1704298800000,50991.444425139394,51160.9736539221,50694.01040744052,50863.112977760255,944.274529134807,11957626121.72587
1704299100000,50863.112977760255,50990.37556445738,50652.1521551834,50779.20479853834,853.5046419344815,11943110003.206951
1704299400000,50779.20479853834,50978.58569928118,50445.69498735628,50644.54716457029,675.8341902172115,11936014401.39647
1704299700000,50644.54716457029,50752.08495240384,50444.96101408351,50552.30293205028,838.2678335440283,11952025660.695063
1704300000000,50552.30293205028,50673.35609291167,50342.05698178996,50462.89604783648,752.8998935883831,11934910902.845482
1704300300000,50462.89604783648,50714.91964455122,50029.41508554505,50280.52789270982,774.23032710493,11939904586.02374
1704300600000,50280.52789270982,50464.3776480633,49968.76824884953,50152.14858781487,976.0017443996798,11932357398.422718
1704300900000,50152.14858781487,50286.488723042414,49894.46482124877,50028.47367446644,481.11685928255883,11916914097.355122
1704301200000,50028.47367446644,50181.2138490322,49764.48530068499,49916.884787141,706.3628068668029,11911632535.764408
1704301500000,49916.884787141,50055.49738430738,49676.62825941167,49814.9578188473,573.7939180742519,11918467329.614508
1704301800000,49814.9578188473,49932.61840333958,49624.95561409255,49742.44492654797,650.3260471338142,11909017934.08187
1704302100000,49742.44492654797,49890.28964344517,49458.57564747144,49606.014866334546,373.1845506042432,11880755629.560219
1704302400000,49606.014866334546,49798.91610136618,49287.87150948786,49480.283818438926,381.2485365712823,11862910646.593172
1704302700000,49480.283818438926,49546.3556408405,49366.512163473955,49432.52020635262,518.323240728279,11868274623.655418
1704303000000,49432.52020635262,49574.60509738996,49170.852805486065,49312.592987295946,638.048199145572,11838236531.390156
1704303300000,49312.592987295946,49465.169066055154,49043.59320649046,49195.80794542414,787.7342858665663,11817636839.17871
1704303600000,49195.80794542414,49363.31640656304,48888.8327631101,49055.86472687728,867.1301558430887,11826040203.617365
1704303900000,49055.86472687728,49285.42802514712,48657.33244477829,48886.10131307703,753.5789420943995,11803226002.892002
1704304200000,48886.10131307703,48992.48374642672,48692.94446772308,48799.13765699114,988.7303294117945,11799234401.279415
1704304500000,48799.13765699114,48969.55913046978,48478.79574113368,48648.691811831835,412.0949978507515,11767187528.53005
1704304800000,48648.691811831835,48818.45694223852,48375.208038040226,48544.60996302499,462.29888318798726,11746631456.360939
1704305100000,48544.60996302499,48691.672790075114,48271.3217520683,48418.001025345526,748.3352136620547,11723318674.713547
1704305400000,48418.001025345526,48551.92630822514,48161.86914147038,48295.45546055383,729.8748561603438,11715208763.984753
1704305700000,48295.45546055383,48495.888854744684,47939.21793403954,48139.00202296492,572.1850462489949,11696077981.96784
1704306000000,48139.00202296492,48243.37820921406,47951.944623250674,48056.14114848266,826.6278467523441,11685394493.033026
1704306300000,48056.14114848266,48137.27502212079,47907.20717786434,47988.22639003989,371.2264341089997,11660299141.669687
1704306600000,47988.22639003989,48067.48872497573,47850.16289333153,47929.32794548385,528.1894381191729,11647701684.983135
1704306900000,47929.32794548385,48072.600752983715,47667.81202052753,47810.730309886974,903.8455832201151,11632490888.332256
1704307200000,47810.730309886974,47965.377848043834,47548.01556364824,47702.312415665714,717.8795804980955,11611033326.770864
1704307500000,47702.312415665714,47841.83753155619,47466.686336635765,47605.92954099875,543.547246205728,11598906497.079481
1704307800000,47605.92954099875,47713.62747369491,47435.46532742092,47543.02094326727,869.6167779826537,11584857134.980831
1704308100000,47543.02094326727,47652.391638601905,47350.94855838391,47460.128563327984,730.1391609990437,11598048814.070732
1704308400000,47460.128563327984,47648.61105788035,47100.96475806502,47288.766708530355,382.5031568631597,11560429517.124676
1704308700000,47288.766708530355,47448.21304371182,46990.189633389375,47149.16526612018,785.405579201512,11550989540.978899
1704309000000,47149.16526612018,47292.542308994016,46895.83992737629,47038.88160598698,396.50710897419026,11545634902.20254
1704309300000,47038.88160598698,47186.88839708957,46763.16408296151,46910.76776672828,744.8511494410446,11527377252.422201
1704309600000,46910.76776672828,47040.7965554734,46696.64964794782,46826.44470729982,999.9296867941645,11539420971.505957
1704309900000,46826.44470729982,46967.09695183661,46582.33104404116,46722.67158602352,398.2075745684579,11512575821.45276
1704310200000,46722.67158602352,46894.67112220921,46413.809105558124,46585.30294844444,337.5278838415858,11465952953.707104
1704310500000,46585.30294844444,46726.0417091779,46314.073643797754,46454.41698522308,395.5743002637471,11431973841.787027
1704310800000,46454.41698522308,46584.51150438599,46257.43561352745,46387.342291563815,653.8066138114693,11400965940.388844
1704311100000,46387.342291563815,46546.40426073313,46116.99225154864,46275.67130144061,590.9413046918784,11379721346.038837
1704311400000,46275.67130144061,46375.70522699738,46112.13403446064,46212.03038771977,357.8694380505268,11343271623.748623
1704311700000,46212.03038771977,46439.31062945167,45809.78106326125,46036.19651796502,504.4629366910946,11305292711.024734
1704312000000,46036.19651796502,46216.68614005774,45714.67895106781,45894.61348237281,417.74628420560157,11303220846.318007
1704312300000,45894.61348237281,46060.821935014494,45612.68919646569,45778.47705823872,836.1436884605835,11315473550.945179
1704312600000,45778.47705823872,45897.11201463109,45556.84959185268,45675.21694959886,379.94465595127815,11298845876.505375
1704312900000,45675.21694959886,45801.724051642435,45476.662239150995,45602.969235984594,556.8032404737946,11268220847.29507
1704313200000,45602.969235984594,45680.10286922659,45460.21082630811,45537.23327263018,803.2861687910304,11261762949.47907
1704313500000,45537.23327263018,45703.904979910454,45267.46202543565,45433.75498985393,371.6915072142488,11236401973.831486
1704313800000,45433.75498985393,45548.47093413238,45254.536863016605,45369.089533118546,508.39625457202555,11199265930.99168
1704314100000,45369.089533118546,45444.276212944096,45252.34371475736,45327.461407512994,544.0038837756197,11173459745.014534
1704314400000,45327.461407512994,45426.913578790016,45161.650782208744,45260.95703743845,995.770379023032,11174925563.225367
1704314700000,45260.95703743845,45354.948203718835,45095.04584608232,45188.887348844124,867.4919017875872,11193264457.51789
1704315000000,45188.887348844124,45314.41955626086,44966.145049046165,45091.40645999331,797.5277716456596,11181667596.753448
1704315300000,45091.40645999331,45200.68537329215,44891.06934364095,45000.127041492255,397.46447614874324,11152472008.163897
1704315600000,45000.127041492255,45168.99900948498,44683.11608460248,44851.4300373768,341.55048354753876,11136102261.306334
1704315900000,44851.4300373768,45004.40043338215,44570.02753933961,44722.55840544471,677.1379822333466,11111878127.928587
1704316200000,44722.55840544471,44901.49752590757,44411.93816372238,44590.34829923974,502.5332704254605,11112098210.11015
1704316500000,44590.34829923974,44784.59038027512,44257.300633718725,44450.93541181953,989.8418115832559,11115753149.007362
1704316800000,44450.93541181953,44549.00380237774,44268.95377504957,44366.836625471245,973.9403964956543,11126224036.831633
1704317100000,44366.836625471245,44494.45808956319,44169.58337227621,44297.003962305615,994.740357951272,11113275403.845915
1704317400000,44297.003962305615,44371.569767097084,44163.575923108365,44238.04247715603,906.2551564938097,11117969042.965706
1704317700000,44238.04247715603,44425.51853686886,43910.29978960968,44097.178884587796,879.9372618890428,11117105201.25656
1704318000000,44097.178884587796,44214.53436926321,43907.26500866854,44024.42687898824,642.6211081409465,11122121480.026657
1704318300000,44024.42687898824,44144.407534077865,43807.73089704759,43927.44725161026,589.9575625555264,11101805081.449183
1704318600000,43927.44725161026,44082.96542433251,43658.99801087529,43814.1149485204,916.0875569151265,11115903321.062065
1704318900000,43814.1149485204,44010.23418964279,43458.46595910366,43653.867907909786,494.7579814962486,11104697425.908733
1704319200000,43653.867907909786,43688.79100223611,42947.461017423986,43601.48326642029,1495.2569392603377,11128106080.288395
1704319500000,43601.48326642029,43872.441204093106,43562.241931480516,43819.85737524281,1694.5603521448372,11182345057.660511
1704319800000,43819.85737524281,44041.58786153618,43426.739012801,43647.59785804383,812.9068185776409,11155908086.702028
1704320100000,43647.59785804383,43756.554836363524,43462.615926644554,43571.3826498484,764.9006745822898,11167987764.797596
1704320400000,43571.3826498484,43708.22460512368,43310.11630564234,43446.56625777006,674.0971250712954,11149244072.400175
1704320700000,43446.56625777006,43620.42548777326,43130.508252098596,43303.79616194775,448.29602648541675,11112064058.505602
1704321000000,43303.79616194775,43491.22408420986,42981.23302057915,43168.073506691704,536.4286086195511,11083938329.806183
1704321300000,43168.073506691704,43301.26908283207,42939.93693440638,43072.83866236385,639.7365328059536,11074678716.219738
1704321600000,43072.83866236385,43242.021941642095,42778.85812711574,42947.54928960763,333.88648280620606,11045410948.667587
1704321900000,42947.54928960763,43152.92106092986,42586.542440400335,42791.166401164446,621.7072338714968,11019088641.206724
1704322200000,42791.166401164446,42996.40779148126,42434.01387904038,42638.52313891999,608.9001642134986,10995879407.504625
1704322500000,42638.52313891999,42863.96641270903,42246.0708902976,42470.626441474684,441.6227444781798,10978205033.48578
1704322800000,42470.626441474684,42565.41967975968,42296.43461976093,42391.05024622641,754.9980395384569,10949579363.82511
1704323100000,42391.05024622641,42593.74137986688,42042.29500361609,42244.28438206973,491.8136206666975,10928747186.938227
1704323400000,42244.28438206973,42348.856682469144,42056.4881824648,42160.853957613836,560.290637352736,10927270351.47892
1704323700000,42160.853957613836,42229.38479244936,42040.682948924834,42109.12970799635,577.4390968525632,10912306733.53468
1704324000000,42109.12970799635,42280.11269565832,41811.445563668785,41981.91198719998,463.90068903909366,10898214367.967937
1704324300000,41981.91198719998,42108.488091729094,41772.85669557987,41899.18337207343,300.76041258420656,10847824125.062685
1704324600000,41899.18337207343,42019.23031224393,41674.442169321694,41794.18828408149,458.3336030215842,10833002775.404888
1704324900000,41794.18828408149,41882.23703989004,41627.08228194215,41714.96413445407,786.917975101634,10815263457.365574
1704325200000,41714.96413445407,41834.64920950234,41533.579525600406,41653.087068161796,595.6197536425419,10804663243.530252
1704325500000,41653.087068161796,41812.29265512014,41347.10991248766,41505.75235970317,568.1489479730409,10783245316.502417
1704325800000,41505.75235970317,41591.39162395014,41348.02560822213,41433.51582605404,519.3460342086344,10755084596.616703
1704326100000,41433.51582605404,41502.01274139592,41311.71506368862,41380.12371244214,841.4223385554369,10727902231.029404
1704326400000,41380.12371244214,41464.154892291495,41227.08931740952,41310.98008635727,995.0581086724695,10724274897.916328
1704326700000,41310.98008635727,41490.15442296909,40987.81980680621,41166.3669259804,305.9323193671067,10710219778.844866
1704327000000,41166.3669259804,41277.75842120492,40973.77826839168,41084.94945722876,805.7024184550256,10686824352.871286
1704327300000,41084.94945722876,41184.53234341039,40901.66707914356,41001.04659915641,588.1969260517747,10690491035.63198
1704327600000,41001.04659915641,41128.03473302401,40797.81864001987,40924.56991086234,360.68162342619195,10685339290.693851
1704327900000,40924.56991086234,41117.93501194439,40583.67720454993,40776.341941121995,712.7017424330592,10664641671.226242
1704328200000,40776.341941121995,40944.566394550326,40495.647534741845,40663.406066636926,520.1525677275185,10625832364.62915
1704328500000,40663.406066636926,40827.39729324145,40357.64528935448,40521.062459207744,358.9741011985907,10618541990.962389
1704328800000,40521.062459207744,40649.840539172874,40301.07684578684,40429.5641392511,725.3151692408662,10614383101.060768
1704329100000,40429.5641392511,40535.00560173869,40260.432443513826,40365.70736570508,893.5244731079713,10617460591.41673
1704329400000,40365.70736570508,40466.66950730959,40186.66355691085,40287.42991204519,662.4243894580662,10609929085.043608
1704329700000,40287.42991204519,40427.68043691157,40051.475120384086,40191.391311086656,506.87943586944664,10579311538.270859
1704330000000,40191.391311086656,40393.316664710655,39839.641441635,40040.81026181661,968.2700579430069,10572000948.543219
1704330300000,40040.81026181661,40151.27340082856,39833.57706722995,39943.77250198007,649.7077788908603,10554230459.802391
1704330600000,39943.77250198007,40061.92780062097,39741.02373945506,39858.92806481067,984.3878634903349,10561322817.619946
1704330900000,39858.92806481067,39949.153654422036,39731.204016807686,39821.34453146544,392.38801651289145,10526818211.74332
1704331200000,39821.34453146544,39908.98235763993,39681.30912320652,39768.83137974074,555.7887239936691,10488728352.256714
1704331500000,39768.83137974074,39886.751096675405,39577.563109925126,39695.264692137775,968.1170887586205,10502822441.640476
1704331800000,39695.264692137775,39766.916933974695,39560.807820647766,39632.3464915043,347.272798490937,10454292494.744991
1704332100000,39632.3464915043,39765.302693521415,39376.66776307968,39509.21087717585,342.328201711744,10413253794.760689
1704332400000,39509.21087717585,39601.3013897569,39357.09088374974,39449.04114900653,739.9994872424032,10391935476.189775
1704332700000,39449.04114900653,39570.6779642037,39233.61348774942,39354.96021464804,791.2674470364614,10392821808.070845
1704333000000,39354.96021464804,39531.339642197636,39036.05378329801,39211.79156352819,731.2329389667236,10378799543.066177
1704333300000,39211.79156352819,39353.805633830256,38950.62130508371,39092.202256582306,657.913288806732,10379516993.073471
1704333600000,39092.202256582306,39265.74454121675,38791.41016540959,38964.38503014411,675.4731210226208,10300583884.733004
1704333900000,38964.38503014411,39107.19357371269,38716.60482970869,38859.027225913094,884.1685284293269,10208038338.570543
1704334200000,38859.027225913094,38940.98714706596,38706.112162544785,38787.922111606786,789.073117123844,10217315757.429705
1704334500000,38787.922111606786,38900.23813637825,38610.63561139933,38722.762958441686,340.5341608161913,10207059339.057411
1704334800000,38722.762958441686,38890.40126963009,38416.024982283074,38583.05848585808,617.3602896079999,10187492315.525066
1704335100000,38583.05848585808,38683.67231126681,38404.07238200959,38504.48130009475,819.1854563402879,10158550135.236809
1704335400000,38504.48130009475,38580.757529211216,38365.27356024756,38441.42487646939,795.5304249826688,10161256695.648687
1704335700000,38441.42487646939,38524.00406923879,38291.65697196635,38374.09152040459,967.1113412282883,10150636812.72909
1704336000000,38374.09152040459,38505.4477598045,38155.409509113546,38286.46580174149,804.5358626654213,10136864664.606258
1704336300000,38286.46580174149,38428.134313302326,38017.09203409926,38158.286252576036,846.7867859558913,10108511449.496822
1704336600000,38158.286252576036,38322.46023013589,37878.65771991846,38042.33281403552,840.0012033427372,10082180224.365833
1704336900000,38042.33281403552,38229.56477761727,37713.02518046425,37899.55443539982,490.38641651494765,10037465986.131943
1704337200000,37899.55443539982,38077.70063222035,37583.887499759774,37761.3842299313,703.6561722999288,10003480024.89987
1704337500000,37761.3842299313,37925.584367909476,37461.75437787685,37625.36304661938,552.0867268652273,9966305046.935106
1704337800000,37625.36304661938,37746.16742808235,37417.15604093499,37537.678893423006,557.3814444997682,9963488061.782822
1704338100000,37537.678893423006,37664.679997757084,37296.20819386973,37422.82069885558,701.7386136344396,9926892420.1683
1704338400000,37422.82069885558,37502.408232903064,37281.518768653776,37360.97477427726,656.1774194374527,9890822424.081963
1704338700000,37360.97477427726,37544.79413639574,37040.173361063986,37223.315426789704,471.18601524969245,9880813287.953402
1704339000000,37223.315426789704,37337.09319664763,37020.584200215126,37134.08923894878,405.05926776880506,9856580854.003252
1704339300000,37134.08923894878,37217.39692504329,37013.19551403031,37096.41868892715,687.0053519471052,9830575349.567242
1704339600000,37096.41868892715,37176.19051984813,36977.35025561863,37057.03740134558,593.5585130539589,9800156941.727385
1704339900000,37057.03740134558,37187.95893419157,36821.48698840424,36952.03755958693,804.201544999738,9771380590.65226
1704340200000,36952.03755958693,37073.01577511098,36721.285810019435,36841.90345469658,560.9657167165029,9769303304.385824
1704340500000,36841.90345469658,36973.27179752135,36626.710184840085,36757.77856086465,425.541045190614,9759828526.188068
1704340800000,36757.77856086465,36858.8413478719,36606.43268552563,36707.35684175436,967.8555852222994,9764974816.295576
1704341100000,36707.35684175436,36866.34457486612,36417.77778103523,36576.19743355553,497.6148094346317,9722335993.977179
1704341400000,36576.19743355553,36643.248328618385,36463.85976213281,36530.82748573927,687.1639767268473,9728103065.325035
1704341700000,36530.82748573927,36683.776999324306,36241.60440146629,36393.98095759716,694.6647185769309,9731828462.214123
1704342000000,36393.98095759716,36532.293592974296,36152.22491546337,36290.14292205933,624.7486834063495,9717934603.835299
1704342300000,36290.14292205933,36390.91014868011,36117.5514432112,36218.11867934964,840.829284065367,9698789390.85131
1704342600000,36218.11867934964,36379.245896105116,35942.753198653976,36103.36992097359,832.3375542251875,9670009824.905727
1704342900000,36103.36992097359,36219.67779943353,35878.60169061745,35994.55903217022,587.025276696214,9662844062.659409
1704343200000,35994.55903217022,36126.32107061318,35753.59831139788,35884.9591474198,887.7018048273218,9643410797.426355
1704343500000,35884.9591474198,35972.807658195066,35757.48785072124,35845.239124521955,301.0234283749044,9611590469.808975
1704343800000,35845.239124521955,35952.05305636669,35675.48780122281,35782.11362768223,809.0505273286808,9592969619.859522
1704344100000,35782.11362768223,35934.2351671459,35508.296009157886,35659.897969643054,466.71731616460596,9558184930.06491
1704344400000,35659.897969643054,35749.67340737418,35490.24370270805,35579.817534249865,997.871489075284,9555638274.342903
1704344700000,35579.817534249865,35647.16026271155,35456.32636077992,35523.562614277354,944.8920820804744,9546061879.695406
1704345000000,35523.562614277354,35589.001139630804,35422.013357985794,35487.385240417694,790.5928367890757,9533616518.884678
1704345300000,35487.385240417694,35627.7877595544,35255.54217371281,35395.581479860986,359.43169226154265,9513551693.946714
1704345600000,35395.581479860986,35529.09295854376,35141.764109004296,35274.820077912475,873.9740243259512,9516935406.359568
1704345900000,35274.820077912475,35428.2443419524,34999.59432018186,35152.48650672043,604.4880149044898,9497565172.550014
1704346200000,35152.48650672043,35197.4084603584,35079.69649362924,35124.58278863663,482.693657246527,9473777658.561453
1704346500000,35124.58278863663,35261.437637431896,34892.02637335652,35028.506884514514,790.5079244250794,9462969501.001406
1704346800000,35028.506884514514,35100.30581471461,34905.3894349874,34977.0829601021,490.3691102827181,9444495863.412327
1704347100000,34977.0829601021,35113.04039816206,34721.14006481192,34856.629294249884,845.9558877282041,9430480900.61208
1704347400000,34856.629294249884,34936.58632165514,34710.33958012628,34790.14409827449,415.06248648983774,9423700663.917738
1704347700000,34790.14409827449,34892.592702934984,34609.40729488413,34711.62467874407,675.1471843630165,9425679497.340204
1704348000000,34711.62467874407,34753.41386287954,34643.669043942864,34685.426688424064,515.8154027487532,9407450353.58708
1704348300000,34685.426688424064,34796.10677157958,34476.30982501722,34586.67479404773,410.33076394586135,9360974947.79507
1704348600000,34586.67479404773,34682.44480257126,34436.50153322724,34532.12048163888,787.8145882659535,9326925040.773476
1704348900000,34532.12048163888,34694.79886823152,34248.88028408004,34410.988024200204,529.4555612193544,9287681872.426737
1704349200000,34410.988024200204,34543.34261493246,34163.853964449336,34295.765375622635,549.0199288529986,9259659342.875336
1704349500000,34295.765375622635,34401.65334293823,34118.93772489977,34224.605988038355,482.11675490485675,9242834207.597363
1704349800000,34224.605988038355,34254.50606033335,34172.94631825711,34202.82736381915,583.0745585130223,9221764540.79333
1704350100000,34202.82736381915,34317.15095099102,34011.98106891656,34126.04801970142,474.89683975508575,9219471829.07102
1704350400000,34126.04801970142,34241.15387315476,33935.836292051674,34050.68795890511,397.85512749118567,9185952745.116648
1704350700000,34050.68795890511,34212.357637806024,33768.66260197192,33929.758116591634,987.7970662385351,9166056747.386217
1704351000000,33929.758116591634,34078.25011574232,33673.56991680033,33821.588516757554,560.5678206711984,9155029430.35627
1704351300000,33821.588516757554,33911.408805403094,33675.02846827481,33764.697671404414,707.6266609898441,9155865040.422184
1704351600000,33764.697671404414,33898.5590526349,33537.03181181279,33670.51982150619,315.2601279170289,9115618203.497395
1704351900000,33670.51982150619,33827.01832310648,33401.24854547999,33557.22043852888,610.4019266851922,9109082351.24155
1704352200000,33557.22043852888,33706.57254739062,33302.14658219256,33451.02605491416,880.5493240521926,9094947803.750244
1704352500000,33451.02605491416,33544.69104869455,33272.33889132489,33365.76514916356,622.6964454013585,9066102546.004564
1704352800000,33365.76514916356,33496.58005420946,33134.182821687675,33264.60109966778,875.1797810725986,9067844941.864252
1704353100000,33264.60109966778,33350.38115148034,33101.071788151676,33186.650828134545,778.249041726178,9054161732.936817
1704353400000,33186.650828134545,33301.47353031883,32972.53833016454,33087.01630623909,431.00577959781316,9019360149.28911
1704353700000,33087.01630623909,33217.163482313445,32868.76311849526,32998.56236259316,324.25461061205414,8983577150.656357
1704354000000,32998.56236259316,33069.26354091025,32873.6088597486,32944.19354998743,506.5736140998015,8976170082.74702
1704354300000,32944.19354998743,33047.04965601173,32767.07315845784,32869.696675439845,342.6853482529899,8956737716.292274
1704354600000,32869.696675439845,32968.78941347578,32683.76082502609,32782.59096424629,439.62046466661064,8916211312.802671
1704354900000,32782.59096424629,32836.95735032396,32701.14475048729,32755.466152995406,741.5280721773288,8904567490.024752
1704355200000,32755.466152995406,32781.6705259178,32225.417199707637,32716.159593611814,1835.876995441496,8907176454.692753
1704355500000,32716.159593611814,32919.47155614055,32686.715049977563,32880.01553749555,2103.7241901608822,8945036749.983246
1704355800000,32880.01553749555,32986.320643319355,32695.718808004116,32801.770939486654,639.2756398083559,8932331628.152552
1704356100000,32801.770939486654,32851.42105293851,32728.841622737073,32778.456446410564,571.8668921985102,8897653807.926748
1704356400000,32778.456446410564,32892.64698944032,32569.505101922587,32683.364372013024,453.3141316511662,8860970187.915558
1704356700000,32683.364372013024,32744.77944787469,32597.650938384355,32659.020269417222,341.013861194683,8813857119.486813
1704357000000,32659.020269417222,32700.96895509253,32602.42243028383,32644.352275741297,836.789517915191,8813198779.745157
1704357300000,32644.352275741297,32702.628802058305,32572.50629106946,32630.758549938524,370.09403611347034,8769124604.591936
1704357600000,32630.758549938524,32694.58206781238,32520.165696639055,32583.897557637232,871.3996131261143,8749601635.378958
1704357900000,32583.897557637232,32613.65966215235,32533.095429925506,32562.838298931503,997.47443395452,8736389545.727097
1704358200000,32562.838298931503,32691.363603906284,32345.728813366004,32473.90309167256,858.1734811655862,8738720618.536972
1704358500000,32473.90309167256,32588.3199966355,32284.532470767685,32398.68435384047,891.6546316563965,8726750359.42301
1704358800000,32398.68435384047,32520.32954035152,32185.25585223383,32306.555127261938,864.3471577515719,8723210982.847282
1704359100000,32306.555127261938,32389.484845562318,32182.695392368318,32265.519774453325,319.74459880901134,8677107617.811113
1704359400000,32265.519774453325,32349.07295258768,32141.65934091204,32225.107870398493,694.5245407482356,8640496538.111696
1704359700000,32225.107870398493,32292.19256337999,32104.773609856606,32171.747219178775,991.6043472832501,8629796053.594679
1704360000000,32171.747219178775,32219.424764073177,32101.862390676135,32149.506976211032,516.3371505058537,8606048849.149782
1704360300000,32149.506976211032,32219.081573038202,32020.398875745654,32089.844356979174,462.83635065826735,8581339853.368824
1704360600000,32089.844356979174,32201.94278812198,31892.636197951768,32004.43627576495,300.47844746868157,8552327460.886576
1704360900000,32004.43627576495,32036.33921147484,31954.78630482651,31986.671532132812,391.3426819334278,8507081484.27096
1704361200000,31986.671532132812,32065.078198703093,31871.612085541772,31949.928686973315,890.9988605063555,8480620275.27839
1704361500000,31949.928686973315,32031.26433348386,31794.67617033814,31875.823164766934,710.6264225638466,8462812619.125082
1704361800000,31875.823164766934,31928.68576047401,31806.121393818023,31858.956017190132,892.5366213053943,8463174704.822677
1704362100000,31858.956017190132,31924.01392939382,31771.97971302559,31836.992774962244,561.5135460583613,8446602418.921365
1704362400000,31836.992774962244,31872.35924543587,31787.75614519517,31823.10719071617,370.72251912648045,8425574121.9693985
1704362700000,31823.10719071617,31909.374025528727,31662.351397143993,31748.415756643044,410.25272021179205,8394642844.224948
1704363000000,31748.415756643044,31797.527795286576,31686.728540189208,31735.82109598782,972.4634702581168,8374826282.483384
1704363300000,31735.82109598782,31789.601722467505,31641.310304928284,31695.0217914872,978.1200274332174,8368575639.867249
1704363600000,31695.0217914872,31772.90786572764,31581.00537430146,31658.802444572717,850.8942548169038,8371348504.524751
1704363900000,31658.802444572717,31768.0473071426,31469.29694184363,31578.26389044971,422.74614099315454,8330366000.504209
1704364200000,31578.26389044971,31682.7746574847,31401.886549567324,31506.158678689397,389.14385530647485,8322978562.859103
1704364500000,31506.158678689397,31580.073193943797,31400.576550190774,31474.416597447595,964.0887118949321,8298103236.379373
1704364800000,31474.416597447595,31581.5049177969,31304.3033853346,31411.17653817778,975.6287582012857,8294985333.16228
1704365100000,31411.17653817778,31536.814882694907,31189.27474911063,31314.52651310177,944.7267514926556,8279000719.634973
1704365400000,31314.52651310177,31337.277370062246,31283.5943289739,31306.339237655626,695.8851722842244,8268719612.176616
1704365700000,31306.339237655626,31328.650394394866,31273.26949962809,31295.572983557657,821.7403296713877,8252694901.485262
1704366000000,31295.572983557657,31414.768242076363,31100.624167351747,31219.529800662163,417.5211917261089,8248378972.2381735
1704366300000,31219.529800662163,31244.010488047803,31180.148006944426,31204.61700050889,796.276069201657,8235091619.266257
1704366600000,31204.61700050889,31281.694589283168,31089.99692857092,31166.98155516015,612.6409538684557,8236486003.439633
1704366900000,31166.98155516015,31254.776179474527,31007.162086150616,31094.75324973112,347.45634604496365,8198296892.079417
1704367200000,31094.75324973112,31177.54058883148,30939.62181794682,31022.21603240135,300.89681024628294,8186815468.529505
1704367500000,31022.21603240135,31115.70603174053,30868.893010910408,30962.202149609046,978.3712775739797,8179340326.449407
1704367800000,30962.202149609046,30999.97451406712,30911.18632246021,30948.94251081082,565.0988023419814,8164212571.648203
1704368100000,30948.94251081082,31003.25951294208,30850.343077649984,30904.582225175112,635.6424752780124,8144682521.726502
1704368400000,30904.582225175112,30949.38990438594,30845.3103157935,30890.09699327651,781.0122829519801,8124954537.63194
1704368700000,30890.09699327651,30978.156717684262,30723.113466785326,30810.947556498853,892.0337388171922,8101758815.803828
1704369000000,30810.947556498853,30895.287801547674,30660.39496348258,30744.553464885044,966.1634920038845,8099679486.818002
1704369300000,30744.553464885044,30843.25697749637,30559.848113494634,30658.274633182224,562.8205188559975,8099729698.375328
1704369600000,30658.274633182224,30709.73966246266,30581.644337998918,30633.067052148726,928.6869211839814,8038512554.497504
1704369900000,30633.067052148726,30744.598775962837,30438.27085575844,30549.498314729415,729.5513080452257,7942181489.666099
1704370200000,30549.498314729415,30604.044676453363,30447.736138138214,30502.19804487037,959.7095806713746,7950831238.461677
1704370500000,30502.19804487037,30616.83585892214,30311.875694696988,30426.227986985494,409.97264413154886,7938158096.045899
1704370800000,30426.227986985494,30521.08420606285,30250.35909860747,30344.96196430648,432.9889803118698,7915800568.136873
1704371100000,30344.96196430648,30403.78754146754,30259.723367679384,30318.497642122435,810.9818039692029,7887392194.561709
1704371400000,30318.497642122435,30400.197042483203,30171.58118446009,30253.10436925623,466.283799463072,7883450973.5592375
1704371700000,30253.10436925623,30364.39971907218,30057.632477227115,30168.61701432091,887.8981533919557,7855907583.571288
1704372000000,30168.61701432091,30262.220803740354,30000.737182923192,30094.109799742964,599.3241702119994,7829409644.436454
1704372300000,30094.109799742964,30185.296904818366,29941.847526971258,30032.849007872945,720.1508696096381,7828026649.792502
1704372600000,30032.849007872945,30109.130285780564,29887.396658193837,29963.501799175607,419.58253418455615,7808846831.161775
1704372900000,29963.501799175607,30033.007955951784,29833.56879447986,29902.934453544884,890.6383520428557,7789532339.05177
1704373200000,29902.934453544884,29981.800339905873,29765.600407273236,29844.311682158437,642.3677684844602,7764111222.731179
1704373500000,29844.311682158437,29880.13636268924,29781.92700484184,29817.719764819296,680.8882204537763,7765794057.18801
1704373800000,29817.719764819296,29924.189617292857,29642.673394386697,29748.897503858137,558.5811654523616,7752778468.046855
1704374100000,29748.897503858137,29809.285685971707,29643.56166299665,29703.858418916578,625.5405693082553,7739601676.992436
1704374400000,29703.858418916578,29783.564636186453,29560.131801122,29639.665766240345,343.14755876206954,7722793417.51269
1704374700000,29639.665766240345,29686.2754006123,29576.141322247102,29622.72431546755,359.995118287942,7703323023.881675
1704375000000,29622.72431546755,29700.782519543027,29491.91884615305,29569.837689818127,979.4938760215031,7689737296.615187
1704375300000,29569.837689818127,29626.02754909701,29483.074049215407,29539.205700289047,888.5580165011753,7675841145.4822
1704375600000,29539.205700289047,29569.943776251635,29498.487056727638,29529.21473623559,674.8600883852507,7676216929.176509
1704375900000,29529.21473623559,29557.29264280886,29495.79527947545,29523.86810219219,917.157708592336,7662734635.110604
1704376200000,29523.86810219219,29572.168088780363,29436.034953617473,29484.2701593951,931.9440409374079,7669810318.701827
1704376500000,29484.2701593951,29526.073804020925,29424.350360725923,29466.128283279006,930.3185430301143,7667266869.970868
1704376800000,29466.128283279006,29506.14603823479,29415.95700303853,29455.960949805616,734.1911800445121,7665555179.545669
1704377100000,29455.960949805616,29558.53608058702,29283.709829424668,29386.041478115465,421.0152809645461,7646298469.503423
1704377400000,29386.041478115465,29439.75610007122,29339.110124542585,29392.813930466644,865.9225049235541,7652098069.357104
1704377700000,29392.813930466644,29482.173657017083,29235.114455083636,29324.265782268398,991.7959554358409,7650575984.622529
1704378000000,29324.265782268398,29406.058797789025,29201.751529652094,29283.43064533927,739.0583485626785,7652966898.629256
1704378300000,29283.43064533927,29303.748573389057,29257.71737825835,29278.031560223048,937.5631400121159,7627699850.417452
1704378600000,29278.031560223048,29290.21713247853,29267.834130204268,29280.019010238262,571.6694071103254,7614166537.347131
1704378900000,29280.019010238262,29340.389462637366,29176.68168159084,29236.963360514375,493.34057393507453,7594223723.689673
1704379200000,29236.963360514375,29310.760324455823,29125.955986714638,29199.658790260837,850.5854471794403,7587487111.649714
1704379500000,29199.658790260837,29246.26552480142,29130.631455441562,29177.202346360573,593.7156839576601,7579585801.783112
1704379800000,29177.202346360573,29228.57008038384,29085.5622097523,29136.858917413854,711.5538932969716,7562517377.904698
1704380100000,29136.858917413854,29185.407747099085,29078.459209944143,29126.99159836529,947.4497167314914,7563085712.267267
1704380400000,29126.99159836529,29162.953025958657,29064.456847949852,29100.385426427223,500.2649978342107,7539014351.934238
1704380700000,29100.385426427223,29146.79854128908,29025.432935606157,29071.800459410097,587.6230261094543,7528016705.40869
1704381000000,29071.800459410097,29136.0609946406,28966.125683222443,29030.294473296442,726.2735063667046,7497555123.548885
1704381300000,29030.294473296442,29116.878753478406,28872.73870537479,28959.110676383592,400.6968694386716,7458766904.268505
1704381600000,28959.110676383592,29010.033966469695,28887.19826738465,28938.084584035627,327.14777273725656,7417363690.501108
1704381900000,28938.084584035627,28962.861092374314,28917.048197689615,28941.821989141583,466.305505741415,7389864746.894578
1704382200000,28941.821989141583,28987.979365375017,28887.289749505475,28933.433747893952,927.9219535045958,7392283325.373521
1704382500000,28933.433747893952,29038.598713742787,28757.52830067056,28862.435206614235,512.1384674136676,7377231623.172237
1704382800000,28862.435206614235,28933.174232746984,28743.87432930211,28814.495860753097,787.3279912724824,7362970899.004869
1704383100000,28814.495860753097,28913.54390100663,28652.42436529636,28751.255019083666,394.0698646779083,7338950794.35705
1704383400000,28751.255019083666,28797.947015479684,28717.397451679582,28764.074351989268,878.0763322458254,7323174882.550008
1704383700000,28764.074351989268,28831.842542236987,28648.788700008536,28716.444674685066,751.888367999351,7304390128.020325
1704384000000,28716.444674685066,28783.678760095696,28595.131166999847,28662.238338599545,876.7786039785984,7299396024.384964
1704384300000,28662.238338599545,28700.28140017054,28618.015409907042,28656.05025810948,907.032279385158,7301326316.412326
1704384600000,28656.05025810948,28681.625589868225,28631.538084827942,28657.11250794604,411.28070984730033,7269497403.9454
1704384900000,28657.11250794604,28722.67969601771,28549.234530035912,28614.704689441103,394.95487471194184,7248395679.031358
1704385200000,28614.704689441103,28659.412130172597,28574.395486666686,28619.09674036696,320.26371152413,7209532595.11649
1704385500000,28619.09674036696,28705.20543205737,28481.3642128748,28567.317110823824,885.8836743260865,7191499627.954971
1704385800000,28567.317110823824,28635.134758345386,28453.152982259562,28520.86034330682,942.6217485387814,7184156694.679725
1704386100000,28520.86034330682,28543.011549263516,28491.644483374675,28513.790198184226,876.4544041823813,7166771362.219345
1704386400000,28513.790198184226,28565.000504942192,28438.856556476112,28490.024179848922,386.71100122349,7139795258.930238
1704386700000,28490.024179848922,28572.394231147173,28343.900843807274,28426.086037837442,715.8305154165059,7121214809.1925955
1704387000000,28426.086037837442,28512.352511452325,28289.085974554935,28375.198015010334,710.8161738956987,7092435774.372059
1704387300000,28375.198015010334,28422.211966059476,28292.472098147893,28339.426780992308,926.1443442185367,7094612632.074711
1704387600000,28339.426780992308,28369.937974851546,28307.49975984949,28338.00942773785,499.54856350433334,7073509413.128618
1704387900000,28338.00942773785,28381.07266173951,28263.138736602752,28306.15356153658,700.5806427142105,7064756636.557947
1704388200000,28306.15356153658,28376.287611122512,28253.715369657937,28323.816697633785,753.1659242330375,7053740362.554974
1704388500000,28323.816697633785,28344.987379573282,28296.29061976912,28317.456547804486,586.6550375468795,7051840742.724098
1704388800000,28317.456547804486,28411.490516534857,28161.77296216074,28255.60152851183,837.3009098882959,7056634897.79845
1704389100000,28255.60152851183,28354.452663316566,28094.674811075995,28193.30801441843,753.1600879225168,7052246948.070694
1704389400000,28193.30801441843,28210.92546844711,28164.005418907564,28181.615566551238,476.67330895245607,7034216560.863686
1704389700000,28181.615566551238,28209.440686868544,28159.722138447167,28187.54265419286,976.9171103578636,7023000228.941991
1704390000000,28187.54265419286,28214.942408706596,28152.723159810987,28180.115694934837,563.5328165897006,6996342829.285747
1704390300000,28180.115694934837,28226.182232369443,28102.192428576334,28148.206803978126,626.688610848051,6977143453.394966
1704390600000,28148.206803978126,28185.439872420957,28107.21872774049,28144.446822664308,578.0067779804841,6945161946.970369
1704390900000,28144.446822664308,28219.275694680597,28017.83154656848,28092.52236475697,763.6488167683766,6946566885.886617
1704391200000,28092.52236475697,28114.996382648773,27637.929167850474,28058.811337919262,1499.383810528857,6966195694.378674
1704391500000,28058.811337919262,28233.180581442874,28033.558407715132,28199.341371796716,1948.145094174215,6984899207.788692
1704391800000,28199.341371796716,28242.94100617624,28121.493177650653,28165.039777565744,344.6859377279769,6959357662.328099
1704392100000,28165.039777565744,28241.186698196376,28113.346787150087,28189.448908236045,903.0441201762814,6957269561.316801
1704392400000,28189.448908236045,28255.83223237448,28086.46096340881,28152.757883865794,924.6616583766529,6943576792.628776
1704392700000,28152.757883865794,28196.53939662038,28075.941970921955,28119.672030503927,835.8320718125362,6949265618.19873
1704393000000,28119.672030503927,28188.550992564113,28068.84781566594,28137.69420398856,861.6546211169681,6948194827.640218
1704393300000,28137.69420398856,28172.5067422654,28096.008141189326,28130.812164864765,776.5290252711673,6926825702.369567
1704393600000,28130.812164864765,28166.030011128078,28099.330078379327,28134.543748508717,998.2283697048072,6920665886.082282
1704393900000,28134.543748508717,28189.172436687448,28045.11237408018,28099.6733546077,571.7924447038208,6910856995.100018
1704394200000,28099.6733546077,28182.508335944603,27963.65637302554,28046.33411570692,700.4297038257888,6889157271.909836
1704394500000,28046.33411570692,28116.246552187233,27936.670320013272,28006.483418758122,455.65423578338823,6867266046.258855
1704394800000,28006.483418758122,28048.91459401409,27953.616846687157,27996.032187823403,934.5685538535383,6875342155.024088
1704395100000,27996.032187823403,28021.593261915004,27971.930993592065,27997.49081198486,891.7934709712167,6863278917.079087
1704395400000,27997.49081198486,28064.59627376487,27946.42914286699,28013.505397334684,426.7951004628005,6856583692.974488
1704395700000,28013.505397334684,28069.449331530705,27911.61317057612,27967.46516083565,481.05629539214556,6835096078.864059
1704396000000,27967.46516083565,28026.784058970345,27922.218196740145,27981.514365469295,428.1478499088165,6800253151.886973
1704396300000,27981.514365469295,28005.66289261877,27961.008381427553,27985.154241129112,362.50987541360746,6791792724.934727
1704396600000,27985.154241129112,28038.958722205425,27908.179139251235,27961.93898649355,514.959689932546,6790468157.642817
1704396900000,27961.93898649355,28005.647936777088,27931.73704236124,27975.431419345572,482.39146478399255,6785587093.490069
1704397200000,27975.431419345572,28037.183519427526,27886.158878526094,27947.850096450908,629.375597369476,6772848437.152355
1704397500000,27947.850096450908,28014.676878730294,27901.87324859261,27968.665787098726,961.0106888000539,6772380418.350868
1704397800000,27968.665787098726,28049.616513213605,27842.34104919463,27923.16006644799,650.3341621448931,6774001929.911092
1704398100000,27923.16006644799,27984.87549145671,27883.131113462558,27944.815494559647,508.8490276722243,6764998067.2144375
1704398400000,27944.815494559647,28025.188451111746,27818.437131128725,27898.67738843291,396.1556814211867,6756877982.518688
1704398700000,27898.67738843291,27951.395592218272,27812.582998003738,27865.238013712245,698.5825115814177,6738066765.816537
1704399000000,27865.238013712245,27938.21436124172,27818.3350205786,27891.267554974504,521.4684203540962,6735257126.460688
1704399300000,27891.267554974504,27943.852267065526,27849.15857407269,27901.727494218045,641.3065920236752,6727758807.185755
1704399600000,27901.727494218045,27920.75764103516,27886.463056066157,27905.491143871066,744.1492784068697,6711945228.631141
1704399900000,27905.491143871066,27968.51628164955,27794.290533358617,27857.20661952487,832.8352968504994,6718258352.704957
1704400200000,27857.20661952487,27922.453800244046,27757.91927317835,27823.086537803694,642.7039634410114,6713074885.505985
1704400500000,27823.086537803694,27863.538294433798,27798.615623225247,27839.05333676301,730.1358171075433,6708742860.414146
1704400800000,27839.05333676301,27869.094716226842,27814.513108634656,27844.549643084207,975.7294880910232,6690842088.239403
1704401100000,27844.549643084207,27866.39470705418,27807.700738778196,27829.534022446544,439.5899758596819,6663874678.602603
1704401400000,27829.534022446544,27851.04570028222,27792.558647542875,27814.05836300074,525.5491936936484,6642530685.634219
1704401700000,27814.05836300074,27872.634870510195,27778.823042169963,27837.370018079422,773.723699173977,6646183166.618709
1704402000000,27837.370018079422,27864.189434672808,27817.022987663433,27843.837676883137,785.467323019278,6652734563.644289
1704402300000,27843.837676883137,27870.44377657873,27800.51814470962,27827.108258657332,568.4853334153856,6638270523.601722
1704402600000,27827.108258657332,27846.377670177335,27811.903338598357,27831.17053046558,876.6906807720873,6640261717.880532
1704402900000,27831.17053046558,27866.25340698311,27776.308868804557,27811.366781496763,809.482338012769,6618775133.651544
1704403200000,27811.366781496763,27839.154589568017,27789.0565416896,27816.839959185316,921.5818306859292,6601199973.490758
1704403500000,27816.839959185316,27912.253416740554,27760.6708418843,27856.00521504843,930.9686433011672,6583069023.295969
1704403800000,27856.00521504843,27881.43599010919,27817.025802223023,27842.444196929937,963.6590475948599,6569808692.44538
1704404100000,27842.444196929937,27928.593333358072,27789.878181097924,27875.964032700726,459.89279938507786,6543825896.735202
1704404400000,27875.964032700726,27921.888292034728,27848.02881874453,27893.935068845236,813.8536335180646,6538236451.157853
1704404700000,27893.935068845236,27918.905784605868,27875.834355375784,27900.800615999426,556.614015979894,6527851098.127933
1704405000000,27900.800615999426,27932.335535552815,27881.621838270563,27913.14827014943,913.5808963196333,6513214451.62209
1704405300000,27913.14827014943,27956.95777793385,27849.055081745635,27892.832704379434,334.01087310721607,6500932861.456492
1704405600000,27892.832704379434,28004.50468303327,27823.18123634312,27934.748546533516,757.4973328805268,6456897938.559021
1704405900000,27934.748546533516,28002.79428545401,27827.461422114444,27895.411340259478,591.7428956256806,6399149457.095448
1704406200000,27895.411340259478,27928.03492146002,27854.073464084668,27886.686842016534,632.077436829416,6381294572.722876
1704406500000,27886.686842016534,27942.863989139463,27803.228875607896,27859.350955158745,741.2179381140559,6368616643.413702
1704406800000,27859.350955158745,27901.5965754612,27802.573908276652,27844.797459815214,763.7380761222278,6360595570.0470915
1704407100000,27844.797459815214,27887.36331460967,27785.49684954868,27828.037083048355,396.0144660858663,6352202955.543616
1704407400000,27828.037083048355,27898.0367365472,27788.52433156067,27858.480758389433,803.1363571613175,6351420524.687977
1704407700000,27858.480758389433,27896.58253511778,27791.699639072587,27829.762137618967,374.3845958144765,6334284290.473511
1704408000000,27829.762137618967,27863.54618429403,27774.456927633502,27808.214816855736,484.0957409296123,6333406522.651753
1704408300000,27808.214816855736,27832.363460081106,27789.996712304106,27814.141472776202,792.4057251723808,6328843029.898133
1704408600000,27814.141472776202,27833.71333130596,27781.884759306573,27801.44768565318,647.4482993576648,6320880426.18078
1704408900000,27801.44768565318,27857.751817692988,27725.570081383907,27781.834492332964,531.422531337691,6316888324.383109
1704409200000,27781.834492332964,27846.07799089093,27681.378834852134,27745.538401304315,934.8160309888544,6310820138.639189
1704409500000,27745.538401304315,27840.29644114125,27684.28430537031,27778.968541161197,404.4011448667363,6301277670.866033
1704409800000,27778.968541161197,27829.824785601133,27699.92112761121,27750.725666512306,806.4945318289352,6300036147.635113
1704410100000,27750.725666512306,27791.69369119599,27682.900898999153,27723.82921681432,461.81220054422215,6288523892.385408
1704410400000,27723.82921681432,27833.965409511067,27661.11813310588,27771.14729268705,624.9941500653039,6286405259.085899
1704410700000,27771.14729268705,27808.79380502993,27707.266113000675,27744.877013404926,327.61116397808553,6282893174.860764
1704411000000,27744.877013404926,27787.097855524888,27692.68771954598,27734.893369027934,518.894974873935,6278128990.757011
1704411300000,27734.893369027934,27798.99273273552,27698.507489448595,27762.570542999663,830.7428033888668,6268366291.331062
1704411600000,27762.570542999663,27826.108032361553,27669.500231962913,27732.969977395285,764.3485192435908,6264754544.409522
1704411900000,27732.969977395285,27769.232064226162,27677.915358090253,27714.15284068127,606.4001617473543,6257978961.6368065
1704412200000,27714.15284068127,27787.148771849188,27660.294295964493,27733.25310845763,365.0659208061956,6246585095.092216
1704412500000,27733.25310845763,27816.080143657076,27686.053593111235,27768.82009647944,580.544259996527,6227887963.742267
1704412800000,27768.82009647944,27880.082586061795,27705.937533630247,27817.090714277365,570.00084283152,6202636903.182389
1704413100000,27817.090714277365,27928.30026874244,27745.40450456678,27856.512466954577,754.1925387105846,6211051954.925882
1704413400000,27856.512466954577,27936.65702723448,27811.79330806761,27891.881089701506,787.3189114666563,6199909517.244392
1704413700000,27891.881089701506,27954.981111657773,27802.862802645624,27865.904056555497,411.57677823751544,6187261786.684135
1704414000000,27865.904056555497,27899.849686919417,27836.269866289316,27870.210916492957,861.5853488315671,6196513611.765162
1704414300000,27870.210916492957,27935.13816811295,27831.94748604463,27896.83818069436,565.8255453811214,6183236985.491679
1704414600000,27896.83818069436,27903.926706538125,27890.0219381948,27897.110397525794,779.1248933670311,6183821143.5772915
1704414900000,27897.110397525794,28017.0364937092,27818.12165585419,27937.932168013387,391.4587306838911,6180211679.065808
1704415200000,27937.932168013387,28043.656675495447,27880.432501643238,27986.057960384373,587.8989846146219,6167340477.968089
1704415500000,27986.057960384373,28025.263998393475,27922.0636862805,27961.23494940587,519.9665614117097,6145811637.751985
1704415800000,27961.23494940587,28051.293793173532,27902.068581566138,27992.062194448146,837.2701028029372,6142561178.380876
1704416100000,27992.062194448146,28057.67644913814,27946.98285493278,28012.564092690147,984.5268902855589,6149768111.241405
1704416400000,28012.564092690147,28087.04861547747,27966.858013451154,28041.29565701844,666.1722226572717,6129678125.823136
1704416700000,28041.29565701844,28113.61339898751,28000.753166074508,28073.025033274975,763.1992839921741,6125151658.715243
1704417000000,28073.025033274975,28096.20637910752,28043.929315275032,28067.10577326905,773.4068978502089,6107622306.884248
1704417300000,28067.10577326905,28112.86839211598,28027.29242969864,28073.04662141986,690.8409656915316,6111390899.126514
1704417600000,28073.04662141986,28194.83272166859,28008.49281607213,28130.147612927227,750.3791015897691,6110396105.972626
1704417900000,28130.147612927227,28176.94505438191,28070.853365510036,28117.629982577964,896.3098060122463,6097168549.356579
1704418200000,28117.629982577964,28221.815280474555,28061.51042201993,28165.599977315658,644.1535728010808,6101548285.335185
1704418500000,28165.599977315658,28208.69738113929,28117.835103343674,28160.9253543243,335.24550016858075,6097463991.730172
1704418800000,28160.9253543243,28194.126171759046,28121.902469714274,28155.096415018674,582.293895423206,6084666262.27522
1704419100000,28155.096415018674,28180.647135986477,28125.14101633185,28150.687736428376,860.8829014087055,6077760409.11314
1704419400000,28150.687736428376,28213.215742570424,28102.15256102365,28164.656483363942,612.9476839396586,6066350916.486424
1704419700000,28164.656483363942,28200.575576670177,28115.278433901785,28151.180340745108,757.3611021968602,6061952246.104108
1704420000000,28151.180340745108,28185.187187315038,28102.74371622137,28136.733110423796,689.9917079833832,6055046963.875003
1704420300000,28136.733110423796,28168.14074070001,28082.639552453624,28114.02183126291,722.9422932432583,6041013850.371457
1704420600000,28114.02183126291,28189.736582178353,28068.239301508293,28143.905388278617,655.8364182236254,6028865141.868768
1704420900000,28143.905388278617,28176.723012510007,28106.58167481499,28139.394038519124,965.2485909953559,6042840228.727374
1704421200000,28139.394038519124,28165.0135498173,28122.8566476904,28148.470824603668,456.0426800774202,6031857484.641516
1704421500000,28148.470824603668,28207.347622392947,28106.769848663673,28165.621238713728,733.830578773959,6020983967.691686
1704421800000,28165.621238713728,28231.72687975585,28118.662076919885,28184.735849107612,801.1394501982087,6012982548.404904
1704422100000,28184.735849107612,28226.915456533367,28131.71131432272,28173.874667547025,455.222975474133,5988695924.342985
1704422400000,28173.874667547025,28225.044610195957,28131.450256646585,28182.607050014976,975.103578418038,5985374050.5343895
1704422700000,28182.607050014976,28215.77141035647,28154.3825399129,28187.541958008973,791.4672372819898,5975371633.920261
1704423000000,28187.541958008973,28214.24236997112,28145.345898093132,28172.03161801622,398.3144311255742,5954637355.326088
1704423300000,28172.03161801622,28285.34087606508,28100.415974379768,28213.61951254748,374.8730538636633,5946628454.346215
1704423600000,28213.61951254748,28291.763891858303,28168.577575312735,28246.669192106092,951.1513814072017,5946924281.680459
1704423900000,28246.669192106092,28297.812358299645,28210.536513969437,28261.66050352214,846.9942825541283,5950089283.010904
1704424200000,28261.66050352214,28356.71132685563,28209.521052760992,28304.492855426088,590.1292415898312,5945869786.228477
1704424500000,28304.492855426088,28460.978489433157,28209.299878359725,28365.580065358652,712.1677755285309,5939809799.969694
1704424800000,28365.580065358652,28483.596570664766,28296.12726879483,28414.025156851578,760.9196865001418,5936915163.0692
1704425100000,28414.025156851578,28553.6448481548,28339.16366199779,28478.613185352733,649.1800494718279,5937863804.915425
1704425400000,28478.613185352733,28543.457115505473,28442.531605254255,28507.33914045184,954.7157965821568,5950038704.914949
1704425700000,28507.33914045184,28640.724234666333,28429.611267204393,28562.84501955166,655.8330293503183,5943285723.913622
1704426000000,28562.84501955166,28700.87956137932,28488.017197575067,28625.88658557871,704.9880699929236,5941471112.431298
1704426300000,28625.88658557871,28730.472553530522,28568.573216443627,28673.064726597484,571.1839054544662,5928131819.826877
1704426600000,28673.064726597484,28782.161412798632,28600.50943574282,28709.513889751168,652.8770835472151,5926208558.748611
1704426900000,28709.513889751168,28785.583319585647,28651.754010295925,28727.7866776123,941.1371691879694,5937603403.07174
1704427200000,28727.7866776123,28750.76890695439,28262.913633595177,28693.313333599166,1418.876703964889,5942788256.582309
1704427500000,28693.313333599166,28871.62563913166,28667.489351598928,28837.02121367525,2273.4424849208904,5990146708.232301
1704427800000,28837.02121367525,28898.166394471227,28801.27301572752,28862.38675179586,588.9218309653336,5982041729.195975
1704428100000,28862.38675179586,28988.527945930462,28783.53350498348,28909.545858467798,509.239194468797,5971481988.501596
1704428400000,28909.545858467798,29040.792405389635,28826.17086401031,28957.279746622935,798.3120494766015,5971926714.832206
1704428700000,28957.279746622935,29122.303179123624,28860.99546940493,29025.791098532598,440.62235762774105,5954262872.5387
1704429000000,29025.791098532598,29125.663915445577,28967.93332259538,29067.722556570152,541.7055066290068,5939958827.2934475
1704429300000,29067.722556570152,29201.033981806122,28981.114329092707,29114.287014008918,755.0604714648846,5940812158.597191
1704429600000,29114.287014008918,29281.917062738943,29018.87621079345,29186.27036197105,786.0183816091285,5931897960.590995
1704429900000,29186.27036197105,29229.85908753741,29159.544136350665,29203.11743484583,546.5664617240142,5937069148.386488
1704430200000,29203.11743484583,29291.147246770382,29146.213835063336,29234.18311410186,767.0100666365515,5930542523.22549
1704430500000,29234.18311410186,29318.21742188774,29176.15029984423,29260.133094291272,888.9725116918381,5939910885.359664
1704430800000,29260.133094291272,29325.344976143926,29209.738592423142,29274.92499829346,865.8133455286871,5929753420.608608
1704431100000,29274.92499829346,29353.644378142446,29232.22014171206,29310.887061827478,401.7286981429569,5907962512.06785
1704431400000,29310.887061827478,29422.572168107054,29248.650216064543,29360.230549567048,825.1295130690376,5904132432.23736
1704431700000,29360.230549567048,29386.06434997951,29339.33032190719,29365.160612829342,475.3927052207281,5905370121.630446
1704432000000,29365.160612829342,29525.705357332576,29269.889610469512,29430.223268627407,506.59839617312423,5889450149.076483
1704432300000,29430.223268627407,29553.370422536325,29365.200266970325,29488.219284744573,869.818352288128,5893850286.599246
1704432600000,29488.219284744573,29526.579969930986,29450.732584574223,29489.092160123688,817.6447361209949,5901007474.251452
1704432900000,29489.092160123688,29658.854625786014,29388.243607858396,29557.771200850155,692.8893869535675,5893797427.945536
1704433200000,29557.771200850155,29618.685093608157,29510.45992320162,29571.352077898235,859.1752267426994,5902052720.020722
1704433500000,29571.352077898235,29637.65129250921,29523.47023799596,29589.73967946055,948.5393678181457,5900632582.212351
1704433800000,29589.73967946055,29684.948104457617,29522.222876597898,29617.368259695133,983.0759054392884,5915308619.61621
1704434100000,29617.368259695133,29685.6657425017,29570.46320776852,29638.726864933356,309.0756663722468,5901033773.205894
1704434400000,29638.726864933356,29699.31162998283,29594.44717612894,29655.00761804589,846.6474250131198,5908249831.707656
1704434700000,29655.00761804589,29834.126945908905,29547.8440977374,29726.704337054485,938.040463951617,5921942706.54515
1704435000000,29726.704337054485,29870.857239208435,29640.187658591873,29784.173302916475,828.575393645985,5919416231.384841
1704435300000,29784.173302916475,29899.43653747712,29712.83291621655,29827.99119619547,843.3027215856325,5926351168.56356
1704435600000,29827.99119619547,30007.98225380072,29729.882250064813,29909.60486749157,424.1981289417842,5920209708.319254
1704435900000,29909.60486749157,30036.275107537112,29839.98959374796,29966.527345453953,421.6565922987136,5916345036.145914
1704436200000,29966.527345453953,30070.59178895688,29904.759980332128,30008.737419923935,599.955470080514,5914406143.84615
1704436500000,30008.737419923935,30112.457430379312,29951.578920762986,30055.21041278168,708.7902403787518,5919502631.3013735
1704436800000,30055.21041278168,30112.581490967452,30017.570611975985,30074.917010500474,796.7825074214198,5929918558.288438
1704437100000,30074.917010500474,30108.549543581812,30052.323825788753,30085.94807200399,525.8410209254639,5912223268.412379
1704437400000,30085.94807200399,30129.639289854906,30044.264301561587,30087.95274196297,730.926073269531,5915256043.396304
1704437700000,30087.95274196297,30226.85684790489,30006.713729317547,30145.462555818056,700.873893388451,5912491410.833248
1704438000000,30145.462555818056,30240.908872832115,30080.57667555068,30175.95735476371,522.5013037605327,5917643415.507374
1704438300000,30175.95735476371,30225.411047646252,30144.893312656357,30194.328094144807,347.72352837309813,5907659301.799247
1704438600000,30194.328094144807,30304.658941468275,30128.656439735758,30238.890365608215,675.925166773736,5898643250.431167
1704438900000,30238.890365608215,30267.953292859213,30217.324413695558,30246.38199801954,449.3476671303372,5891457648.264629
1704439200000,30246.38199801954,30324.79694579877,30197.626054718934,30275.993270325976,452.91170004916034,5876057493.5394945
1704439500000,30275.993270325976,30437.93917773243,30182.461239190758,30344.196445615158,997.6417578230371,5880502651.816129
1704439800000,30344.196445615158,30536.61619766006,30227.233998473093,30419.364015282794,306.1625874065262,5875555227.752672
1704440100000,30419.364015282794,30565.03716247528,30335.43630092941,30480.939559799812,933.1475209413845,5893298504.9492235
1704440400000,30480.939559799812,30623.900216797803,30395.131751223485,30537.93196718345,971.2277712517534,5906269133.362128
1704440700000,30537.93196718345,30683.469122707946,30456.3143346898,30601.68111017252,941.1527012090728,5923806024.748313
1704441000000,30601.68111017252,30798.91914212696,30493.073576442996,30689.998164914792,678.1661190597931,5930207043.825088
1704441300000,30689.998164914792,30785.657296355526,30622.349063591813,30717.946589105763,875.4763449679764,5932810781.7601385
1704441600000,30717.946589105763,30827.37862729432,30645.40570323166,30754.750827665703,611.8898283002027,5891566456.18639
1704441900000,30754.750827665703,30807.34008788093,30708.809824371114,30761.389168328787,434.75867155357395,5835769752.81726
1704442200000,30761.389168328787,30903.40365614896,30669.879696577107,30811.744386888942,417.17636644944645,5827654311.280364
1704442500000,30811.744386888942,31021.480675667528,30694.02461302393,30903.410680302677,305.1314103517916,5818338998.546852
1704442800000,30903.410680302677,30953.84061946052,30862.68236922202,30913.099539211315,841.5075864584936,5829536775.390307
1704443100000,30913.099539211315,31103.647726825962,30807.01038779439,30997.269715904396,372.7487664215691,5829953790.834438
1704443400000,30997.269715904396,31138.37533770223,30910.623214407333,31051.577031258334,983.3567449373195,5833172116.745595
1704443700000,31051.577031258334,31235.85652545315,30944.418694365944,31128.43296037168,957.8257780558195,5850911283.13233
1704444000000,31128.43296037168,31290.07978727591,31041.729101822137,31203.167765470025,621.4576646820292,5841909135.176674
1704444300000,31203.167765470025,31285.503157346942,31157.267954177078,31239.549828096406,337.9876496240087,5819987118.498205
1704444600000,31239.549828096406,31427.194614277756,31132.280423451964,31319.65016356687,702.473605983954,5814120103.623547
1704444900000,31319.65016356687,31390.476546818198,31276.26352841087,31347.051952380803,571.6228225513396,5803150356.975554
1704445200000,31347.051952380803,31501.020961384078,31258.880584281058,31412.665040181048,311.8236778128989,5785021490.617295
1704445500000,31412.665040181048,31579.600818571518,31316.0833649068,31482.803494944812,748.9959225371477,5798285256.3894005
1704445800000,31482.803494944812,31648.733053566553,31382.51479766699,31548.235920824838,709.9256093193724,5798301028.754192
1704446100000,31548.235920824838,31704.89902179639,31465.472185664843,31621.941926084815,949.6334251164336,5796428637.372058
1704446400000,31621.941926084815,31693.721368816183,31567.9753545786,31639.724449337824,510.9454968914098,5795994827.280067
1704446700000,31639.724449337824,31707.641006887694,31588.087621268758,31655.977653180147,606.3733046277575,5800337820.6054735
1704447000000,31655.977653180147,31779.30376037452,31578.65554638801,31701.869559149756,631.791374157566,5810750145.013361
1704447300000,31701.869559149756,31832.407266958526,31630.9029178044,31761.307569864493,573.6947958002932,5816453692.050496
1704447600000,31761.307569864493,31958.812082379376,31649.129581586898,31846.33378939183,972.0939855563041,5818943971.5358305
1704447900000,31846.33378939183,31924.92064343224,31790.934358416456,31869.48094599126,939.9182414692325,5826246875.841268
1704448200000,31869.48094599126,32075.5041628424,31749.497827667776,31955.19833328807,561.1913604302267,5815744572.104843
1704448500000,31955.19833328807,32185.364396884248,31826.51051012769,32056.26954653906,688.5488219481833,5819939976.028263
1704448800000,32056.26954653906,32107.393590573858,32027.415168474505,32078.51918524175,717.6584212173311,5831163852.99756
1704449100000,32078.51918524175,32246.419713671286,31973.236872147507,32140.93255869245,513.2838066446559,5834636399.283816
1704449400000,32140.93255869245,32348.947155886894,32016.44780820838,32224.14013490416,540.6961548940528,5821197941.235031
1704449700000,32224.14013490416,32358.270736390088,32141.42948938297,32275.42844765244,658.7868861833109,5811459034.658107
1704450000000,32275.42844765244,32345.090820144655,32233.112005983283,32302.738572063554,884.3238568076434,5813086823.903132
1704450300000,32302.738572063554,32378.025712589373,32258.370916958545,32333.615647970033,859.762037523872,5827536449.974195
1704450600000,32333.615647970033,32563.580298476543,32199.08060620325,32428.64983454605,952.658905782204,5846169463.987445
1704450900000,32428.64983454605,32672.420313059578,32294.77271265449,32538.091377145127,684.7652267754167,5838106287.7530775
1704451200000,32538.091377145127,32630.154000384955,32487.523336764607,32579.52157258319,368.74168096626033,5819474068.143245
1704451500000,32579.52157258319,32773.964988693726,32469.660584470428,32663.81973980915,531.5956521779063,5807254341.793197
1704451800000,32663.81973980915,32748.657462621206,32605.311884693507,32690.102529433872,370.03154009279604,5797565093.50397
1704452100000,32690.102529433872,32881.79410348662,32573.466170997017,32764.89090453688,522.4501560636078,5788966281.409689
1704452400000,32764.89090453688,32913.16071790162,32675.44294633089,32823.552613577216,513.9728425847045,5792801880.762716
1704452700000,32823.552613577216,32997.04536447641,32722.496992988577,32895.767412338515,555.1454049750405,5786216325.118695
1704453000000,32895.767412338515,33011.83238566105,32826.04065470086,32942.00761603796,303.38231786526995,5777116178.43523
1704453300000,32942.00761603796,33036.757006092485,32886.993343568036,32981.67648526254,817.8713511570318,5793286877.400334
1704453600000,32981.67648526254,33139.31193448311,32883.02359965035,33040.48314977282,394.0140826680222,5796970807.20858
1704453900000,33040.48314977282,33259.506395892495,32910.43843493403,33129.11284163292,623.9938632529272,5787350641.043156
1704454200000,33129.11284163292,33251.92666341147,33058.37649241103,33181.079356749244,686.170278312138,5792629301.153463
1704454500000,33181.079356749244,33280.18833238742,33116.16300693074,33215.20521782292,889.2550967367824,5802521826.539527
1704454800000,33215.20521782292,33432.788516087385,33100.47896179133,33317.70821182226,677.0326259546157,5800953456.847639
1704455100000,33317.70821182226,33447.09653584472,33232.01992271659,33361.29614492851,353.52366499005075,5785263059.784288
1704455400000,33361.29614492851,33419.004144807695,33328.745357951106,33386.42883573556,655.0248178999018,5777427734.11701
1704455700000,33386.42883573556,33458.46922830375,33335.42969547429,33407.43799568841,583.5941272857799,5779669012.702681
1704456000000,33407.43799568841,33605.35893062079,33287.10965273657,33484.75211436047,686.1157989683109,5774194901.425798
1704456300000,33484.75211436047,33678.03563767042,33364.82747579277,33557.84920406142,630.4727655480481,5773064784.963692
1704456600000,33557.84920406142,33773.365540523926,33439.54035050804,33654.71518406395,456.3146533370485,5759148672.960867
1704456900000,33654.71518406395,33885.67626402599,33521.255808762566,33751.83176828633,503.69941215006173,5763675529.642767
1704457200000,33751.83176828633,33912.528924409795,33657.86423535495,33818.376127185824,577.7496103547952,5770075049.134553
1704457500000,33818.376127185824,33993.757137336856,33713.966578327454,33889.129148332504,893.5872880727065,5775770194.233912
1704457800000,33889.129148332504,34125.52259916926,33755.25972262734,33991.249774794356,416.0904864225108,5775807097.4359665
1704458100000,33991.249774794356,34162.2277635388,33893.36604274039,34064.13414821998,425.4016287360345,5763511376.246697
1704458400000,34064.13414821998,34333.871044257925,33912.64365015823,34181.85700743549,977.4148918862592,5778885104.934092
1704458700000,34181.85700743549,34402.033116288774,34058.6086572785,34278.436532648186,551.1568771920641,5776149718.638577
1704459000000,34278.436532648186,34393.332776048,34207.576622789384,34322.38202268006,344.00281298942843,5775384552.584936
1704459300000,34322.38202268006,34450.684353863646,34253.9766156365,34382.15980812677,444.74185230225066,5764043037.761204
1704459600000,34382.15980812677,34635.7442357239,34244.70822828588,34497.830233429406,628.7719603071463,5766563282.206198
1704459900000,34497.830233429406,34645.675410136864,34419.57541782373,34567.26309315797,986.4128474441716,5780358340.473615
1704460200000,34567.26309315797,34716.10794213623,34474.863439636014,34623.55781062084,664.9610328934855,5786764483.399184
1704460500000,34623.55781062084,34883.96899480361,34472.78379542292,34732.71961644801,484.3212485689074,5785005309.023995
1704460800000,34732.71961644801,34907.205224104786,34638.48914673106,34812.75760992567,757.572719193719,5801207725.51897
1704461100000,34812.75760992567,34970.744324434454,34716.72152366968,34874.53780846008,884.8283473736511,5821401669.029491
1704461400000,34874.53780846008,35053.45158424589,34773.83148511463,34952.520073480344,935.0696985127737,5825121236.504735
1704461700000,34952.520073480344,35131.29752410549,34852.3476087489,35030.90042455695,907.4035953098731,5830661103.470852
1704462000000,35030.90042455695,35209.810280229794,34927.920434363215,35106.60773401008,722.9476861999808,5836113255.835642
1704462300000,35106.60773401008,35275.08168595882,35016.0331048227,35184.30659463784,415.9240757002945,5823669212.817783
1704462600000,35184.30659463784,35285.148264639116,35116.81507905138,35217.59289833902,448.06197289502836,5811971187.09599
1704462900000,35217.59289833902,35330.36526705413,35150.07427946193,35262.76005441108,802.1118959178668,5812842980.885292
1704463200000,35262.76005441108,35290.97026245461,34692.138071210604,35220.44474234579,1384.2770660794597,5839971528.070157
1704463500000,35220.44474234579,35439.319385049865,35188.74634207768,35396.84317324197,2048.230092987454,5900100434.9450035
1704463800000,35396.84317324197,35579.31411401455,35292.01353239265,35474.25521327575,447.4927657362344,5890523008.457403
1704464100000,35474.25521327575,35604.4048888406,35387.94835253562,35517.9916198917,315.7122267080039,5872652784.480936
1704464400000,35517.9916198917,35612.48013510693,35455.001991172256,35549.43474336197,412.7903982572766,5865685085.913476
1704464700000,35549.43474336197,35746.97747935716,35446.40906800933,35643.6786760383,700.5885094613252,5863206634.425864
1704465000000,35643.6786760383,35728.67834547094,35592.11542929648,35677.06679843977,426.02627770340797,5861667511.285617
1704465300000,35677.06679843977,35970.91181024276,35514.04412488393,35807.294076583654,694.5232916350357,5872112730.747834
1704465600000,35807.294076583654,35905.423147744805,35739.21830055331,35837.29034369226,763.2215438404107,5874627717.981402
1704465900000,35837.29034369226,35965.701791156556,35767.714096616124,35896.01153991276,614.4423531336197,5879360785.133058
1704466200000,35896.01153991276,36212.08427295421,35716.04544010169,36031.43920110847,419.3967487927874,5873739808.187197
1704466500000,36031.43920110847,36302.335972550965,35879.648049455034,36150.04516459211,856.2312491823159,5877096246.577361
1704466800000,36150.04516459211,36401.88691769471,36016.78197204552,36268.18820373999,761.7541250404971,5890165784.296979
1704467100000,36268.18820373999,36423.63725050585,36171.15583153093,36326.449006603485,539.8698921922323,5892694081.045492
1704467400000,36326.449006603485,36518.03076491165,36214.27515541215,36405.61246181577,460.8696510251458,5888388389.198147
1704467700000,36405.61246181577,36562.05083321905,36321.464531370366,36477.736195978854,441.6439843617226,5892894736.962481
1704468000000,36477.736195978854,36756.36427305874,36323.99772188667,36602.10165034392,593.8565088701243,5905164103.346914
1704468300000,36602.10165034392,36707.7972014517,36543.51646853592,36649.136735469045,633.1084298426341,5914871249.82087
1704468600000,36649.136735469045,36855.373676532545,36541.63934286767,36747.58751309406,848.7077643871379,5919211244.300788
1704468900000,36747.58751309406,36933.63144428555,36648.4166289357,36834.226746428,637.5686545787366,5927914029.357414
1704469200000,36834.226746428,36960.0291380964,36754.35470501985,36880.05771593784,879.2652450564514,5937654923.197139
1704469500000,36880.05771593784,37184.1627350304,36707.4771426578,37010.96955856455,754.4622145745736,5954248298.079155
1704469800000,37010.96955856455,37214.994556640995,36897.169430505375,37100.91785846842,330.406798335537,5941249640.65664
1704470100000,37100.91785846842,37301.283878655515,36992.05011817447,37192.1484342936,861.6101372054696,5951703212.050885
1704470400000,37192.1484342936,37458.3364618082,37047.06309400532,37312.780539668776,712.3336602988445,5953151924.271215
1704470700000,37312.780539668776,37586.48314419412,37155.393153361954,37428.60719460626,787.6953222102268,5956642300.491462
1704471000000,37428.60719460626,37530.37949324807,37371.00548616366,37472.70991180543,633.9988659031781,5968613838.503424
1704471300000,37472.70991180543,37637.99754433785,37367.088044307515,37532.20797355908,498.2866676062691,5976014120.236937
1704471600000,37532.20797355908,37823.31867994426,37373.97587735484,37664.52873243898,432.31470960250954,5983131391.8956785
1704471900000,37664.52873243898,37936.28353203452,37507.28298260247,37778.56170560882,704.5910020603123,5984442506.696455
1704472200000,37778.56170560882,37881.60087087969,37723.1360744138,37826.105487317414,758.1822845622382,5986237206.524283
1704472500000,37826.105487317414,38073.3293303898,37691.741094215744,37938.565461424194,553.5888528422136,5982248536.457421
1704472800000,37938.565461424194,38080.561358987194,37849.003487241665,37990.875895008845,477.54290836238874,5989373404.048088
1704473100000,37990.875895008845,38283.06277594548,37831.60593449572,38123.23791132405,555.9508661055302,5990219791.363896
1704473400000,38123.23791132405,38295.642144710124,38017.74765779087,38189.96724541344,828.4803304268834,6001689878.359806
1704473700000,38189.96724541344,38399.37869758444,38063.619761327034,38272.757311285364,637.7274299048164,5999851065.683691
1704474000000,38272.757311285364,38462.52404496382,38161.417621693574,38350.95686421224,477.64435180988744,6004012971.714188
1704474300000,38350.95686421224,38517.0767558557,38256.22593834601,38422.16992618299,793.8462255797597,6014683523.033764
1704474600000,38422.16992618299,38711.75167016096,38254.09089013505,38543.14343156638,761.4979943883421,6022701515.873444
1704474900000,38543.14343156638,38817.80478736009,38391.87172644201,38666.050703505214,789.5180096065374,6036616480.729936
1704475200000,38666.050703505214,38794.8023798058,38592.885402608634,38721.53209501171,580.3926344980059,6035431731.885095
1704475500000,38721.53209501171,38907.549754908345,38611.96747788149,38797.76942024582,787.9401861071221,6044767979.199658
1704475800000,38797.76942024582,39052.25752786112,38663.11105560604,38917.18469954305,975.1991759621623,6069286561.705686
1704476100000,38917.18469954305,39005.33780950055,38867.113946194055,38955.21812244394,401.7299050850276,6057399145.066758
1704476400000,38955.21812244394,39275.61795182275,38781.27207736703,39101.020856382056,344.8563194585174,6055002959.236971
1704476700000,39101.020856382056,39240.525978922,39025.542089447365,39164.92385664881,326.4287367995553,6050147355.2385
1704477000000,39164.92385664881,39385.81752984631,39027.573006540595,39248.17472010325,729.7759135016997,6062522046.772126
1704477300000,39248.17472010325,39489.222437988676,39107.14756002126,39347.83716922351,718.2307946698675,6069330053.666832
1704477600000,39347.83716922351,39695.56413377992,39151.04993042424,39498.02576856837,748.2039201710959,6056811703.923134
1704477900000,39498.02576856837,39697.43912025172,39389.71363545965,39588.8778510745,759.81895589479,6031955675.204574
1704478200000,39588.8778510745,39879.987551897946,39432.83565045924,39723.415063891574,323.5265459773809,6035099161.327744
1704478500000,39723.415063891574,39977.88281163809,39580.114715950534,39834.18287404169,462.1696809726431,6028052996.830853
1704478800000,39834.18287404169,39963.60850593103,39764.67694567979,39893.998206902004,467.47963770116405,6020670852.866296
1704479100000,39893.998206902004,39989.131972216455,39838.700834366726,39933.77945858744,997.7720006790444,6037012336.159421
1704479400000,39933.77945858744,40225.84699942284,39775.55538514672,40067.094709461395,576.6001819358444,6035870056.020095
1704479700000,40067.094709461395,40321.61866961185,39923.57745158138,40177.70521339671,815.8478781024764,6046804559.415003
1704480000000,40177.70521339671,40287.485919786785,40116.66046310926,40226.36723394535,499.1456509254656,6038798675.933895
1704480300000,40226.36723394535,40560.63669996939,40033.46271030522,40367.05749972862,543.6666737737697,6044677718.891997
1704480600000,40367.05749972862,40704.151351559136,40188.125772295396,40524.52164578891,724.4543855945765,6054391400.8243475
1704480900000,40524.52164578891,40707.47975448863,40406.478684408,40589.24825244101,702.4347052220703,6070141424.656582
1704481200000,40589.24825244101,40763.46636470782,40488.25597088581,40662.29233825224,374.5254694748036,6059206277.469076
1704481500000,40662.29233825224,40785.38788027624,40589.544323177484,40712.54995041025,962.9108256243638,6073440853.045394
1704481800000,40712.54995041025,41047.397461491004,40518.018526365384,40852.19877184541,913.2791323701468,6098794286.844788
1704482100000,40852.19877184541,41172.12076228116,40674.369072960806,40993.67521616558,785.9343030299101,6117558697.222658
1704482400000,40993.67521616558,41352.082368838805,40796.90653908467,41154.54153719967,838.9770349136835,6140106187.242002
1704482700000,41154.54153719967,41482.55115925165,40963.00177357164,41290.37918566315,621.1939005338868,6155610624.165485
1704483000000,41290.37918566315,41527.27685760775,41153.4283406922,41389.995607505785,319.1454882724517,6154420783.09284
1704483300000,41389.995607505785,41516.06938863834,41321.18959652269,41447.16833470494,743.5632582907319,6171744265.286375
1704483600000,41447.16833470494,41822.95921348754,41238.7131977493,41613.66668671335,460.9510970124079,6173336435.746677
1704483900000,41613.66668671335,41835.07055587015,41475.08507583776,41696.214046218156,661.5529520433868,6174042502.465107
1704484200000,41696.214046218156,41835.31395375001,41601.725724888354,41740.72476611135,473.7803265534543,6175659051.769122
1704484500000,41740.72476611135,41893.07001288505,41643.569767442445,41795.78685264316,874.7522826447711,6198000319.5305195
1704484800000,41795.78685264316,41957.15154645036,41687.63653459976,41848.863886857405,633.5888178625028,6213463072.177918
1704485100000,41848.863886857405,42078.54860347659,41707.52965952146,41936.91699845018,488.35304772815937,6214476925.449001
1704485400000,41936.91699845018,42306.44575050948,41731.17028608282,42099.899430019526,936.9492212915214,6239377978.202843
1704485700000,42099.899430019526,42332.887736569435,41974.31143828489,42206.98031240967,814.8003456699815,6255874678.58019
1704486000000,42206.98031240967,42536.003690916776,42033.329736715496,42361.71649004523,441.93659115179133,6253830020.062838
1704486300000,42361.71649004523,42554.20264604049,42245.61873456432,42437.89611047043,409.1968979333112,6247995010.561661
1704486600000,42437.89611047043,42609.72629174007,42324.38450760425,42496.05911622266,773.0684874135686,6262965366.710668
1704486900000,42496.05911622266,42794.914222957304,42326.98797103173,42625.32877667621,834.9709488448689,6278229987.968616
1704487200000,42625.32877667621,42864.579945919344,42500.52682917593,42739.4438828147,637.6044568407353,6278312099.701821
1704487500000,42739.4438828147,43022.940941212415,42581.02695021728,42864.0621019026,989.7529305271139,6308503346.592362
1704487800000,42864.0621019026,43239.234809644586,42650.24641026537,43024.61822753256,643.5637461245826,6321574775.12843
1704488100000,43024.61822753256,43426.38192048424,42796.2451585349,43197.09335991615,496.18663622823095,6321470162.671861
1704488400000,43197.09335991615,43384.64545082915,43084.14873047101,43271.50625881883,337.9037199021489,6314221340.95984
1704488700000,43271.50625881883,43604.62555602463,43088.516984374735,43421.004075784556,678.537561914279,6327864820.284884
1704489000000,43421.004075784556,43673.32450360329,43280.42471307494,43532.38453674476,780.4370525712726,6337439778.325103
1704489300000,43532.38453674476,43730.100187112635,43403.76943810772,43601.28153440329,788.7711976672977,6349318403.175206
1704489600000,43601.28153440329,43859.1137090215,43450.15933085771,43707.62292581877,308.27398502731427,6337156831.977136
1704489900000,43707.62292581877,43894.88325532533,43594.48098995486,43781.54995131516,527.8053399407985,6334331900.449481
1704490200000,43781.54995131516,44058.123411335306,43632.27928336623,43908.420186640644,683.994380265432,6337534389.84595
1704490500000,43908.420186640644,44097.76966363527,43797.035626347744,43986.18782650266,729.1588301969134,6356787351.971787
1704490800000,43986.18782650266,44211.40678368773,43856.15661563816,44081.09500984245,447.3727374774594,6353806451.708448
1704491100000,44081.09500984245,44388.915581439476,43913.19498474658,44220.484636641355,898.0282610685737,6377987719.950376
1704491400000,44220.484636641355,44407.00812323233,44118.125156023794,44304.454273681324,391.79741654910674,6369845171.660676
1704491700000,44304.454273681324,44572.87734256183,44159.9378068628,44427.95801952308,369.9088186366172,6376962955.721091
1704492000000,44427.95801952308,44615.73976514311,44323.43625487737,44511.022581778794,602.5531262115844,6382622714.00993
1704492300000,44511.022581778794,44724.01479981121,44396.30669385544,44609.04628062937,971.4035445226684,6409449188.203554
1704492600000,44609.04628062937,44795.81133774288,44489.72875073034,44676.3138845992,423.625093661729,6410748650.316611
1704492900000,44676.3138845992,44967.61312469812,44499.73563364294,44790.58323660886,894.5729407776623,6430167243.409553
1704493200000,44790.58323660886,45072.461843442245,44626.015004649205,44907.4641710213,849.7330556857148,6447060468.120719
1704493500000,44907.4641710213,45122.850479218876,44780.25828121358,44995.39551312015,697.4841634437182,6467423738.671346
1704493800000,44995.39551312015,45244.72224629316,44847.756132202165,45096.750298950035,342.02546440681164,6460473816.883241
1704494100000,45096.750298950035,45447.740311589856,44904.18819359285,45254.5045989343,740.9035486535081,6483584005.683642
1704494400000,45254.5045989343,45499.77464662524,45118.42096873527,45363.36366918001,552.673414738585,6495193292.431021
1704494700000,45363.36366918001,45671.906518419884,45179.44455977969,45487.48418059751,480.40037781669344,6495005412.073528
1704495000000,45487.48418059751,45604.59100914899,45421.11010486217,45538.14301344932,907.1580087818958,6518315703.189477
1704495300000,45538.14301344932,45917.98185812929,45338.626967608136,45717.67921121278,703.1261202313441,6535697104.788118
1704495600000,45717.67921121278,46011.128382612435,45561.82888984561,45854.81058413557,846.216368669466,6548563222.000695
1704495900000,45854.81058413557,46095.414676049426,45711.55316835425,45951.85408159421,641.2456210130531,6566795800.526686
1704496200000,45951.85408159421,46310.325685599564,45743.83394373927,46101.62753604597,566.749698888992,6570543075.546705
1704496500000,46101.62753604597,46321.976427251466,45969.49520950481,46189.59198494115,401.3938367946472,6576280090.515391
1704496800000,46189.59198494115,46386.967362148156,46063.99778747343,46261.178513629544,536.1718169992532,6583727226.057039
1704497100000,46261.178513629544,46574.65286521776,46084.20854382833,46397.16269430794,894.2305403571661,6616127454.471419
1704497400000,46397.16269430794,46532.30982865195,46320.48785612411,46455.53851997883,459.75255757151126,6623094010.321488
1704497700000,46455.53851997883,46666.49562682794,46337.41106752068,46548.132725208634,487.2306736094465,6622710132.702281
1704498000000,46548.132725208634,46850.02116890628,46385.20038012226,46686.604132602166,611.4288713535802,6630058015.83796
1704498300000,46686.604132602166,47055.72386533029,46487.56365896561,46855.96136565422,710.8438414682073,6646559420.645528
1704498600000,46855.96136565422,47258.11335862923,46638.98783180232,47040.28628070247,428.7203393723688,6656602082.560973
1704498900000,47040.28628070247,47194.81813700757,46937.83213983158,47092.250816937805,763.4157834660477,6676432020.999678
1704499200000,47092.250816937805,47129.92461759135,46330.204014218114,47035.74011595748,1760.5575427397475,6743385382.886914
1704499500000,47035.74011595748,47328.039968713856,46993.40794985312,47271.31439144412,1550.2194185356873,6795657118.539161
1704499800000,47271.31439144412,47411.00918144244,47194.9816100419,47334.574249275815,915.083683514819,6817012409.642492
1704500100000,47334.574249275815,47598.88957730074,47197.11800621688,47461.066011145725,577.9087645321185,6832971616.650098
1704500400000,47461.066011145725,47790.98212496129,47289.27627762619,47618.622102545385,483.71658498549095,6831992968.52076
1704500700000,47618.622102545385,47807.46823258148,47500.81549512459,47689.48630988516,919.8299219674792,6860074441.31385
1704501000000,47689.48630988516,47899.208464132345,47572.89092091867,47782.38594608447,498.92269604066234,6862178824.969606
1704501300000,47782.38594608447,48076.75461367646,47626.884963146695,47920.80317155399,886.9624452250122,6893746230.263371
1704501600000,47920.80317155399,48074.129511566774,47820.32452538679,47973.54028807782,902.2581721893748,6920577773.978869
1704501900000,47973.54028807782,48201.52624544299,47841.17581051072,48068.898663226275,982.4870818080663,6953265938.762763
1704502200000,48068.898663226275,48347.5768946071,47917.09556791591,48195.37438498564,611.3914526595207,6959295261.928257
1704502500000,48195.37438498564,48623.682664800814,47956.69462849549,48384.06843172031,423.9256479857985,6952227386.875262
1704502800000,48384.06843172031,48701.49682675048,48202.450180066684,48519.37069386463,745.095795498085,6969698633.725449
1704503100000,48519.37069386463,48821.30375202732,48348.543452797734,48650.01653244376,747.6697740975685,6984647467.991214
1704503400000,48650.01653244376,48867.71464266913,48526.28781983115,48743.74754949885,677.7676854952417,6995977111.742464
1704503700000,48743.74754949885,49112.3310478882,48542.002509186925,48909.89832767627,556.0483253638645,7003779368.163441
1704504000000,48909.89832767627,49110.91528238836,48795.69134485942,48996.50606630472,300.06464247644965,6997373212.345446
1704504300000,48996.50606630472,49393.4722739591,48768.586823872414,49164.77030920943,540.719442074996,6998755452.041578
1704504600000,49164.77030920943,49410.63559908491,49036.82888025835,49282.388093500136,945.461877020837,7027207099.337055
1704504900000,49282.388093500136,49698.05528467239,49055.952395068125,49470.75410889831,306.3928197034332,7032923759.6757145
1704505200000,49470.75410889831,49722.86395280417,49331.21576433046,49583.00897957145,461.85077546341097,7039429170.055222
1704505500000,49583.00897957145,49713.9973333842,49501.48126565785,49632.388426467136,588.2151083462942,7044389245.055795
1704505800000,49632.388426467136,49929.539691900245,49467.31297327453,49764.02641571701,414.28864673120216,7047742455.255024
1704506100000,49764.02641571701,50114.18378321219,49572.6389467663,49922.18804046961,564.8506421924733,7054620426.2583275
1704506400000,49922.18804046961,50132.61249099556,49799.443653813025,50009.65305288141,467.6932704569924,7058595491.9131155
1704506700000,50009.65305288141,50400.34832062275,49782.37020800419,50172.326162336125,865.3024582993029,7081684913.664994
1704507000000,50172.326162336125,50501.993276423345,49994.17368084873,50323.3046985868,820.0488244918062,7104494682.42294
1704507300000,50323.3046985868,50698.94916104673,50118.32909634061,50493.281214786475,897.4374163741228,7122647731.813447
1704507600000,50493.281214786475,50671.99510253402,50390.17841091964,50568.73822214764,745.8248966838428,7147526251.69848
1704507900000,50568.73822214764,50878.636353505186,50400.71031483153,50710.13860629437,735.9276461928874,7164176450.505991
1704508200000,50710.13860629437,50873.940375989485,50622.64229772896,50786.31263519926,334.74245055616905,7158596881.470074
1704508500000,50786.31263519926,51066.11523206169,50635.85788545906,50915.2784204246,371.59144205957784,7164691168.144388
1704508800000,50915.2784204246,51146.35417855181,50772.9240557666,51003.752448771105,808.9749493132745,7178470965.212801
1704509100000,51003.752448771105,51189.00830818987,50901.49591900462,51086.585707474136,645.5056872370217,7189138130.869222
1704509400000,51086.585707474136,51315.06947078421,50957.81008662907,51186.043144338015,859.6236463552491,7221917537.171873
1704509700000,51186.043144338015,51626.01033221172,50947.16749079107,51386.200581483725,853.9972999857067,7255224688.017768
1704510000000,51386.200581483725,51644.33023997961,51226.14141065228,51483.966544998126,966.1508292128256,7278099106.564159
1704510300000,51483.966544998126,51653.0164500539,51370.39403898899,51539.32183149148,349.9692863243398,7272198821.381198
1704510600000,51539.32183149148,51800.23329884911,51397.93238510735,51658.516860982905,889.0775015581818,7301423937.583805
1704510900000,51658.516860982905,52066.99934332365,51423.831000400496,51831.52749136656,385.37308933003953,7301197361.401125
1704511200000,51831.52749136656,52189.38551007717,51639.97904469501,51997.22471322031,839.8577331191342,7323246841.562698
1704511500000,51997.22471322031,52284.50754055098,51825.56131687399,52112.463694765815,323.45720409919255,7321615245.851571
1704511800000,52112.463694765815,52407.545568967056,51935.80445760014,52230.48623993621,664.7973840400987,7329121529.475108
1704512100000,52230.48623993621,52670.88350188374,51990.705408162736,52430.185884715815,777.0096240404973,7351127831.321729
1704512400000,52430.185884715815,52650.82936195021,52304.57173497421,52524.98808165088,740.4149778914896,7369837210.675151
1704512700000,52524.98808165088,52699.02141259485,52403.23655745386,52577.148980822036,664.6483770422567,7388404934.322877
1704513000000,52577.148980822036,52798.631760250115,52441.11719667038,52662.379461017095,439.1065422616799,7392785545.976878
1704513300000,52662.379461017095,53098.92639622532,52411.99085492005,52847.656869960185,452.451774338572,7389659774.266523
1704513600000,52847.656869960185,53024.160219480575,52734.119268621485,52910.48763289302,527.1594413410678,7376839763.519554
1704513900000,52910.48763289302,53081.23166555624,52811.12631467442,52981.7365480391,383.75471440751704,7331612445.531627
1704514200000,52981.7365480391,53333.2283294787,52800.69883975773,53151.6101658843,329.3953583147668,7332122649.555327
1704514500000,53151.6101658843,53531.64111956147,52941.45719951248,53320.81912801397,717.3485987521287,7355650390.595699
1704514800000,53320.81912801397,53544.482876831775,53200.90888766115,53424.33983448907,410.38891933816257,7354458202.344936
1704515100000,53424.33983448907,53591.86724383429,53315.46292220955,53482.87104701683,951.594149163039,7392562777.007873
1704515400000,53482.87104701683,53941.80550495377,53228.4793596202,53686.445514039355,341.8425921265957,7395168945.330398
1704515700000,53686.445514039355,54037.45995294379,53483.2572467779,53833.71431422583,854.026371055649,7419161309.727461
1704516000000,53833.71431422583,53986.75011911066,53744.35035663534,53897.28064142667,987.1729976746835,7449426304.829649
1704516300000,53897.28064142667,54298.66459203139,53667.09259746474,54067.748502737915,863.86776361061,7480172245.244495
1704516600000,54067.748502737915,54319.21973145559,53930.49079949323,54181.67281717149,782.4749861988296,7500145136.195929
1704516900000,54181.67281717149,54402.95215127739,54061.34682367809,54282.40245863346,929.0641309890299,7524565515.254886
1704517200000,54282.40245863346,54564.6652238741,54121.77313931407,54403.67703589904,506.30021750862784,7526763488.018558
1704517500000,54403.67703589904,54738.96523131422,54224.654131628755,54559.42980079865,430.63871026437266,7538483865.99997
1704517800000,54559.42980079865,54815.895486878304,54401.90776213808,54658.08860404183,492.7271240008122,7541189396.064263
1704518100000,54658.08860404183,55085.38855998457,54409.38725949007,54835.87824964133,688.1642171162396,7564965502.146835
1704518400000,54835.87824964133,54962.25925197342,54762.1389325363,54888.449241206836,506.97086284751435,7577883042.712109
1704518700000,54888.449241206836,55092.34242914848,54769.01534360709,54972.725152337276,300.50388010697463,7568753165.610273
1704519000000,54972.725152337276,55300.85379142421,54790.90248187053,55118.54880820231,429.874003068005,7568335595.852043
1704519300000,55118.54880820231,55273.18736946383,55007.42513711916,55161.976145184606,843.2115974585572,7594368547.909325
1704519600000,55161.976145184606,55379.93045049953,55023.719232419506,55241.47428513023,760.8025921658739,7610989431.6139
1704519900000,55241.47428513023,55536.54135430958,55075.76670319571,55370.44689386745,666.8488381673167,7619846116.824422
1704520200000,55370.44689386745,55662.54758757242,55200.72547621197,55492.45219942219,729.1274696453687,7631191066.962375
1704520500000,55492.45219942219,55731.98269472575,55345.92096990744,55585.206541671425,377.3248938275829,7643004139.86289
1704520800000,55585.206541671425,55853.01514046201,55443.680230220045,55711.16811639367,884.635350528804,7667180872.759342
1704521100000,55711.16811639367,55901.02344912895,55581.541257557474,55771.256778030285,441.4553200821475,7663916539.243588
1704521400000,55771.256778030285,56027.796766507796,55634.25155326849,55890.49861747,699.7085269482893,7678345164.58274
1704521700000,55890.49861747,56302.39573015159,55657.269321389955,56068.423957214654,668.0749538300881,7690649048.174098
1704522000000,56068.423957214654,56408.10553161784,55884.620950625605,56223.793194981365,556.4478140660074,7709247056.573767
1704522300000,56223.793194981365,56518.790810726736,56068.47352647711,56363.08634133858,951.1477257663357,7750221094.160992
1704522600000,56363.08634133858,56551.83771218084,56246.53056307738,56435.13294548478,922.8371276144265,7784297623.979649
1704522900000,56435.13294548478,56600.57761873198,56319.69473495046,56485.037328652696,342.49013180023604,7782340352.045971
1704523200000,56485.037328652696,56821.45266182933,56279.620450051414,56615.56111259758,591.1672418968271,7791846449.371229
1704523500000,56615.56111259758,56871.87426033706,56457.814892348586,56713.85416912681,876.5500763941803,7825738556.926092
1704523800000,56713.85416912681,56889.00199240007,56619.29258462116,56794.30626645911,349.2716907271709,7823583131.149053
1704524100000,56794.30626645911,57043.50581210442,56631.961985680064,56880.91396663589,972.4107218059874,7857766574.046842
1704524400000,56880.91396663589,57043.89028852437,56769.038803935815,56931.91481575726,672.1627359817307,7880267108.613994
1704524700000,56931.91481575726,57112.105357799956,56818.21834564173,56998.27635967585,474.13412033780935,7896792657.934809
1704525000000,56998.27635967585,57303.33463904551,56834.131589592784,57138.785228726316,824.4360505841607,7923460705.35053
1704525300000,57138.785228726316,57366.409236082334,57015.75433791655,57243.1536198766,747.0370099216294,7952632318.479263
1704525600000,57243.1536198766,57474.863938642855,57105.93195905241,57337.41631396764,765.6696483414805,7982821486.282448
1704525900000,57337.41631396764,57729.47930187608,57130.24525157535,57521.64259466151,426.2775770200477,7977069035.232182
1704526200000,57521.64259466151,57759.26220774333,57385.55186738712,57622.93183976313,410.72351912953206,7991422857.385791
1704526500000,57622.93183976313,58074.29304100252,57376.60872688316,57827.09717418395,546.6268526892325,7994589488.328078
1704526800000,57827.09717418395,58079.43719542935,57660.86780960568,57912.96100728369,527.2578760340647,7995465265.540497
1704527100000,57912.96100728369,58168.565771077156,57752.94531581233,58008.28669115261,601.4116509132718,8001551270.167695
1704527400000,58008.28669115261,58376.039957966685,57797.71767487938,58164.90242943729,694.2012919629989,8021116503.6316595
1704527700000,58164.90242943729,58364.544139787664,58032.61909982419,58232.10796590317,948.3028458148602,8049445341.728772
1704528000000,58232.10796590317,58458.73216277346,58079.46996346041,58305.90073472374,613.2498522987746,8066382907.539133
1704528300000,58305.90073472374,58565.42984350652,58145.03231031081,58404.28995909888,988.0695298249834,8110716626.168817
1704528600000,58404.28995909888,58718.35942440208,58223.48207205461,58537.14025965622,995.3884066881775,8156129885.376667
1704528900000,58537.14025965622,58732.13611425674,58423.318969502514,58618.15729226709,455.3206924377081,8173390344.058843
1704529200000,58618.15729226709,58988.003210513474,58426.89965961959,58796.164780169456,875.3579457129802,8198844426.293421
1704529500000,58796.164780169456,59125.32665026603,58616.196731355165,58944.90333048663,687.5642072997244,8227818637.977166
1704529800000,58944.90333048663,59272.599673603894,58742.62808448647,59069.8955046376,408.30035035312915,8221402119.292404
1704530100000,59069.8955046376,59172.5994544564,59000.050814843875,59102.715957511755,396.88573543348696,8215043528.661391
1704530400000,59102.715957511755,59337.4307944389,58958.914408578785,59193.40858322598,463.0959039879641,8223064305.949159
1704530700000,59193.40858322598,59550.570649904046,59005.91196393256,59362.538307928604,579.8587739344348,8246927612.608319
1704531000000,59362.538307928604,59803.681435928345,59110.27738455967,59550.621254657635,806.5063687211605,8272954340.322947
1704531300000,59550.621254657635,59907.0064688444,59360.56028970024,59716.41635446773,877.9936710694199,8307466285.625432
1704531600000,59716.41635446773,60064.521706905085,59515.99271394566,59863.6040665936,935.3589495029661,8353665030.6958885
1704531900000,59863.6040665936,60157.58648994945,59700.01459791194,59993.64166708713,811.552553369394,8378772532.32899
1704532200000,59993.64166708713,60264.27191657243,59849.65390161753,60119.98093049937,339.14589617632356,8376765076.530725
1704532500000,60119.98093049937,60479.90012070599,59921.72448271314,60281.11231321091,871.9991900325796,8399300904.622006
1704532800000,60281.11231321091,60550.01300207198,60109.38358172221,60378.00823364792,908.850559884854,8438009316.479615
1704533100000,60378.00823364792,60561.67958447422,60256.549102105855,60440.09555526851,721.6111440215798,8462428223.197245
1704533400000,60440.09555526851,60553.65744448152,60349.0952068849,60462.62317786059,567.7408735296842,8476726357.964
1704533700000,60462.62317786059,60628.12408188644,60372.38855146475,60537.77729522784,677.9508106070684,8499546696.293006
1704534000000,60537.77729522784,60679.38422460931,60442.70797106309,60584.241931766315,454.5580223741996,8496128119.953863
1704534300000,60584.241931766315,60705.38064773331,60491.04232663341,60612.138128561324,575.0178931633246,8501026477.43338
1704534600000,60612.138128561324,60866.09760204301,60457.58024942581,60711.28689857091,653.3105422784244,8522756819.974031
1704534900000,60711.28689857091,60860.610094500866,60620.04188986578,60769.277929150565,576.0256827146461,8535689178.148923
1704535200000,60769.277929150565,60817.89335149388,59785.909473701045,60696.35479563558,1266.036090110866,8589511534.424901
1704535500000,60696.35479563558,61073.547447986224,60641.72807631951,61000.34703154836,1444.3799882630792,8661121794.741537
1704535800000,61000.34703154836,61196.5855597843,60893.09191522367,61089.17426115396,651.2761809240562,8683484250.184435
1704536100000,61089.17426115396,61425.39022033589,60910.408358781715,61246.164914539775,394.4095346081685,8686377692.577652
1704536400000,61246.164914539775,61529.28257002284,61080.71220156282,61363.51284888502,756.5739072854183,8704237642.898994
1704536700000,61363.51284888502,61521.38982231048,61255.80212396818,61413.59119540179,814.9674279017258,8726488504.083708
1704537000000,61413.59119540179,61548.66926222605,61337.30732421384,61472.31245140632,843.7403291541785,8747461731.157953
1704537300000,61472.31245140632,61697.69218630042,61319.479969643035,61544.67978485089,362.7162536887147,8747504033.323277
1704537600000,61544.67978485089,61860.9113265774,61364.96828364412,61680.80234520251,543.815499792567,8769033582.128489
1704537900000,61680.80234520251,61878.887189423804,61553.68632973797,61751.6252173412,316.9447812346883,8771241492.91668
1704538200000,61751.6252173412,61971.93306365917,61598.78595345464,61818.92722295846,731.3546961181523,8804356686.665419
1704538500000,61818.92722295846,62252.48376085589,61579.93953518666,62012.7467801104,402.0729326331943,8812172311.257456
1704538800000,62012.7467801104,62121.87368975224,61921.552964281735,62030.65354085617,439.779649524029,8822581715.69087
1704539100000,62030.65354085617,62256.570088842775,61883.383706732835,62109.11397817825,896.9349016254403,8860027613.604843
1704539400000,62109.11397817825,62183.97303897186,62063.45187656623,62138.28948776898,964.2586405180522,8909950973.524748
1704539700000,62138.28948776898,62576.894350286915,61880.75723565457,62318.6147398422,874.0937695009974,8937448518.08235
1704540000000,62318.6147398422,62401.935711451755,62244.786194321256,62328.09593360884,377.8945946215289,8947983552.969545
1704540300000,62328.09593360884,62523.192062744216,62223.54016525655,62418.48466673027,446.30667878694146,8955168976.447874
1704540600000,62418.48466673027,62659.06862900693,62284.432404722764,62524.78806586093,666.2861170265719,8974060504.249268
1704540900000,62524.78806586093,62680.416629924934,62422.64425017035,62578.18558121629,810.9465084568521,8995271274.822811
1704541200000,62578.18558121629,62704.67610412491,62482.46990014673,62608.91342366826,312.87195878941316,8992302672.72191
1704541500000,62608.91342366826,62897.60858094829,62433.537548419314,62721.91617001039,330.4374052496213,9001234332.271439
1704541800000,62721.91617001039,62825.5834977213,62653.14109929334,62756.77020927811,852.4319461551955,9032861268.56689
1704542100000,62756.77020927811,63010.472118307276,62621.77210222144,62875.21921179123,758.3305102707709,9061045081.013206
1704542400000,62875.21921179123,62923.06718734117,62830.34707392348,62878.192927222866,489.91726535623627,9068875775.892452
1704542700000,62878.192927222866,63263.99883835458,62654.385885964184,63039.61722754546,904.9975914919675,9104769167.658428
1704543000000,63039.61722754546,63125.02216439043,62957.80439191611,63043.20467297324,754.5878013265599,9136983661.168814
1704543300000,63043.20467297324,63170.63753889414,62958.81231466069,63086.18764172203,983.628357922898,9182036246.505783
1704543600000,63086.18764172203,63157.48479822544,63032.29732442721,63103.57962412148,906.7409218696838,9219716290.837122
1704543900000,63103.57962412148,63327.40676145751,62978.39518445093,63202.02702252693,650.4555760082152,9230543506.718143
1704544200000,63202.02702252693,63452.9925774116,63035.206482001566,63285.950522414736,315.04192075004187,9236337798.474314
1704544500000,63285.950522414736,63425.520953133324,63189.766899452436,63329.27148984527,533.498744241543,9255632947.139742
1704544800000,63329.27148984527,63494.68661832938,63234.31792621691,63399.627565407674,542.7459320352818,9256632981.022024
1704545100000,63399.627565407674,63583.605335334214,63277.57456361049,63461.43334890425,465.3433359950489,9267271540.08927
1704545400000,63461.43334890425,63873.69211312507,63230.20034417558,63641.801903529704,868.3250020698218,9310726311.894579
1704545700000,63641.801903529704,63947.66325038727,63449.125504211064,63754.64521644219,923.2814602551331,9354298608.388845
1704546000000,63754.64521644219,64066.941366936626,63591.18483582707,63903.10036253163,688.4575461177639,9376601911.711535
1704546300000,63903.10036253163,64018.65729337592,63833.13974516175,63948.64681210722,928.0227204784201,9401850116.480947
1704546600000,63948.64681210722,64202.618479710174,63812.02257736894,64065.744070431756,567.5449852980857,9415186991.493313
1704546900000,64065.744070431756,64476.11410323888,63830.93085219898,64240.659785420794,737.8672203463786,9445766274.431566
1704547200000,64240.659785420794,64338.72647873982,64175.954595106494,64273.98771949388,406.92440791819615,9445547733.38368
1704547500000,64273.98771949388,64709.44602553788,64015.10195177667,64449.851903850475,530.4993168593826,9448880356.135881
1704547800000,64449.851903850475,64664.42685248301,64328.21169444682,64542.61157199503,397.00356875897563,9441820960.859617
1704548100000,64542.61157199503,64801.618297573594,64375.78825213541,64634.55732547975,903.8113631060477,9468451243.22753
1704548400000,64634.55732547975,64794.74019515922,64520.69745735948,64680.79886820062,666.6638384513102,9486191352.043468
1704548700000,64680.79886820062,64794.589542795,64578.80368474372,64692.57578830701,983.0438363480195,9535152989.730112
1704549000000,64692.57578830701,64803.794475110415,64594.29093103585,64705.48999779444,941.9784844713922,9580324504.98057
1704549300000,64705.48999779444,64852.94396984854,64603.69053362915,64751.072791459774,964.021094915333,9614461225.747395
1704549600000,64751.072791459774,64800.99620587483,64707.2991835231,64757.218443298814,915.7466851313857,9625007579.961226
1704549900000,64757.218443298814,65077.23249049503,64561.18232202919,64880.82219010406,916.0923300760032,9611943524.154413
1704550200000,64880.82219010406,65050.14155937717,64773.71627839948,64942.9331143362,610.1031409347564,9635690939.051165
1704550500000,64942.9331143362,65351.47161345976,64697.636244024965,65105.56048102388,953.2750212910602,9686540979.382368
1704550800000,65105.56048102388,65246.1568338773,64998.34463555649,65138.88610776346,374.74000299038073,9696276660.431648
1704551100000,65138.88610776346,65241.797924809514,65051.12751663047,65154.01894590765,728.3871183683168,9718762456.826408
1704551400000,65154.01894590765,65272.17770911527,65066.27753418471,65184.39539013682,461.6379441131091,9733654679.135052
1704551700000,65184.39539013682,65296.822597210376,65094.795227039074,65207.19109993665,551.482934174186,9744746332.465488
1704552000000,65207.19109993665,65480.16834760099,65045.672722636366,65318.37456856766,651.6272112153229,9759957770.663553
1704552300000,65318.37456856766,65575.89386618845,65155.29592316065,65412.580020539564,561.7715807913507,9774648669.346638
1704552600000,65412.580020539564,65748.80240705647,65218.84991868076,65554.65153706165,396.2589056391303,9785513815.368998
1704552900000,65554.65153706165,65594.25841889593,65527.027476368,65566.62931089071,835.1771978897642,9809320770.78267
1704553200000,65566.62931089071,65624.88470035455,65484.48557192138,65542.71971791632,589.1308155342039,9820306564.73047
1704553500000,65542.71971791632,65870.50553439341,65333.59794463903,65661.00635366142,830.4436128079404,9855222771.958488
1704553800000,65661.00635366142,65762.7277880207,65543.76919574053,65645.46655598648,989.9393477104577,9903429560.390438
1704554100000,65645.46655598648,65980.35181593463,65452.369785751805,65786.83919671971,527.4269387628319,9922017138.844759
1704554400000,65786.83919671971,65939.56662338517,65694.19796944596,65846.84090152799,583.40673776977,9938696233.184181
1704554700000,65846.84090152799,65941.02067414447,65729.78661808018,65823.93362675689,566.2619181285846,9952766942.684755
1704555000000,65823.93362675689,65945.01273355358,65732.68133218981,65853.71914705935,819.7274982955613,9975561084.289774
1704555300000,65853.71914705935,66077.4726697517,65714.59318925982,65938.16830032281,913.0480803018718,10012281453.885838
1704555600000,65938.16830032281,66236.69623745869,65761.8750950093,66060.07709509323,616.1267147945634,10020555479.180212
1704555900000,66060.07709509323,66335.3895196388,65914.27628331745,66189.30349303206,997.0854600668337,10058628493.248358
1704556200000,66189.30349303206,66368.88336085968,66077.24054977654,66256.7063001177,814.6190570851871,10100344073.375204
1704556500000,66256.7063001177,66459.86627536191,66128.05472624958,66331.07030785925,741.4539871649042,10117480377.812443
1704556800000,66331.07030785925,66395.09729923955,66239.486251201,66303.48661703877,578.6279240181915,10129266277.091078
1704557100000,66303.48661703877,66427.30658544102,66202.03887831759,66325.82466835443,622.9430147747742,10141101147.463371
1704557400000,66325.82466835443,66477.84471973448,66218.81833097857,66370.76587675267,338.18266677086854,10139788934.476793
1704557700000,66370.76587675267,66521.29470699484,66283.24154145776,66433.6873959489,880.9254530986477,10179610261.808033
1704558000000,66433.6873959489,66602.87693614961,66313.6887489418,66482.78959622436,379.2201103705165,10188538942.815174
1704558300000,66482.78959622436,66798.2349560661,66281.1804900897,66596.28168509224,787.2798992878569,10214350422.104607
1704558600000,66596.28168509224,66658.38972620128,66518.44935182833,66580.54271469114,615.6200983929521,10226659659.287214
1704558900000,66580.54271469114,66648.93238197,66504.25184257868,66572.63338561641,798.8440739144119,10258838446.019922
1704559200000,66572.63338561641,66626.45417957575,66514.63305625068,66568.45046852136,475.05760585406676,10272320021.358776
1704559500000,66568.45046852136,66839.97873720681,66389.92082219211,66661.20034537432,857.5403557330058,10308290043.68099
1704559800000,66661.20034537432,66879.24550930056,66540.65827719349,66758.52744653811,379.91545717685443,10302013003.473824
1704560100000,66758.52744653811,66886.43704008553,66673.38629513659,66801.24141300241,666.6721142463042,10322139941.165411
1704560400000,66801.24141300241,66935.589773008,66695.70329303689,66830.00620804288,658.1665160391537,10347807095.585539
1704560700000,66830.00620804288,67156.72770083493,66644.97380974633,66971.30409075202,566.4249064828027,10355240015.66769
1704561000000,66971.30409075202,67266.78710017446,66780.35720235966,67075.54300841647,695.8441049599184,10372563610.436522
1704561300000,67075.54300841647,67264.42098718479,66968.42123400094,67157.16885369958,908.1729762347427,10403026392.959108
1704561600000,67157.16885369958,67243.99648216814,67054.34864618655,67141.15557105221,593.7071838650371,10420414887.33022
1704561900000,67141.15557105221,67235.33818535823,67056.39204563345,67150.5627836395,612.3807639043507,10430966278.60674
1704562200000,67150.5627836395,67318.27700217288,67055.30564818796,67222.91722756569,392.09972226846,10419372359.331984
1704562500000,67222.91722756569,67300.48028581061,67131.4721160733,67209.01913844324,477.1776825826275,10435793527.254221
1704562800000,67209.01913844324,67365.06511699685,67089.81305733352,67245.79381005075,680.4508117230102,10468066748.097626
1704563100000,67245.79381005075,67385.94936694189,67050.27715148014,67190.3170822296,466.51484781363376,10486627472.024416
1704563400000,67190.3170822296,67364.61533521436,67077.32244128037,67251.51777244074,587.1059559979494,10497468866.09888
1704563700000,67251.51777244074,67355.83510961983,67104.8285617672,67209.08007161491,471.29922000704335,10500883624.755432
1704564000000,67209.08007161491,67374.65041012323,67094.62510110045,67260.10853971659,690.2840537882221,10517759627.417402
1704564300000,67260.10853971659,67490.17001417662,67136.4752566787,67366.34146049396,403.77931772578324,10514880382.976154
1704564600000,67366.34146049396,67524.33635273033,67279.1688855798,67437.07225161698,897.6805010639314,10562565748.515224
1704564900000,67437.07225161698,67663.8711027343,67283.10412669979,67509.73707401851,508.90908264948246,10578511915.288769
1704565200000,67509.73707401851,67773.75500638416,67369.11932704055,67632.88076029261,591.8698466987507,10599892146.227945
1704565500000,67632.88076029261,67729.08463527205,67508.58610051779,67604.74996105659,727.7628292340578,10609247563.304195
1704565800000,67604.74996105659,67816.80432425969,67467.90463190715,67679.80706474936,851.1153056735101,10643748188.88292
1704566100000,67679.80706474936,67760.48793855238,67568.99784893892,67649.64276397892,705.2764047096077,10658680990.166012
1704566400000,67649.64276397892,67914.91265142994,67506.59182843791,67771.60381884343,509.5061371175594,10673132221.976658
1704566700000,67771.60381884343,67829.59374673692,67720.4254679222,67778.41025587206,347.36667447469677,10674729959.067509
1704567000000,67778.41025587206,67872.4110086909,67702.25602021832,67796.23674361271,504.9828993497177,10679607731.832884
1704567300000,67796.23674361271,67908.95226550309,67640.94694815206,67753.59156974975,492.0929799262134,10684437501.977757
1704567600000,67753.59156974975,67882.31581964863,67661.15080492524,67789.82561828384,787.0806481416201,10722564497.734898
1704567900000,67789.82561828384,67917.55302872193,67714.76630860525,67842.43546754422,810.8099638338756,10738369265.296717
1704568200000,67842.43546754422,68046.8204642451,67693.33534900096,67897.59911028901,638.564088246613,10744416773.11695
1704568500000,67897.59911028901,68120.28370710644,67741.49801482282,67964.0298828765,990.394909640878,10779509666.791979
1704568800000,67964.0298828765,68043.57318351849,67868.21059854155,67947.73482788274,521.5419909489306,10780419548.462471
1704569100000,67947.73482788274,68105.17354197103,67821.6839676649,67979.0645614953,547.697341061933,10792002169.669815
1704569400000,67979.0645614953,68088.84298305065,67819.08156424573,67928.77878000995,663.7940601291457,10823883459.17806
1704569700000,67928.77878000995,68084.88008441261,67823.90159651432,67979.92393644781,425.9350621593339,10822019900.77164
1704570000000,67979.92393644781,68142.73633580166,67862.85724851949,68025.59100564738,985.4803616962492,10869875919.490538
1704570300000,68025.59100564738,68120.43836385843,67851.57001180954,67946.30682493046,737.8225196727573,10892423981.303257
1704570600000,67946.30682493046,68085.45858026134,67750.85596300216,67889.89218304036,859.6950458788543,10931012651.068
1704570900000,67889.89218304036,68181.78494427353,67720.44371400485,68012.03162365327,533.6545798536765,10930746623.274832
1704571200000,68012.03162365327,68066.44124895218,66911.46092791931,67930.41718570488,1710.0028348704452,11020392857.037355
1704571500000,67930.41718570488,68352.56534138627,67869.27981023774,68270.64057269903,1581.0684250370812,11107853389.97539
1704571800000,68270.64057269903,68375.96419174028,68138.42559690229,68243.70766556071,515.440784470728,11103583512.202309
1704572100000,68243.70766556071,68320.31915159708,68185.32188331512,68261.91778971227,304.29188370470496,11089964797.6036
1704572400000,68261.91778971227,68411.51999132702,68166.34706999829,68315.87373010727,807.0776499677083,11126379819.848236
1704572700000,68315.87373010727,68409.43060466847,68261.08573130984,68354.61153890366,422.9403617665984,11137924288.537695
1704573000000,68354.61153890366,68416.73106469428,68271.781698897,68333.8823863811,770.731070156215,11157738970.695265
1704573300000,68333.8823863811,68609.95672697901,68156.45186929425,68432.27074223476,751.9565544652023,11173606154.00334
1704573600000,68432.27074223476,68514.16084634922,68358.73449459633,68440.6156314234,924.4408287529427,11209624593.535439
1704573900000,68440.6156314234,68519.41413825518,68380.61948381577,68459.4015226323,848.7923232459772,11225307576.922209
1704574200000,68459.4015226323,68541.52124188934,68369.86714981795,68451.97796422745,884.574015175933,11258169333.43467
1704574500000,68451.97796422745,68557.12729286545,68314.96899392821,68420.06930756435,520.8519890056851,11272372242.172329
1704574800000,68420.06930756435,68482.28100532091,68373.57718934705,68435.77821274615,779.8453102425001,11311119959.93371
1704575100000,68435.77821274615,68660.33248705989,68280.27197595523,68504.66970850773,547.5168782945657,11319164640.599659
1704575400000,68504.66970850773,68747.56187794101,68364.95046327023,68607.63263384829,321.8212152824304,11307269746.432278
1704575700000,68607.63263384829,68883.29010088636,68437.28349512759,68712.68013475306,889.6840424550968,11334010886.406769
1704576000000,68712.68013475306,68796.95022677527,68647.62202154694,68731.87394060905,716.6343069209995,11369792582.156166
1704576300000,68731.87394060905,68965.3553136348,68577.35576723685,68810.66001893283,793.6863288318636,11401298526.435902
1704576600000,68810.66001893283,68862.6701320439,68723.04049031973,68775.02366791462,589.7086975034955,11411822643.409883
1704576900000,68775.02366791462,68810.57712018861,68740.56340248144,68776.1163072799,616.3344307290034,11422138814.641487
1704577200000,68776.1163072799,68995.36674045355,68650.77974012637,68869.85933740203,511.62280904135787,11437653525.388414
1704577500000,68869.85933740203,69028.83076429354,68630.74665059683,68789.53266043395,844.4532740225559,11456031826.540148
1704577800000,68789.53266043395,69008.3645688469,68655.00381859428,68873.67118078546,317.454342240972,11460537701.79652
1704578100000,68873.67118078546,68934.47895227547,68807.16409955666,68867.96683474521,433.14817501665,11473933442.482658
1704578400000,68867.96683474521,69111.35960509426,68709.21594832037,68952.41405529059,666.5395730529062,11493072699.300514
1704578700000,68952.41405529059,69084.03707989801,68873.80916348814,69005.371816908,910.2592898069031,11512552094.368654
1704579000000,69005.371816908,69220.36281167925,68852.20703472663,69067.061103547,773.7021021165269,11547063417.077656
1704579300000,69067.061103547,69222.98953081407,68829.25568507047,68984.99884545867,621.5578874298315,11549873143.459269
1704579600000,68984.99884545867,69116.71071891392,68890.64954765969,69022.31039091747,302.8769084638872,11532619050.692366
1704579900000,69022.31039091747,69256.50637034231,68869.94712848436,69103.96286420038,716.0013065510434,11550714002.5927
1704580200000,69103.96286420038,69250.9401663873,68862.74548898081,69009.52192461913,332.2978390170036,11558221480.635609
1704580500000,69009.52192461913,69083.41541959057,68930.11417859381,69004.00176272796,518.7365600149049,11560487156.08736
1704580800000,69004.00176272796,69054.29539966685,68959.03281249634,69009.3229816707,924.4949090994296,11599214798.76124
1704581100000,69009.3229816707,69087.8426369276,68882.0859631898,68960.55012409032,493.6546770676453,11611405292.276865
1704581400000,68960.55012409032,69060.89563312175,68810.22753562401,68910.50021629973,382.3555871163155,11596443315.905842
1704581700000,68910.50021629973,69032.98494910382,68702.09358986547,68824.42532915594,310.6797022432732,11585680373.464407
1704582000000,68824.42532915594,68902.40237922374,68757.33170350028,68835.29815417335,444.6041657013453,11577481742.472513
1704582300000,68835.29815417335,68921.74744762108,68702.53247279835,68788.92352499437,399.08978015403795,11575468273.631884
1704582600000,68788.92352499437,68877.62550660079,68726.01401712644,68814.69243230391,471.3775517038441,11581777891.347528
1704582900000,68814.69243230391,68984.96918904479,68538.80562567899,68708.82041010067,537.1172247708139,11600142364.736664
1704583200000,68708.82041010067,68763.17999314294,68624.59133581542,68678.92726863788,629.5149053059868,11618572832.99252
1704583500000,68678.92726863788,68735.29024012847,68639.5177832248,68695.87103200972,337.65991300555845,11600278914.961859
1704583800000,68695.87103200972,68759.68366287866,68596.77222396217,68660.55204649267,717.2849537722254,11628170043.21458
1704584100000,68660.55204649267,68745.17048698386,68573.9443659249,68658.56035181745,789.5558499700232,11659700133.127913
1704584400000,68658.56035181745,68701.87152495548,68617.16845221484,68660.47846898559,872.2093853257819,11691040909.177391
1704584700000,68660.47846898559,68771.25356815518,68570.60116734423,68681.3489468348,673.4394502265894,11703986367.48012
1704585000000,68681.3489468348,68904.86856842424,68531.65801439006,68755.01707636369,625.9867541302183,11726858969.951485
1704585300000,68755.01707636369,68936.67948255278,68472.77482314028,68654.17077631544,943.7823294775156,11755702595.62251
1704585600000,68654.17077631544,68737.77029012953,68538.27526146744,68621.83540081032,779.1345823637621,11726359113.649061
1704585900000,68621.83540081032,68706.99781656067,68553.23846100345,68638.38433382464,462.1859495581224,11684801900.979202
1704586200000,68638.38433382464,68807.58303727092,68384.84812440691,68553.83841590071,731.8594610738526,11691658579.655174
1704586500000,68553.83841590071,68712.56262374566,68451.5359376845,68610.17607318441,789.7302347576997,11718413944.090338
1704586800000,68610.17607318441,68697.78287175739,68527.04341603888,68614.64480000493,917.682723159587,11758346500.913876
1704587100000,68614.64480000493,68670.9423535994,68518.29738444476,68574.56205058873,632.7340534256468,11757869745.050943
1704587400000,68574.56205058873,68688.17532481084,68399.108376554,68512.61902452819,419.56108136162277,11762775256.756315
1704587700000,68512.61902452819,68621.6227444519,68426.43316658573,68535.40821870665,389.1758013931272,11746943626.415447
1704588000000,68535.40821870665,68731.21574228577,68225.06600494508,68420.5453622221,857.7304413533725,11762345492.212849
1704588300000,68420.5453622221,68557.38915613022,68214.00454345862,68350.70866120557,854.7016576788029,11773537884.235743
1704588600000,68350.70866120557,68425.52394592676,68247.65448519075,68322.43882633014,589.4093339666924,11784341527.442644
1704588900000,68322.43882633014,68392.14564988945,68241.62566578451,68311.32114639168,981.7242118542065,11830893157.793697
1704589200000,68311.32114639168,68413.53192966478,68148.58210629722,68250.70218848206,869.740993424072,11854102012.212786
1704589500000,68250.70218848206,68347.6579991343,68134.70377327426,68231.63249383595,604.7475956160413,11858990781.037735
1704589800000,68231.63249383595,68330.30815295565,68153.19074373359,68251.84316787291,465.3080234017955,11857711974.31672
1704590100000,68251.84316787291,68278.10968761817,68219.34262094548,68245.60674062018,951.6042813534749,11895458518.815838
1704590400000,68245.60674062018,68324.36348901267,68141.62396676831,68220.35157020633,714.5141945574644,11929500809.29507
1704590700000,68220.35157020633,68328.37200983445,68063.47417804455,68171.41713464716,875.4161366198313,11962594820.739641
1704591000000,68171.41713464716,68371.7006471169,67862.9997350669,68062.96462059057,348.72534438059796,11939735482.365572
1704591300000,68062.96462059057,68266.02389752737,67737.31484418729,67940.00728981102,839.9403652094752,11981643553.05663
1704591600000,67940.00728981102,68062.47000713435,67749.09236449518,67871.4314730466,762.1153313147839,12010469460.393494
1704591900000,67871.4314730466,68079.6776655617,67535.45038965938,67743.30345399753,921.0830756018871,12043672149.954575
1704592200000,67743.30345399753,67881.3855091677,67641.65914811954,67779.68661278802,300.1290383186519,12043398130.955547
1704592500000,67779.68661278802,67923.70796974823,67517.5878781963,67661.35780473013,671.8790747527203,12060659801.45959
1704592800000,67661.35780473013,67791.45544611814,67461.75304670482,67591.7167840029,436.966634124243,12066805948.246655
1704593100000,67591.7167840029,67642.26149489371,67529.8334507691,67580.36967635575,699.1934854987461,12070643465.305096
1704593400000,67580.36967635575,67688.0921629477,67507.42017732668,67615.10516875869,960.3333082472797,12094308936.076677
1704593700000,67615.10516875869,67771.54713336547,67395.6151985509,67551.91094985622,540.9852385014481,12085538962.895464
1704594000000,67551.91094985622,67700.10817687308,67269.9790790089,67417.88227024824,990.4951539434247,12114600624.613308
1704594300000,67417.88227024824,67512.64109605087,67252.26736859417,67346.92646286021,505.9292640066697,12111354412.609129
1704594600000,67346.92646286021,67483.58423227929,67131.59913941826,67268.09695105138,337.18911782346896,12117036148.1315
1704594900000,67268.09695105138,67359.99064138881,67164.03245257243,67255.9094938523,551.4712413906218,12135206166.29982
1704595200000,67255.9094938523,67376.84610180809,67153.79662427113,67274.70469596835,464.6688193246785,12125205865.849281
1704595500000,67274.70469596835,67334.15945299639,67201.09178839478,67260.53402193447,522.6891167330857,12127385533.352507
1704595800000,67260.53402193447,67384.28034492217,67057.43686441607,67181.03692818679,681.5831515777949,12129174263.178051
1704596100000,67181.03692818679,67256.65887129593,67081.53898024267,67157.1340171792,431.7587866544359,12114286269.323387
1704596400000,67157.1340171792,67325.81870879952,66907.90156668217,67076.3834296954,887.9738807087008,12124107068.852743
1704596700000,67076.3834296954,67297.95359950053,66727.36763973997,66948.5154293705,769.0462573460072,12157556394.399563
1704597000000,66948.5154293705,67100.17047107377,66664.65914321391,66816.01403630055,310.9954595625186,12132407446.285955
1704597300000,66816.01403630055,66883.82296638415,66732.79836255174,66800.59164105635,605.714581031222,12152895062.790413
1704597600000,66800.59164105635,66895.98778481288,66742.83642706736,66838.20005491443,749.5700297069484,12159324703.115004
1704597900000,66838.20005491443,66966.53721825403,66631.62005399088,66759.80669290437,852.2498971728486,12199364589.698881
1704598200000,66759.80669290437,66848.64840743433,66629.63421386394,66718.42085350511,425.85816396829523,12193054483.286968
1704598500000,66718.42085350511,66837.19003138655,66538.53346338468,66657.19364730536,615.0320371188245,12193312033.86184
1704598800000,66657.19364730536,66778.22093409335,66443.50024003963,66564.35896993965,723.201280125983,12202561175.590439
1704599100000,66564.35896993965,66694.4028829094,66385.3202716258,66515.26827823154,465.724977094613,12198593680.646147
1704599400000,66515.26827823154,66626.46602072462,66339.07706737622,66450.1659742678,682.3163822550076,12220809322.141554
1704599700000,66450.1659742678,66634.20087946337,66173.64757317456,66357.42563235958,697.7047043911195,12243196194.056086
1704600000000,66357.42563235958,66405.88436348616,66282.80992629382,66331.24954184862,637.0730360837014,12257561781.487297
1704600300000,66331.24954184862,66385.68562187768,66246.97794503286,66301.3895198316,811.9052281117858,12291060235.091717
1704600600000,66301.3895198316,66448.20078418411,66182.24741638126,66329.00904906189,845.2088720768262,12329614208.34045
1704600900000,66329.00904906189,66424.90126197143,66156.82794434634,66252.60970630619,922.9408348131882,12352511832.365545
1704601200000,66252.60970630619,66455.38726122303,65898.33161509655,66100.64405288415,819.1802774713624,12384735419.210793
1704601500000,66100.64405288415,66161.02084213225,66060.75501283008,66121.11944601436,743.5813648807857,12383007864.287123
1704601800000,66121.11944601436,66171.67199600673,66058.04354959278,66108.58651760143,336.94199049852557,12386930309.320824
1704602100000,66108.58651760143,66287.06422802927,65826.8930208766,66005.0913184906,628.2081672387149,12382419835.090212
1704602400000,66005.0913184906,66126.11547598643,65813.53964785642,65934.434251528,813.6701832120104,12382862778.190321
1704602700000,65934.434251528,66113.14149348676,65666.45174347005,65844.91635809725,858.7562554048937,12392700127.016928
1704603000000,65844.91635809725,65977.11444231172,65596.71380983962,65728.67852114988,946.0051612432715,12412483992.44979
1704603300000,65728.67852114988,65825.24907605592,65606.06094053286,65702.5931700551,694.5943913035854,12407688812.091583
1704603600000,65702.5931700551,65915.52405363566,65327.703956113925,65540.10825383067,418.35546866805845,12407563281.280125
1704603900000,65540.10825383067,65795.91001143913,65120.146326435875,65375.30485962772,866.227045775697,12440697735.993189
1704604200000,65375.30485962772,65463.738326391445,65234.08528081278,65322.447246847696,357.7571167705575,12437135783.579367
1704604500000,65322.447246847696,65479.12044527067,65089.09188602751,65245.58072326058,494.4941578539884,12431663252.847263
1704604800000,65245.58072326058,65431.20833380093,64909.801639370926,65095.00084106861,900.5008688559309,12462454513.190645
1704605100000,65095.00084106861,65290.853399649786,64725.55217245108,64920.88085293509,422.22969336131246,12473346519.597593
1704605400000,64920.88085293509,65007.578790331245,64772.326099424565,64858.941320294805,612.6572173747179,12489388786.889275
1704605700000,64858.941320294805,64912.855170482915,64784.43601854309,64838.332737893084,790.5424108008825,12494133020.739847
1704606000000,64838.332737893084,64997.67920356262,64595.0102983746,64754.14987653082,903.410099619354,12510604716.899378
1704606300000,64754.14987653082,64886.09564960081,64509.996679948,64641.71334762852,401.5491762524907,12499637825.465687
1704606600000,64641.71334762852,64669.85306739477,64615.200926341764,64643.33997895466,647.1637929002411,12501011583.295626
1704606900000,64643.33997895466,64740.91599572485,64558.2163364158,64655.775977214835,466.5632073765032,12510203907.35425
1704607200000,64655.775977214835,64707.5005979966,63609.51621035155,64578.18904604218,1710.059733195801,12571352399.349577
1704607500000,64578.18904604218,64979.505047510334,64520.06867590074,64901.62309979058,2060.9249998453984,12680489258.91415
1704607800000,64901.62309979058,65080.67123428952,64606.84784740544,64785.57583511511,828.8387520139792,12695078996.2798
1704608100000,64785.57583511511,64972.674049117726,64437.83151154714,64624.46444213608,579.1213619214471,12695046494.394432
1704608400000,64624.46444213608,64820.768199269725,64303.02658244883,64498.94907315773,826.6994971463193,12717082136.337831
1704608700000,64498.94907315773,64622.52828031583,64294.24228900122,64417.66575831012,793.9254632074337,12714615340.073004
1704609000000,64417.66575831012,64534.8813022273,64207.5078874066,64324.55400349903,909.1944150948079,12721018429.3425
1704609300000,64324.55400349903,64591.993514270216,63874.87256634978,64141.55121406901,614.1744365349625,12741066962.538448
1704609600000,64141.55121406901,64283.33895243344,63944.95222224287,64086.618529476254,778.0134176396543,12757457946.534159
1704609900000,64086.618529476254,64348.18133612293,63647.61310271667,63908.44872802037,746.1969058787797,12755433700.029963
1704610200000,63908.44872802037,63957.27633780679,63856.691157288304,63905.51652680166,942.6294114920954,12795836276.091356
1704610500000,63905.51652680166,63966.38777998482,63822.26398085263,63883.113895091345,486.96147100345377,12771633280.598711
1704610800000,63883.113895091345,64114.82783946903,63483.23658778018,63714.33835715219,573.8076345829368,12769925542.753208
1704611100000,63714.33835715219,63824.3940880268,63564.31232264496,63674.298892123545,814.0194190317608,12794732830.922064
1704611400000,63674.298892123545,63777.875799012334,63494.897587728454,63598.35095257909,536.1846221566402,12781726014.26821
1704611700000,63598.35095257909,63681.98293776859,63457.612728993176,63541.16952046126,683.3287887826904,12782382770.355783
1704612000000,63541.16952046126,63678.45148669693,63342.861782963875,63480.01161632579,308.37298771645226,12758056771.81226
1704612300000,63480.01161632579,63671.937324750805,63117.28939737232,63308.697152997695,612.1595423375181,12772291608.455957
1704612600000,63308.697152997695,63491.30375042923,62978.09600374378,63160.274493220124,435.15567201248734,12776109066.79976
1704612900000,63160.274493220124,63365.717294730355,62769.59388238057,62974.432190582316,956.953827410169,12804762846.585041
1704613200000,62974.432190582316,63116.56526827526,62766.04587096614,62908.02907705937,965.3422714737763,12834955561.452684
1704613500000,62908.02907705937,63044.56612464766,62701.14194050258,62837.52596650201,383.9839768444781,12824197305.102795
1704613800000,62837.52596650201,62889.82050885719,62755.3249569018,62807.59458981598,759.4762402378054,12831520030.48683
1704614100000,62807.59458981598,62885.21622542481,62707.60461990236,62785.1985770887,977.0158561269792,12837640491.324862
1704614400000,62785.1985770887,62873.95319803987,62672.69210044611,62761.4130976889,477.33501722066126,12831842626.512924
1704614700000,62761.4130976889,62949.692084089256,62468.23038761632,62656.19372470419,747.1463554904657,12820948473.983593
1704615000000,62656.19372470419,62709.539762022665,62582.83051654664,62636.15949654612,598.8883792203294,12800193351.249926
1704615300000,62636.15949654612,62730.86137281334,62517.1865578127,62611.851682215776,526.3828894506069,12806461098.684526
1704615600000,62611.851682215776,62794.147376299734,62265.8204872319,62447.63807000606,843.9741651987371,12807697601.875523
1704615900000,62447.63807000606,62608.11148319817,62164.4251939428,62324.582387563045,342.0410534796642,12788486761.96026
1704616200000,62324.582387563045,62373.194587719445,62259.62981059743,62308.22925556645,608.4023829443673,12802276978.086523
1704616500000,62308.22925556645,62493.81771374709,62019.253132371865,62204.53272478153,727.211319467754,12824055793.517273
1704616800000,62204.53272478153,62416.32166674984,61830.679249532084,62041.91452224913,400.7108202460595,12821504434.917141
1704617100000,62041.91452224913,62123.53846874421,61907.40362301143,61988.957898403285,750.3367168782263,12833595137.38846
1704617400000,61988.957898403285,62081.345690991846,61869.836312298954,61962.18420160748,372.3009811669784,12808635764.058784
1704617700000,61962.18420160748,62200.527590767095,61541.07769858372,61778.71535751983,475.4174451832921,12785575807.462593
1704618000000,61778.71535751983,61971.950248024536,61471.42165915904,61664.29867080853,404.1979928091595,12754506435.400127
1704618300000,61664.29867080853,61824.50539745219,61425.45439808032,61585.456288534195,765.2240855495533,12752945116.790821
1704618600000,61585.456288534195,61797.93694037148,61225.060040425094,61437.02859060874,933.2322804177646,12789890690.273748
1704618900000,61437.02859060874,61579.17803949472,61203.22597250514,61345.16286778671,957.937751261096,12796090456.530678
1704619200000,61345.16286778671,61497.30891475173,61085.507145341646,61237.385887751596,890.8344075786857,12795768240.321777
1704619500000,61237.385887751596,61362.20323858715,61057.82414119687,61182.52968114621,678.090101913309,12793641261.610168
1704619800000,61182.52968114621,61462.94697049957,60704.89285007523,60984.402063056135,872.5836615702577,12812528151.962128
1704620100000,60984.402063056135,61148.58929842853,60710.03354766095,60873.92334311459,954.5295312562657,12829592474.286911
1704620400000,60873.92334311459,61069.252151751425,60545.67560577011,60740.57653870895,580.4303589361627,12837309095.729721
1704620700000,60740.57653870895,60906.42972528355,60491.134565230495,60656.75888626676,363.46688237599096,12824502754.810335
1704621000000,60656.75888626676,60840.87468688763,60370.91232085498,60554.71839065789,356.3197492720716,12806416273.118408
1704621300000,60554.71839065789,60738.58481375711,60255.147696715154,60438.6617290542,753.4548002644206,12816949408.112507
1704621600000,60438.6617290542,60621.31332318753,60088.805662103325,60270.950416115025,568.9145726152797,12774394654.40016
1704621900000,60270.950416115025,60498.5351687219,59878.78868720278,60105.74963716263,927.5224884952427,12742036408.347021
1704622200000,60105.74963716263,60229.71199364976,59895.93589114317,60019.72082143085,359.4037392709397,12723821796.331633
1704622500000,60019.72082143085,60170.746243454036,59782.85121563452,59933.66008618625,397.96006623647213,12723516928.268847
1704622800000,59933.66008618625,60162.94855166829,59539.46709959179,59768.12226631244,715.0617999355464,12719828796.674524
1704623100000,59768.12226631244,59897.11251835353,59526.85616356136,59655.60358023928,678.3864330529075,12710248272.344215
1704623400000,59655.60358023928,59851.08007578872,59315.28091379621,59510.281224324375,883.9752045888056,12710987216.223005
1704623700000,59510.281224324375,59713.51857945792,59187.233950073605,59390.06073254173,325.92987595125715,12708020955.664267
1704624000000,59390.06073254173,59648.64905405214,58941.735300389766,59199.49388100301,329.9701734174452,12694012046.571444
1704624300000,59199.49388100301,59448.10872423709,58772.19382348084,59020.055093617055,767.121492819367,12719715743.995745
1704624600000,59020.055093617055,59199.05828735854,58722.23839402996,58900.88013949139,911.9787750809861,12728220533.783052
1704624900000,58900.88013949139,59127.7265252878,58500.58689348242,58726.762696555095,947.3710682274657,12758922922.73391
1704625200000,58726.762696555095,58942.33785254384,58318.04751088511,58532.91107318082,757.6820687453754,12775992440.811583
1704625500000,58532.91107318082,58726.538779955496,58222.23192952803,58415.47114333553,332.0611854633524,12739682119.372778
1704625800000,58415.47114333553,58513.68236793405,58240.01238762639,58338.09352081393,420.57430627094965,12704300240.03887
1704626100000,58338.09352081393,58563.03451872548,57922.133896465246,58146.33551063,855.5879732080143,12699577232.519854
1704626400000,58146.33551063,58290.62476502511,57881.59586322485,58025.58547823616,713.7297425029451,12717438368.155457
1704626700000,58025.58547823616,58102.62441972102,57890.593673222254,57967.55557002646,648.000447574885,12727143583.523134
1704627000000,57967.55557002646,58056.17856310242,57817.34066328697,57905.86934813202,863.1174716491162,12735463752.810226
1704627300000,57905.86934813202,58100.722968728616,57584.56043725615,57778.9870982707,987.5349269550284,12741774959.511202
1704627600000,57778.9870982707,57896.381310634286,57578.40459517973,57695.629443095,983.0972886000712,12778906803.000244
1704627900000,57695.629443095,57818.10570962474,57471.93931729132,57594.200269999936,885.498964602386,12809180740.47493
1704628200000,57594.200269999936,57722.72888666717,57401.62324084763,57530.00860583747,715.1596771285932,12796828007.090775
1704628500000,57530.00860583747,57693.401092380926,57223.47312343821,57386.45790787883,398.86576183352656,12772037303.274864
1704628800000,57386.45790787883,57575.81360100263,57067.60207259916,57256.529044892224,687.3854109309932,12780589493.691423
1704629100000,57256.529044892224,57457.62271473724,56929.836848438455,57130.48784234074,328.48922605335423,12742305541.6673
1704629400000,57130.48784234074,57384.25904121632,56693.28255232427,56946.23530927896,728.7090537197272,12736231145.709665
1704629700000,56946.23530927896,57027.00918654672,56797.24180945266,56877.91878495823,640.8772323765295,12710629545.726263
1704630000000,56877.91878495823,57101.81672770061,56454.53242171126,56677.64198180598,362.39886801480407,12673950861.060566
1704630300000,56677.64198180598,56839.555881189466,56425.729462312745,56587.3855214805,591.3555695522759,12666304015.763271
1704630600000,56587.3855214805,56715.27280859799,56395.534075153475,56523.27647605962,784.6508315863065,12690717324.245121
1704630900000,56523.27647605962,56744.38637679732,56136.41034203174,56356.869284795386,666.1608048922822,12694473974.835526
1704631200000,56356.869284795386,56563.10426766317,56019.593343924185,56225.3470280486,727.3765920413397,12700961086.189453
1704631500000,56225.3470280486,56443.513209741985,55813.16021398721,56030.57062222631,649.9213444324945,12707845194.875963
1704631800000,56030.57062222631,56125.03723522723,55895.08307528269,55989.4804108686,847.8081212255346,12700051763.301886
1704632100000,55989.4804108686,56143.635063047645,55693.068806098,55846.83070385592,464.9473051304519,12667154114.804235
1704632400000,55846.83070385592,56074.803740128256,55438.32589104391,55665.558955677705,366.9786984715213,12643587617.514574
1704632700000,55665.558955677705,55867.79314513403,55323.57560620398,55525.300232661284,677.8059784716258,12621877200.783218
1704633000000,55525.300232661284,55751.77954771593,55135.4432356685,55361.25342858118,761.5290108745999,12627676209.5709
1704633300000,55361.25342858118,55539.64421006021,55028.911229759375,55206.80432930723,857.6290801499202,12627622093.316774
1704633600000,55206.80432930723,55368.69562759,54958.483528993085,55120.12063150147,632.0889878888456,12636308260.181755
1704633900000,55120.12063150147,55346.54309200251,54723.32847748887,54949.048206592954,330.18092094227165,12620260785.116829
1704634200000,54949.048206592954,55072.50411872885,54732.133470796354,54855.37893296101,604.2701495883408,12627784606.019266
1704634500000,54855.37893296101,55064.3291398861,54502.00224677839,54710.400213723115,830.8856145829211,12614825243.164825
1704634800000,54710.400213723115,54962.66223957576,54266.31700471364,54517.690472824965,947.4029420029555,12623355113.862415
1704635100000,54517.690472824965,54750.68134596527,54114.72963154587,54346.99099063201,639.5429772170826,12594516712.39718
1704635400000,54346.99099063201,54596.498716345886,53918.04636581611,54166.726494941344,804.9821563912527,12577168781.290632
1704635700000,54166.726494941344,54301.30139363144,53929.85305602353,54064.17316538393,439.12597688258234,12538488364.056866
1704636000000,54064.17316538393,54185.163528034675,53854.334021240364,53975.125102985985,845.2826952717677,12524811395.15377
1704636300000,53975.125102985985,54138.29611597811,53666.37117371778,53829.10074368252,816.4235062063993,12509321914.741486
1704636600000,53829.10074368252,53922.27179380498,53677.88259452583,53770.952998596294,454.4639308115154,12494136985.930136
1704636900000,53770.952998596294,53935.71939138843,53483.80703241666,53648.197273832724,923.3421907209273,12481609125.37547
1704637200000,53648.197273832724,53893.93283794467,53227.99397713432,53472.92671446049,618.4936108040998,12490271642.524546
1704637500000,53472.92671446049,53628.5027169876,53181.61809701892,53336.79804202706,803.8748512857292,12485690405.008512
1704637800000,53336.79804202706,53506.84403149031,53070.122112339355,53239.85904523693,441.5476235384042,12479106747.971296
1704638100000,53239.85904523693,53472.42724190217,52830.370685842405,53062.1626496057,341.7562037439861,12461280418.163822
1704638400000,53062.1626496057,53302.9290389518,52646.26911042617,52886.23724878825,621.0052474793545,12451559818.753523
1704638700000,52886.23724878825,53088.75189384327,52514.241218217256,52716.10438192405,920.486280371346,12463337341.109928
1704639000000,52716.10438192405,52878.082042602226,52452.95032660658,52614.61615038931,746.5994497160025,12476642770.097197
1704639300000,52614.61615038931,52736.20270761195,52392.92712901832,52514.2818247142,979.0950893381904,12473299491.808949
1704639600000,52514.2818247142,52592.3020667561,52374.28577613451,52452.21380398568,899.8816346022348,12481887039.785639
1704639900000,52452.21380398568,52645.20710123503,52139.82832600467,52332.3807079399,714.1066099065713,12464730175.424387
1704640200000,52332.3807079399,52425.612819486254,52174.03078988912,52267.14668456053,811.0124282514844,12442134450.632227
1704640500000,52267.14668456053,52374.300691109805,52078.92892482515,52185.91639941201,529.1071631310441,12435048641.605305
1704640800000,52185.91639941201,52358.1070108875,51908.17049619247,52080.01166855445,714.2401424227405,12433830785.914026
1704641100000,52080.01166855445,52299.49436684688,51688.046263137236,51906.79898488063,303.5543068680189,12412313731.387363
1704641400000,51906.79898488063,51963.132442488095,51807.05577383292,51863.34206847897,629.4568413006768,12390977362.415209
1704641700000,51863.34206847897,51952.4004414556,51697.82192411673,51786.7487730921,671.7852084042438,12365562216.247087
1704642000000,51786.7487730921,51968.3791284791,51483.86425955799,51665.0678465059,874.9039245292503,12370062808.58739
1704642300000,51665.0678465059,51816.11027838722,51388.59501738947,51539.26967928819,690.9408765074245,12339677004.629297
1704642600000,51539.26967928819,51788.60355504549,51097.10605462553,51345.50253422698,964.9537269220094,12335249063.04861
1704642900000,51345.50253422698,51548.742367377876,50968.208670604494,51170.75681140069,753.3481389229459,12324617020.907082
1704643200000,51170.75681140069,51211.69341684981,50342.71162467861,51109.35190322701,1583.826361113999,12367200310.934479
1704643500000,51109.35190322701,51426.96689129688,51063.353486514105,51365.32849710035,2032.9740391176533,12430307481.103506
1704643800000,51365.32849710035,51485.410020264666,51181.649095546076,51301.58159161894,317.08943160991777,12424129227.851257
1704644100000,51301.58159161894,51485.28221845568,50992.40719313318,51175.65690905442,911.93932661559,12412275195.781721
1704644400000,51175.65690905442,51367.826518494214,50850.55970534272,51042.228277187234,559.2943224219059,12415611213.452494
1704644700000,51042.228277187234,51215.50134846482,50745.10875187912,50917.95996948643,902.2678556972259,12409122938.072655
1704645000000,50917.95996948643,51167.030929149354,50485.49338332022,50733.66283269579,533.0342968675809,12395177400.111124
1704645300000,50733.66283269579,50959.35338229892,50319.201071618154,50544.048113225595,488.8525663959866,12366704834.08234
1704645600000,50544.048113225595,50637.664119205154,50399.918882755366,50493.44115621117,856.1351272836513,12378310194.048613
1704645900000,50493.44115621117,50583.19159129781,50329.07731402678,50418.69489007761,916.5930735691359,12367358951.105492
1704646200000,50418.69489007761,50514.77628993389,50240.08963261066,50336.01346895402,961.7255608514166,12390405785.41464
1704646500000,50336.01346895402,50491.677858799834,50088.673001587675,50244.05300320318,377.67658060840137,12364847262.701714
1704646800000,50244.05300320318,50429.9919830728,49920.065957086474,50105.492162611474,555.8998007811837,12348715623.460129
1704647100000,50105.492162611474,50316.07744454951,49728.64259344476,49938.52614420439,346.90413991012235,12328105290.263927
1704647400000,49938.52614420439,50047.35339853104,49743.31565458387,49851.954249325456,986.8761355761496,12330628873.035028
1704647700000,49851.954249325456,50025.70654414989,49521.76049993069,49694.9656320023,634.9454255116436,12301192138.220663
1704648000000,49694.9656320023,49791.72338344405,49546.08561950057,49642.741689188166,971.3726117610225,12309551551.474733
1704648300000,49642.741689188166,49858.004338933286,49267.22447283975,49481.78919456363,457.80605840924875,12291082901.414883
1704648600000,49481.78919456363,49646.93375279149,49177.73680458374,49342.41620804128,776.1587172452389,12303022360.709692
1704648900000,49342.41620804128,49506.356787247,49028.65511827613,49192.09625822588,541.6586072496134,12297597039.05548
1704649200000,49192.09625822588,49352.18102813534,48913.24324979295,49072.94025290355,385.8966039800248,12270776665.063381
1704649500000,49072.94025290355,49208.793651132284,48851.230288161256,48986.84534146447,672.9988256813276,12272399473.903852
1704649800000,48986.84534146447,49180.59515912511,48646.22839427988,48839.39502533881,859.9327070363948,12274914300.44391
1704650100000,48839.39502533881,48948.016907129815,48679.43489633301,48787.94234412964,958.6131209000291,12290007475.101564
1704650400000,48787.94234412964,49030.21066180873,48366.275536640875,48607.648561975344,620.5118839525887,12273740518.30423
1704650700000,48607.648561975344,48847.38272733202,48191.15431135326,48430.012370472185,501.86088137909434,12270844511.605074
1704651000000,48430.012370472185,48495.8260575296,48314.49448932413,48380.240539237464,493.1599153460354,12234166762.124708
1704651300000,48380.240539237464,48506.2442067869,48166.95217832685,48292.72792409787,912.495197675968,12243877326.073874
1704651600000,48292.72792409787,48451.76547870653,48021.03503714678,48179.70036954619,505.218609359679,12228188744.526552
1704651900000,48179.70036954619,48268.63460620605,48042.85983825316,48131.705481819445,392.41915815870044,12197876323.77115
1704652200000,48131.705481819445,48304.96521920618,47820.945585275236,47993.70857509026,751.2791090833962,12176329674.713213
1704652500000,47993.70857509026,48152.58521336316,47689.661619409875,47848.0560949768,910.2555905386237,12172171938.441603
1704652800000,47848.0560949768,48065.83452592423,47477.16919232614,47694.24757019037,751.2704218560021,12173473167.865763
1704653100000,47694.24757019037,47851.15366506201,47410.01357527615,47566.49940004131,752.2358585206945,12185710433.407013
1704653400000,47566.49940004131,47749.56587119069,47244.286066243774,47426.81494179187,787.8045065039125,12188837551.751493
1704653700000,47426.81494179187,47527.6451828144,47260.12065516842,47360.81056973743,512.8576367875647,12179785838.36037
1704654000000,47360.81056973743,47582.01456063902,46973.51514718202,47193.93974915352,420.2159878051832,12146261426.485434
1704654300000,47193.93974915352,47379.03786383135,46861.187705942015,47045.70443076112,979.5068338640214,12137335692.831469
1704654600000,47045.70443076112,47133.689708847545,46881.95635643398,46969.79967680149,547.1846267511503,12119679876.6662
1704654900000,46969.79967680149,47108.648278741544,46711.22824606086,46849.72188302545,946.8921483498284,12096730281.234928
1704655200000,46849.72188302545,46959.00568311354,46656.75635110333,46765.84449496679,981.2442624773945,12107181400.922922
1704655500000,46765.84449496679,46879.98415789636,46585.961765845204,46699.9405795316,766.4491761931783,12105742579.000166
1704655800000,46699.9405795316,46884.57452105335,46353.98521768071,46537.97882354008,328.8060195419276,12075953826.708664
1704656100000,46537.97882354008,46693.03258725548,46244.703938058046,46399.29564154057,482.2850380746312,12069376479.646322
1704656400000,46399.29564154057,46596.612483787656,46045.92708737655,46242.57747264879,324.282362057919,12017334247.867952
1704656700000,46242.57747264879,46408.77358030574,45939.00971487972,46104.71032716845,561.0404552064863,11993068540.233042
1704657000000,46104.71032716845,46229.59852210535,45873.43964911944,45998.03889304103,511.09183866562705,11958213158.53089
1704657300000,45998.03889304103,46083.523010593846,45858.701423336715,45944.08527188231,649.5918410864674,11951763129.308569
1704657600000,45944.08527188231,46139.28590225592,45588.808951819396,45783.32657372669,524.1525516602194,11859599370.794193
1704657900000,45783.32657372669,46012.66878974797,45375.27144810604,45603.71393130928,982.9207253097468,11796483652.201824
1704658200000,45603.71393130928,45785.64687322799,45288.10964129583,45469.5071744067,631.7374715744273,11790032853.483593
1704658500000,45469.5071744067,45669.60638343992,45130.524924150726,45330.01024429196,986.4828452158422,11813978583.413517
1704658800000,45330.01024429196,45447.56527672827,45112.22753380071,45229.52196840199,695.6620604543436,11790306831.033834
1704659100000,45229.52196840199,45317.64715932856,45086.42028261256,45174.438148235706,782.4028870360622,11796741517.728567
1704659400000,45174.438148235706,45311.056640524395,44959.27216962604,45095.652394626566,397.5963054195481,11762004336.211569
1704659700000,45095.652394626566,45224.451758328905,44864.0390909153,44992.54396280511,581.1409453471406,11736693251.222126
1704660000000,44992.54396280511,45089.37424320866,44832.09765181485,44928.79072628994,364.7367919121424,11689811134.78145
1704660300000,44928.79072628994,45141.94580298122,44546.84701239509,44759.197490104714,708.4020090736724,11663410825.74154
1704660600000,44759.197490104714,44964.92466634643,44407.62396915939,44612.67769490555,494.5490184202862,11624923140.710106
1704660900000,44612.67769490555,44823.18025987322,44230.23425761119,44439.92168245247,611.820657357159,11616475673.620012
1704661200000,44439.92168245247,44539.02957430296,44255.44432481833,44354.36140402784,658.2512652583162,11592302667.441933
1704661500000,44354.36140402784,44529.02154859014,44031.41097219477,44205.48486555406,723.5544752932271,11586780280.94151
1704661800000,44205.48486555406,44311.561589782614,44050.480210813694,44156.43924378944,552.7454084030583,11589108158.273067
1704662100000,44156.43924378944,44364.86518683811,43794.38835758743,44002.08572563925,558.7409769764456,11552561351.610203
1704662400000,44002.08572563925,44150.029511766865,43730.44611532381,43877.972608403405,545.9485233996788,11527260847.120722
1704662700000,43877.972608403405,43976.93037972986,43734.96733007738,43833.82553673475,361.319041632016,11488484762.819796
1704663000000,43833.82553673475,43942.8719261173,43648.05711561818,43756.91216588571,994.8180160740527,11491457697.74221
1704663300000,43756.91216588571,43847.61847185127,43599.545088578685,43690.112922419125,863.9709495723282,11486815597.598717
1704663600000,43690.112922419125,43765.89481469737,43569.58563953935,43645.28978465765,927.5001785899374,11492061220.776112
1704663900000,43645.28978465765,43838.298475569965,43299.433560272635,43491.76332474881,360.25458202173934,11449639781.720472
1704664200000,43491.76332474881,43669.28315675749,43170.78010050771,43347.71195971034,907.26807391428,11467103530.876331
1704664500000,43347.71195971034,43402.07246014559,43251.15264879757,43305.46016307264,972.0667087545635,11479369292.856575
1704664800000,43305.46016307264,43390.83604528847,43148.10802287725,43233.341724978774,586.622447126837,11458771428.951372
1704665100000,43233.341724978774,43314.916352184,43100.44115731484,43181.91875733578,689.0696914753613,11425713999.643883
1704665400000,43181.91875733578,43307.45332208204,42978.84752535995,43104.15602533196,395.84892794102643,11389339403.233488
1704665700000,43104.15602533196,43277.886606321845,42785.64860079541,42958.793299747485,687.7068485573674,11376004289.444752
1704666000000,42958.793299747485,43173.32618849368,42581.728582250296,42795.44572585551,884.2096411410405,11392939171.166245
1704666300000,42795.44572585551,42961.7995382309,42500.520539806945,42666.37262115283,624.4162839439821,11370102221.309092
1704666600000,42666.37262115283,42839.12012124136,42330.200527341636,42502.28366448306,483.8739164927496,11367736252.758564
1704666900000,42502.28366448306,42598.24988029618,42361.50179097984,42457.3665881993,630.778818480103,11358722561.789186
1704667200000,42457.3665881993,42594.63624398137,42237.0694013052,42374.06974861583,592.0097405132697,11320009656.048603
1704667500000,42374.06974861583,42521.16902212083,42123.681883499004,42270.42134722801,471.3251830630735,11305890072.026323
1704667800000,42270.42134722801,42443.50069900668,41947.39491857092,42119.85777672703,996.0330678480694,11321494528.416319
1704668100000,42119.85777672703,42322.56754480568,41761.299628201195,41963.255719310946,706.7460390652726,11329769541.213898
1704668400000,41963.255719310946,42108.516014066285,41725.17654568177,41870.114421881,739.5972332368715,11330132101.688993
1704668700000,41870.114421881,42017.46967611327,41619.0260440582,41766.01493659474,383.70857880444487,11318705123.556017
1704669000000,41766.01493659474,41902.38461054353,41530.784404451544,41666.830231706146,891.6960476463737,11323421570.15159
1704669300000,41666.830231706146,41820.660870607906,41370.954214717305,41524.258490034685,523.7767780030576,11308266321.536518
1704669600000,41524.258490034685,41592.18058120431,41403.55734719957,41471.39296513324,414.3161962704496,11282214182.927835
1704669900000,41471.39296513324,41628.62058920151,41186.594881448786,41343.337015852645,938.4732348368276,11297817956.319542
1704670200000,41343.337015852645,41483.216941369144,41086.6228150665,41226.10610469667,670.7286309246911,11276220305.124857
1704670500000,41226.10610469667,41304.79785455935,41102.4754264456,41181.08123353477,836.509706375159,11256458911.319435
1704670800000,41181.08123353477,41331.898086632216,40892.85917249592,41043.17095887314,826.8399545326466,11230508731.207338
1704671100000,41043.17095887314,41187.30871589545,40806.39993956175,40950.21123530597,878.7753976247938,11220242039.492886
1704671400000,40950.21123530597,41048.484266466454,40776.83066279247,40874.92301597104,779.8106036229226,11209077007.91321
1704671700000,40874.92301597104,40962.423399982516,40712.95760068685,40800.29823646195,706.0326490263683,11173088757.334547
1704672000000,40800.29823646195,40866.9445880393,40675.89157170997,40742.4434187693,662.7195223941835,11146623924.91216
1704672300000,40742.4434187693,40886.99448278654,40485.59677938471,40629.74800873167,538.2191638993856,11136767937.0754
1704672600000,40629.74800873167,40689.58310558239,40523.26601656871,40583.03231560108,408.18844029581567,11103161686.501175
1704672900000,40583.03231560108,40730.83189762555,40305.20088211961,40452.52516940739,927.9397129346329,11086515660.637314
1704673200000,40452.52516940739,40583.32748468915,40239.636789144635,40370.17281998734,667.9569772798479,11050514725.157722
1704673500000,40370.17281998734,40496.85251063447,40151.874098578344,40278.26538805619,829.4147205487355,11040532650.780586
1704673800000,40278.26538805619,40450.67086255037,39964.37565084444,40136.172918420736,353.4802278995212,11025974765.805958
1704674100000,40136.172918420736,40245.259799374595,39970.65474500684,40079.58783226018,635.6627609114865,11024779544.846287
1704674400000,40079.58783226018,40222.40503912551,39819.825460125845,39962.22446137267,871.927092294071,11000937306.451319
1704674700000,39962.22446137267,40046.44561689626,39830.53488999086,39914.65579363364,834.5126821032019,10975827128.916636
1704675000000,39914.65579363364,40069.59352904025,39647.20395665865,39801.703241267576,320.13167605640103,10948299031.721556
1704675300000,39801.703241267576,39876.35079833327,39671.09388587801,39745.636290133814,899.7706464377862,10916998110.66625
1704675600000,39745.636290133814,39900.386270082796,39455.421366918825,39609.64185133972,387.74092679387854,10872995956.384361
1704675900000,39609.64185133972,39758.123037856516,39324.85052047269,39472.818810469806,783.5726956584795,10862662863.729315
1704676200000,39472.818810469806,39543.17135693127,39343.79515532118,39414.04294534755,842.2846156282606,10864102575.50392
1704676500000,39414.04294534755,39485.62767263993,39280.879261460526,39352.3519440812,375.47216730531227,10813935476.818985
1704676800000,39352.3519440812,39441.69108885523,39205.921966207105,39295.13120637525,341.48566594986346,10778609791.312967
1704677100000,39295.13120637525,39451.36954155926,39002.98667536232,39158.68248733681,346.37315281593845,10732494949.010313
1704677400000,39158.68248733681,39273.329287875145,38972.88617574517,39087.32405669672,847.6595698792896,10741892412.531065
1704677700000,39087.32405669672,39146.23003858655,38987.026329991466,39045.86983890672,930.8224070073449,10721171628.542873
1704678000000,39045.86983890672,39197.52672037677,38767.33111480464,38918.49325674648,363.54551912762133,10683594413.893673
1704678300000,38918.49325674648,39019.87038473211,38767.63814410405,38868.88605239272,964.1541235582973,10658672800.362364
1704678600000,38868.88605239272,38991.593853776954,38639.072249581535,38761.44084997761,650.4440907132737,10663542298.350128
1704678900000,38761.44084997761,38843.14375819666,38617.16755591375,38698.7382971957,699.1647500383551,10645138841.560131
1704679200000,38698.7382971957,38729.69728783345,38072.51531407048,38652.29981123906,1662.5069425299407,10679863233.36328
1704679500000,38652.29981123906,38892.50144335259,38617.51274140895,38845.886379696945,1595.2982682304864,10694582254.407383
1704679800000,38845.886379696945,38991.674386215425,38575.68698912049,38721.00632273031,931.1622040555812,10665704754.363905
1704680100000,38721.00632273031,38858.13797840153,38500.022824359046,38636.85646066027,369.0800029558127,10643420258.804173
1704680400000,38636.85646066027,38789.19179984803,38363.76776247337,38515.625117178926,795.4292635046008,10607279628.446741
1704680700000,38515.625117178926,38653.61495592337,38274.95818173275,38412.57883681296,607.7660804351269,10596552709.98733
1704681000000,38412.57883681296,38463.03777162436,38327.72495419453,38378.13864822066,548.3756414570718,10594916276.117887
1704681300000,38378.13864822066,38496.460005686444,38159.35038721991,38277.361043243596,459.2879487969322,10575406906.857368
1704681600000,38277.361043243596,38461.19233833448,37963.20887942284,38146.41127364172,386.53078173198685,10558891211.425747
1704681900000,38146.41127364172,38290.85430648985,37871.87046644991,38015.81900603984,833.5915755694755,10555424528.768635
1704682200000,38015.81900603984,38110.99067079371,37858.650238817325,37953.666305819956,328.4259941993174,10522100036.482855
1704682500000,37953.666305819956,38071.257082707525,37731.6704825044,37848.936778844,498.5280098010751,10511973108.909853
1704682800000,37848.936778844,37943.996695446454,37680.74183438685,37775.61760540675,983.3253330645198,10489556754.175436
1704683100000,37775.61760540675,37898.97963347958,37561.85427709306,37684.920118720554,503.4125275125624,10457041309.835682
1704683400000,37684.920118720554,37744.752253432875,37581.399524069835,37641.16218455736,348.7264098698515,10449388300.196276
1704683700000,37641.16218455736,37715.286845475996,37522.01596151686,37596.05178902603,775.3917757958842,10438077877.177383
1704684000000,37596.05178902603,37768.10903678078,37305.060967008096,37476.57141627956,644.1538614814492,10412118643.769545
1704684300000,37476.57141627956,37630.98488923713,37195.4642661897,37349.35356766936,760.9837842998137,10383644857.799314
1704684600000,37349.35356766936,37492.07602115802,37078.29643859049,37220.52660779489,580.437001485571,10376836444.449718
1704684900000,37220.52660779489,37304.22560006661,37065.277371215314,37148.81510352677,947.7032208792816,10371046186.577654
1704685200000,37148.81510352677,37187.31752603536,37082.15393470788,37120.62714215819,982.6452459347283,10359383164.747185
1704685500000,37120.62714215819,37253.68013544461,36888.8029671168,37021.50065725924,993.4629230424935,10365184831.210245
1704685800000,37021.50065725924,37188.748858610226,36732.19612754998,36898.89042534788,807.6403502328476,10349645827.14877
1704686100000,36898.89042534788,37042.596451182755,36650.858602265325,36794.15673337842,707.3430367973073,10329374029.673973
1704686400000,36794.15673337842,36941.19190477574,36542.72255366266,36689.33885652603,750.6818246860619,10314658198.980465
1704686700000,36689.33885652603,36807.90520923147,36480.785069857775,36599.05967368552,722.215802707502,10287260173.458809
1704687000000,36599.05967368552,36717.02015381692,36392.02667496439,36509.69914192482,495.2234432336827,10249278765.454967
1704687300000,36509.69914192482,36570.820342080406,36399.57412022471,36460.61314509242,475.482902247749,10205467924.700037
1704687600000,36460.61314509242,36573.79214163614,36269.28357229295,36382.219222806685,394.22586650257153,10165662392.662157
1704687900000,36382.219222806685,36513.19237155442,36130.29382696771,36260.829983932665,347.76007122318765,10129106029.234867
1704688200000,36260.829983932665,36368.190874401706,36095.82932431306,36203.019048443224,567.8430879355128,10127388904.63364
1704688500000,36203.019048443224,36274.250480500494,36074.54507150376,36145.66365366581,735.3767330666097,10112504647.240183
1704688800000,36145.66365366581,36276.43469982308,35895.10456821335,36025.44066077,826.1268225607591,10088617346.867195
1704689100000,36025.44066077,36113.94620079722,35890.02040874484,35978.410407145966,441.3522281161997,10047951764.65534
1704689400000,35978.410407145966,36064.87598011517,35833.98069632602,35920.30663065446,483.16569164176786,10003127555.329817
1704689700000,35920.30663065446,36056.62374254163,35692.26153251141,35828.229211751925,682.6340236691331,9981948470.887552
1704690000000,35828.229211751925,35862.886697969836,35767.46370746775,35802.09591433429,601.2844839400645,9976056652.94829
1704690300000,35802.09591433429,35855.639306352314,35718.69597233348,35772.19464587069,520.1914384738504,9938035185.143251
1704690600000,35772.19464587069,35886.499833444745,35570.74954093369,35684.775392160285,323.0018572793038,9926191863.484085
1704690900000,35684.775392160285,35796.39524579077,35505.72635038253,35617.134627727544,512.1312001294655,9912168950.892714
1704691200000,35617.134627727544,35696.55231019641,35486.543164455594,35565.846486649694,394.1417695486677,9867568831.746899
1704691500000,35565.846486649694,35643.683372400206,35438.19923149153,35515.9268667071,376.56739501803105,9853531448.193466
1704691800000,35515.9268667071,35605.08242838689,35372.98624851111,35462.00645388416,779.7619169769785,9841447071.814634
1704692100000,35462.00645388416,35553.860141717414,35305.81068426136,35397.497280435884,898.0460286842113,9821978201.797766
1704692400000,35397.497280435884,35492.28254911869,35231.82143039668,35326.416362914984,646.2837913165358,9786309539.107695
1704692700000,35326.416362914984,35381.10797054983,35250.28479672886,35304.94316000696,546.9346391896124,9779662208.710232
1704693000000,35304.94316000696,35346.03671979413,35243.418389644816,35284.48814059709,319.70289061460187,9749107932.476118
1704693300000,35284.48814059709,35445.875798791014,35004.75048181266,35165.59433182393,544.2137514553025,9738079526.27425
1704693600000,35165.59433182393,35218.45454626628,35068.10934060205,35120.90237499337,923.9400233150056,9660096572.903103
1704693900000,35120.90237499337,35218.61565676675,34936.84371791841,35034.31609958517,541.600119280531,9545313785.104649
1704694200000,35034.31609958517,35140.49053324954,34843.99765010796,34949.916303109545,762.8680040758865,9518279162.173737
1704694500000,34949.916303109545,35079.50939566722,34725.25445350042,34854.49372239721,714.7721667547465,9505766776.31166
1704694800000,34854.49372239721,34889.78137971296,34793.654774643386,34828.91653690629,513.4387193629883,9470328041.849924
1704695100000,34828.91653690629,34921.82929098919,34651.107750845804,34743.793422844334,528.2817864877308,9437539729.982798
1704695400000,34743.793422844334,34858.51375085065,34557.534557808736,34672.01789060555,697.6345834160735,9403244603.486658
1704695700000,34672.01789060555,34715.565697278114,34602.981791921266,34646.497545222424,787.1709334015095,9391123218.223045
1704696000000,34646.497545222424,34752.199424703205,34483.18334771261,34588.70892174994,564.4163154009541,9360785400.76005
1704696300000,34588.70892174994,34697.30494932575,34402.44327793129,34510.79468299635,865.8285978574382,9342977547.031013
1704696600000,34510.79468299635,34653.15077221315,34261.38643259367,34403.29910547758,535.1772237398623,9301150189.699018
1704696900000,34403.29910547758,34507.06092331353,34234.431347161735,34337.996208674944,537.6775973784853,9288504345.884655
1704697200000,34337.996208674944,34413.17494749599,34209.594517334655,34284.65647549542,605.1937925907301,9272693433.382996
1704697500000,34284.65647549542,34391.45784424733,34112.974084081434,34219.572708044216,851.0047260874869,9249982335.690813
1704697800000,34219.572708044216,34277.825459831125,34131.964390459885,34190.16708438925,501.1488913417501,9233016242.24465
1704698100000,34190.16708438925,34348.281408550196,33922.16046318782,34079.764223193284,581.419146531985,9209411359.267057
1704698400000,34079.764223193284,34208.471138328685,33859.89288446251,33988.2541994116,364.37048466797756,9202220155.080315
1704698700000,33988.2541994116,34026.83234967535,33921.791032631074,33960.33749621965,535.7866428148408,9181660627.22111
1704699000000,33960.33749621965,34106.52222892412,33707.86982175886,33853.595073974786,632.6878569943765,9175594834.048426
1704699300000,33853.595073974786,33984.320725878315,33631.59113319426,33761.96294765683,756.0757694886421,9140857812.249763
1704699600000,33761.96294765683,33883.04225874306,33559.428564356145,33680.21470466438,603.0373391838348,9100440459.625217
1704699900000,33680.21470466438,33752.2217272837,33551.14532390348,33623.03008797953,581.6106690159838,9095867369.533346
1704700200000,33623.03008797953,33696.24412517661,33501.718283725415,33574.82735964041,834.4095504529307,9076181650.339586
1704700500000,33574.82735964041,33674.8729358225,33382.47656794971,33482.246272924334,792.3321519893175,9041368576.042553
1704700800000,33482.246272924334,33535.61787458854,33405.41378696548,33458.747931641265,449.0669635129299,9026435574.177382
1704701100000,33458.747931641265,33508.42989514934,33395.89536086489,33445.55773862248,627.1067193713424,9000596161.378077
1704701400000,33445.55773862248,33489.000868958035,33386.76107279742,33430.18423416839,730.0956085096467,8987491324.037638
1704701700000,33430.18423416839,33486.17224843582,33342.34705944171,33398.28164407031,696.2815099107514,8977788122.606857
1704702000000,33398.28164407031,33471.710116731934,33279.136575758705,33352.46431579965,554.9922684113732,8943594289.225826
1704702300000,33352.46431579965,33458.52056057963,33153.341562421396,33259.1009244706,779.7146457126071,8948209331.502348
1704702600000,33259.1009244706,33360.69131424573,33080.185646134305,33181.53912229796,523.0572261074942,8927656700.157505
1704702900000,33181.53912229796,33215.04707947252,33123.74942667621,33157.23283845777,442.4906290484733,8897092624.654037
1704703200000,33157.23283845777,33262.16032973794,32986.99100979925,33091.711154889985,752.2298575372175,8897124331.363897
1704703500000,33091.711154889985,33202.757915382484,32900.381257087334,33011.15770215459,584.1061574737607,8869893760.690872
1704703800000,33011.15770215459,33119.54458220192,32808.89784953826,32916.97549731234,471.91062687286234,8862359049.25906
1704704100000,32916.97549731234,32965.00456012755,32845.86896844966,32893.86430979866,691.8775073729842,8855746895.08361
1704704400000,32893.86430979866,32987.33947636998,32739.20283880595,32832.50363549487,325.9026143058639,8841522508.1019
1704704700000,32832.50363549487,32932.62377106341,32644.47398912688,32744.3252315933,480.87779322839435,8810141852.488476
1704705000000,32744.3252315933,32801.08700831952,32663.27399534421,32719.993593555653,423.18965532634905,8766653597.005907
1704705300000,32719.993593555653,32783.553375261545,32637.297395460875,32700.819931628714,640.0893758800896,8728820197.058397
1704705600000,32700.819931628714,32841.60148964886,32459.960613109342,32600.30945962944,358.7506787459056,8685963209.825384
1704705900000,32600.30945962944,32683.73127696765,32474.01994563008,32557.331786232513,930.4024194818878,8674767362.304367
1704706200000,32557.331786232513,32639.634285331376,32413.592893761986,32495.739692656072,760.2014222741391,8646256676.98572
1704706500000,32495.739692656072,32631.03093172657,32268.81794926431,32403.726103270827,806.9641172135263,8614299363.700642
1704706800000,32403.726103270827,32501.090138530122,32220.091209533468,32317.195244026076,814.1362849635926,8605354290.334703
1704707100000,32317.195244026076,32353.040574821902,32272.22000457468,32308.055197486043,880.2871078721718,8611747931.758049
1704707400000,32308.055197486043,32357.808711084315,32251.136932537633,32300.879395598986,476.2656409108323,8605554888.711178
1704707700000,32300.879395598986,32329.710393733294,32258.917416227945,32287.736683489424,385.5937834175945,8572467039.455643
1704708000000,32287.736683489424,32327.291079483155,32227.868630942758,32267.398110976632,709.0283544068444,8561056517.6421585
1704708300000,32267.398110976632,32363.152417864345,32111.499694213406,32207.07499074064,465.15665542222604,8520288418.449451
1704708600000,32207.07499074064,32275.77766422645,32081.808100240007,32150.389855563128,422.607978804976,8512304117.630883
1704708900000,32150.389855563128,32177.25085153709,32120.056012526893,32146.914104581694,478.01414433144,8503819593.9317875
1704709200000,32146.914104581694,32212.07813978259,32042.012349929817,32107.09567038967,562.2934892008632,8479135303.69788
1704709500000,32107.09567038967,32130.530375822014,32078.845083885397,32102.276271678205,596.6469215780339,8457819475.886608
1704709800000,32102.276271678205,32175.890189065012,31998.64741599712,32072.192347762124,915.6034786179011,8434579273.746712
1704710100000,32072.192347762124,32097.820662144604,32041.324917783757,32066.9490423348,800.9698603854887,8440906938.316845
1704710400000,32066.9490423348,32090.184930212614,32027.713201207756,32050.93748702441,976.7636115376696,8452679060.5077
1704710700000,32050.93748702441,32126.087323456013,31939.49728858986,32014.561835026474,763.556404108248,8431848431.451857
1704711000000,32014.561835026474,32051.30073354934,31974.02558847836,32010.76012427822,852.1618974962756,8405410429.018854
1704711300000,32010.76012427822,32109.17437086391,31841.78327899834,31939.979918109664,516.4879511837985,8366271007.898234
1704711600000,31939.979918109664,31961.66607503513,31916.904045920775,31938.58925863589,868.5752092277544,8349662737.594377
1704711900000,31938.58925863589,32059.379481599954,31736.930636499594,31857.413857965665,900.3529974049476,8358948145.053709
1704712200000,31857.413857965665,31953.71366712786,31706.13265963609,31802.265765033542,575.0828977618752,8352701580.993571
1704712500000,31802.265765033542,31821.48188162336,31784.601980832176,31803.81723569588,363.1752293961173,8314502634.264804
1704712800000,31803.81723569588,31832.067539169027,31762.675103303456,31790.913945200482,447.2705438851692,8287307187.453716
1704713100000,31790.913945200482,31838.306807327743,31737.435895653223,31784.819672636855,741.9468918593901,8273326833.663941
1704713400000,31784.819672636855,31827.1787488709,31735.712354882322,31778.06242585113,584.4021711686416,8241918434.795738
1704713700000,31778.06242585113,31904.4627419681,31565.00418913391,31691.058438478143,876.2384462775266,8212628590.799134
1704714000000,31691.058438478143,31715.517638179088,31666.39366721694,31690.852708134942,589.0729229789081,8174576397.166028
1704714300000,31690.852708134942,31733.755079900435,31638.680191428266,31681.569996465096,913.7328590674872,8152525283.992457
1704714600000,31681.569996465096,31730.148821071674,31622.1073520267,31670.669462337373,788.9375312825966,8136368321.392385
1704714900000,31670.669462337373,31730.728320114755,31570.334634619634,31630.316969713516,721.4811594073631,8136299505.899762
1704715200000,31630.316969713516,31655.621223289283,31118.475180509613,31592.36058934986,1790.2284164832136,8153499744.8245945
1704715500000,31592.36058934986,31788.688792663503,31563.927464819444,31750.58808695915,1424.6158040000341,8179965384.66419
1704715800000,31750.58808695915,31863.986078483507,31554.88236668953,31667.985340511666,741.109439062949,8161937590.271025
1704716100000,31667.985340511666,31691.30373691711,31632.862563045896,31656.172261011332,580.463294983303,8143861073.15397
1704716400000,31656.172261011332,31701.3076794483,31584.188471408284,31629.285554738653,357.56243599638145,8134630604.249792
1704716700000,31629.285554738653,31726.33979978432,31461.319923652707,31558.155907866472,978.7652107873943,8132055363.7744875
1704717000000,31558.155907866472,31600.264273459343,31509.160818253218,31551.25998254341,892.8723008618599,8115875573.979269
1704717300000,31551.25998254341,31607.80955845669,31474.517974496965,31531.03129437045,523.579390466533,8094841834.721188
1704717600000,31531.03129437045,31604.608547453983,31418.09194196902,31491.577129269368,482.4759157108912,8069138760.9262085
1704717900000,31491.577129269368,31548.38918684563,31415.529590746475,31472.30688403394,859.6700675581255,8059779097.323298
1704718200000,31472.30688403394,31559.284557264018,31320.479905230513,31407.2778625917,427.3224776643956,8025731796.920703
1704718500000,31407.2778625917,31449.82294271196,31364.076748379033,31406.620938613723,919.0390013104185,8028629873.026828
1704718800000,31406.620938613723,31510.33137751923,31241.417407409626,31344.92411204601,946.1786463183983,8037859696.516872
1704719100000,31344.92411204601,31396.215002107612,31272.21632383069,31323.472111168336,934.7913463583857,8029505226.730161
1704719400000,31323.472111168336,31356.549585268815,31300.078408812813,31333.148656057656,790.8828079423429,8012126874.756693
1704719700000,31333.148656057656,31420.134231843258,31180.705184941966,31267.5085337866,600.2323576828458,7983547684.307836
1704720000000,31267.5085337866,31333.647450869434,31144.94547479056,31210.964787135224,557.5441078773589,7966108352.563794
1704720300000,31210.964787135224,31238.16291540689,31192.049561156997,31219.242672663677,803.008396685767,7973034539.226359
1704720600000,31219.242672663677,31299.246019099748,31100.046157583034,31179.94880841071,617.5955055585518,7959143667.440434
1704720900000,31179.94880841071,31207.171411456784,31136.18829439446,31163.39644589679,799.4945983752739,7938600550.060299
1704721200000,31163.39644589679,31263.17946221567,31002.49247723064,31102.07915988733,847.4853604014365,7913308886.48119
1704721500000,31102.07915988733,31178.461611843297,30974.105273832385,31050.3607123558,391.1395318948925,7890696673.6144495
1704721800000,31050.3607123558,31082.33431998104,31020.09002955878,31052.061978636728,996.6452149813042,7878041314.302207
1704722100000,31052.061978636728,31134.827816171222,30918.111233042153,31000.740278259334,592.8316937853315,7872678552.814368
1704722400000,31000.740278259334,31051.539122557188,30910.836125897386,30961.57078576181,503.1350730604657,7842632165.769047
1704722700000,30961.57078576181,31043.069969991986,30827.85177144904,30909.213136259386,935.129764481057,7827588947.804358
1704723000000,30909.213136259386,30982.653532837143,30793.993877520174,30867.334770958132,620.7148779929956,7822311803.077458
1704723300000,30867.334770958132,30953.14579967788,30707.02787355767,30792.63122681663,526.2721857583479,7788981464.419396
1704723600000,30792.63122681663,30835.234187688937,30738.97913247255,30781.566785202802,799.3351643416793,7780513589.640451
1704723900000,30781.566785202802,30824.15642478611,30729.74673358254,30772.32358419372,479.35791575267115,7752388435.942546
1704724200000,30772.32358419372,30846.101110618816,30633.249457013717,30706.870056733605,533.0037783961387,7745247380.46656
1704724500000,30706.870056733605,30798.542425562173,30563.288679523852,30654.805615034285,997.7176057134727,7757697896.458829
1704724800000,30654.805615034285,30722.94886893842,30599.890556977018,30668.0101562491,718.7624461702717,7746898279.606974
1704725100000,30668.0101562491,30679.79394503658,30652.25261840345,30664.03487974202,477.55981797858624,7713017739.684447
1704725400000,30664.03487974202,30696.707005798973,30615.97116695524,30648.626875986745,576.2877700469152,7691398125.0569105
1704725700000,30648.626875986745,30728.23644479649,30531.23941821623,30610.750603704706,691.692272043135,7661154869.236234
1704726000000,30610.750603704706,30644.620250074393,30558.714850883614,30592.56437487384,652.622705288141,7633919487.463829
1704726300000,30592.56437487384,30659.594507203183,30539.8881210081,30606.893580385615,392.3436735775589,7608557009.552268
1704726600000,30606.893580385615,30674.049407932995,30498.276026701074,30565.340681346024,399.25701381477865,7578371130.648512
1704726900000,30565.340681346024,30632.554404913033,30438.77689961721,30505.859823728617,389.5100463140564,7562641527.339815
1704727200000,30505.859823728617,30562.76469001936,30459.084709790717,30515.974067752264,823.4763574035059,7550573075.556221
1704727500000,30515.974067752264,30563.47720800649,30483.998778427307,30531.485665298358,913.8554698545595,7562717908.346646
1704727800000,30531.485665298358,30578.271176776314,30471.942532315108,30518.708464402604,484.63055835575517,7544862471.592325
1704728100000,30518.708464402604,30597.33455300388,30400.35447408464,30478.877946356508,520.8800436244045,7525948739.049536
1704728400000,30478.877946356508,30558.83123537981,30421.909272641053,30501.819680814635,405.885322309824,7493127009.341742
1704728700000,30501.819680814635,30552.817581597043,30461.245978192732,30512.230031065093,858.7541282772476,7483718924.677104
1704729000000,30512.230031065093,30586.16925813072,30376.04692546809,30449.834952707883,460.9023818984548,7448207292.1041355
1704729300000,30449.834952707883,30528.883751637422,30307.50057304888,30386.38465285917,794.1740038021876,7433789974.453823
1704729600000,30386.38465285917,30455.150436149288,30291.278806761136,30359.98484607668,949.0444387975152,7381654610.390186
1704729900000,30359.98484607668,30441.053939447593,30217.072969226854,30297.976484066843,796.3203995868427,7301357127.785296
1704730200000,30297.976484066843,30343.044619813758,30231.855037843798,30276.891810210916,892.086845664939,7312099555.34923
1704730500000,30276.891810210916,30315.454549798877,30252.342108276414,30290.893494744512,365.5045147434889,7276501919.576419
1704730800000,30290.893494744512,30332.59138647796,30263.73865221874,30305.423518238702,417.80650112744905,7260616094.062566
1704731100000,30305.423518238702,30339.141480663624,30253.98888798216,30287.687116800098,923.6261655702916,7242648955.820103
1704731400000,30287.687116800098,30325.283348274384,30239.77417432218,30277.35758370425,980.1391482568383,7245282196.998119
1704731700000,30277.35758370425,30319.490630490396,30219.90664326051,30262.018344429416,591.4932939729783,7238473390.274744
1704732000000,30262.018344429416,30351.673780309226,30116.823587388415,30206.313991379197,773.8359612674537,7218618913.627347
1704732300000,30206.313991379197,30249.819546497976,30181.07767485415,30224.567979405787,776.9186413804748,7195887517.403578
1704732600000,30224.567979405787,30244.98197559592,30204.08128415529,30224.495231210516,713.236948478251,7169035313.367127
1704732900000,30224.495231210516,30310.685879189954,30163.224336986532,30249.364570008987,407.6428280786585,7162390247.753871
1704733200000,30249.364570008987,30339.23494135675,30105.986891737724,30195.697820042067,761.6775262050223,7157535999.060237
1704733500000,30195.697820042067,30255.72346732229,30116.335752379768,30176.322884469657,715.9429815456599,7161816644.177794
1704733800000,30176.322884469657,30277.008628179323,30016.30222991114,30116.789335114867,759.3209299121454,7135487248.701209
1704734100000,30116.789335114867,30187.356797601045,30072.64201442458,30143.170805085483,812.0816521337239,7128412373.550154
1704734400000,30143.170805085483,30198.299552868502,30095.28236302553,30150.39962638337,698.4109050819586,7101248141.792194
1704734700000,30150.39962638337,30197.852471167185,30063.3477858032,30110.738208624978,750.5508206640766,7101194718.191278
1704735000000,30110.738208624978,30147.86707990493,30044.545137044286,30081.638125669127,349.50686233497674,7073410910.676663
1704735300000,30081.638125669127,30157.621344412102,30033.776970279123,30109.71551670838,579.2009478704238,7064205164.09713
1704735600000,30109.71551670838,30191.99690656306,29986.156621232247,30068.324902170665,905.8608575108802,7072505801.686015
1704735900000,30068.324902170665,30154.028421892344,29933.82534198582,30019.389381160992,414.05847871267815,7051967494.996424
1704736200000,30019.389381160992,30063.114960020164,29989.399346161754,30033.111216603345,826.7909964032673,7034800007.77013
1704736500000,30033.111216603345,30049.141314245997,30019.92024819865,30035.949099402926,643.5915683267287,7007362129.6844
1704736800000,30035.949099402926,30087.747866210506,29967.45110442167,30019.22102267372,517.0709150479286,6992722572.183923
1704737100000,30019.22102267372,30042.840878523188,30002.046341197245,30025.662511723815,765.8642073517892,6991413023.710231
1704737400000,30025.662511723815,30090.37720725449,29981.08187093582,30045.766716722428,642.7361250803597,6986865328.056054
1704737700000,30045.766716722428,30119.674525708677,29997.23970140103,30071.106583885598,694.139953853477,6963672002.279103
1704738000000,30071.106583885598,30120.354074136863,30005.950134485873,30055.171527875245,867.6960517299564,6965409474.727839
1704738300000,30055.171527875245,30080.220397478013,30031.813955834783,30056.861512055355,598.2119691749157,6964502045.694266
1704738600000,30056.861512055355,30124.80181724589,29939.430528835604,30007.25871222802,624.4674129300417,6947183930.2915125
1704738900000,30007.25871222802,30070.533067569955,29911.490608248343,29974.69630135171,408.5487905999074,6915876095.657171
1704739200000,29974.69630135171,30011.072558407832,29930.59314369811,29966.960012260755,667.2744487135043,6900041004.88681
1704739500000,29966.960012260755,30014.397347439004,29893.846901207315,29941.243527501294,935.0453977367378,6892256200.336701
1704739800000,29941.243527501294,29961.063575085496,29912.936660211548,29932.75108609896,389.4528238402288,6866550536.232219
1704740100000,29932.75108609896,30029.25937479084,29866.423303434018,29962.864863208877,666.1644399122317,6862221377.936845
1704740400000,29962.864863208877,29994.6157957426,29907.097139135167,29938.82259465091,353.5727638163522,6852975282.176934
1704740700000,29938.82259465091,29994.775179690336,29836.858198035363,29892.72463071395,597.4394648456096,6824752786.589208
1704741000000,29892.72463071395,29963.593276897747,29780.769238750163,29851.54024640834,697.9347472561697,6819886061.481565
1704741300000,29851.54024640834,29893.12481427855,29783.507876693468,29825.055550164278,357.2386930737848,6786179091.54375
1704741600000,29825.055550164278,29838.772076630827,29807.66695671764,29821.3817936256,763.1048263908569,6763047215.329514
1704741900000,29821.3817936256,29866.10353609066,29744.471367445036,29789.144765534977,575.0701362764917,6744384931.883937
1704742200000,29789.144765534977,29866.83603069826,29671.166758667227,29748.752679676534,508.3532610517923,6744205839.746379
1704742500000,29748.752679676534,29781.04541443249,29721.512371678393,29753.800484265706,769.1819065434004,6744714238.664661
1704742800000,29753.800484265706,29786.67940827624,29729.657001186846,29762.528842640888,976.7037387391802,6758787759.609124
1704743100000,29762.528842640888,29837.70391562638,29718.6453086699,29793.774311591744,429.5611735787568,6745719400.598634
1704743400000,29793.774311591744,29862.52300173543,29745.639004898978,29814.354445443452,910.1310563935797,6749345148.232901
1704743700000,29814.354445443452,29875.733774827222,29716.751875493916,29778.056477620816,304.09294870833816,6728555542.295188
1704744000000,29778.056477620816,29825.064886421234,29696.187124699693,29743.14041410073,633.9839117386498,6723414767.3552
1704744300000,29743.14041410073,29813.840097476557,29689.327350307653,29759.99653658123,976.0626652909277,6707637553.319564
1704744600000,29759.99653658123,29801.84236307252,29727.41177234957,29769.24746982494,732.949562141245,6700732118.721752
1704744900000,29769.24746982494,29873.96211869785,29707.51451967535,29812.140221184574,771.6622000500495,6679019742.95358
1704745200000,29812.140221184574,29868.260209334498,29774.045087004855,29830.142071676833,511.85966105270825,6662824126.917639
1704745500000,29830.142071676833,29868.758125147124,29759.41432135825,29797.988751348035,378.3387517271768,6638753249.958392
1704745800000,29797.988751348035,29880.118819156465,29674.50597187814,29756.521747145038,901.3084211853944,6647643188.811692
1704746100000,29756.521747145038,29809.37023701068,29679.979153287997,29732.78548683163,754.8178782257896,6643939017.334488
1704746400000,29732.78548683163,29764.16511986522,29698.313423955242,29729.689789826523,853.0080756322128,6652911499.817251
1704746700000,29729.689789826523,29770.893752138643,29663.997224223767,29705.16719937019,624.3978888073261,6639751838.076691
1704747000000,29705.16719937019,29714.159152309887,29697.312012924915,29706.303665339386,416.2738452232684,6630054639.367716
1704747300000,29706.303665339386,29764.39956009069,29621.15206365839,29679.194942540587,974.7068095172405,6631793890.682541
1704747600000,29679.194942540587,29719.228664772323,29640.900442738286,29680.93192377622,709.6583885687646,6623660898.488862
1704747900000,29680.93192377622,29729.055518540452,29610.937910253608,29659.025987521214,883.6869729624195,6617885116.97781
1704748200000,29659.025987521214,29700.099843292188,29583.13861239403,29624.16418915278,741.2869162361374,6615437853.252227
1704748500000,29624.16418915278,29713.84040523578,29558.980662652466,29648.603104570546,894.0313827022333,6617358866.513651
1704748800000,29648.603104570546,29729.788485069694,29594.47071945588,29675.6067966454,688.0131676742319,6613820960.393136
1704749100000,29675.6067966454,29711.19529109799,29627.73977761578,29663.31352935805,640.2706724356785,6616975514.259251
1704749400000,29663.31352935805,29720.72126954503,29620.770586184037,29678.15703790168,775.0675419982612,6596447925.935263
1704749700000,29678.15703790168,29772.244081853187,29619.49263055233,29713.509793195677,800.0032301432884,6582471841.400208
1704750000000,29713.509793195677,29754.710149345334,29682.42000629568,29723.609794629738,521.0951051658316,6557479654.902169
1704750300000,29723.609794629738,29792.333487843924,29624.026086724778,29692.678263421418,591.9962206661583,6559389501.197624
1704750600000,29692.678263421418,29728.288993646107,29663.091666006272,29698.696399595345,957.2751332247694,6548491329.611872
1704750900000,29698.696399595345,29734.341603832036,29658.209871595656,29693.84925815792,314.56484729747024,6515736174.637618
1704751200000,29693.84925815792,29717.604337564444,29213.343389462407,29658.21663904813,1353.7610380008246,6530524664.059972
1704751500000,29658.21663904813,29842.52525915783,29631.524244072985,29806.757150577134,1608.8928018277313,6548725189.649931
1704751800000,29806.757150577134,29860.22555550581,29738.324304110738,29791.7658170603,537.4070990474142,6547672762.140746
1704752100000,29791.7658170603,29867.087514607112,29736.084961697867,29811.370018961687,759.8706955308251,6540782492.253784
1704752400000,29811.370018961687,29849.91812296593,29750.760422899377,29789.279962977344,797.9696301613737,6526713287.260885
1704752700000,29789.279962977344,29929.95507325631,29701.150851719023,29841.67096756115,771.1751055475333,6523084863.177539
1704753000000,29841.67096756115,29941.679516690903,29774.46748883208,29874.40232690143,859.8285412762996,6528205980.49516
1704753300000,29874.40232690143,29988.836711439213,29803.102743926596,29917.434426134263,497.72005068874563,6516315279.941932
1704753600000,29917.434426134263,30017.3498531054,29852.548903168794,29952.388521008255,390.36758781450817,6502921859.561791
1704753900000,29952.388521008255,29994.145715108592,29896.6564758501,29938.394160145985,370.63260790286745,6494094890.586155
1704754200000,29938.394160145985,29991.829565966753,29890.836201540835,29944.262285683566,512.5563253782931,6467490240.470791
1704754500000,29944.262285683566,29964.216910989147,29912.040696784272,29931.98714202885,312.6914169725085,6447192351.177129
1704754800000,29931.98714202885,30047.777991385887,29864.74070773731,29980.422739687074,411.0238255731788,6428547998.442162
1704755100000,29980.422739687074,30107.04221914882,29898.085871157582,30024.58406795726,322.37900543787237,6422201315.759029
1704755400000,30024.58406795726,30070.3088767995,29954.69126928823,30000.37921626373,732.2940450808642,6407016266.973702
1704755700000,30000.37921626373,30033.090214686694,29949.045168092107,29981.735838655506,480.4754987028537,6399672314.131882
1704756000000,29981.735838655506,30003.579370787174,29961.42597344184,29983.268467358692,332.6734508504452,6392464681.733342
1704756300000,29983.268467358692,30099.559077949558,29917.367933287664,30033.548033902218,405.8248616560228,6365853426.981024
1704756600000,30033.548033902218,30125.93936088626,29975.09462952966,30067.420032446873,768.6401231057898,6361312922.710278
1704756900000,30067.420032446873,30178.530288352773,29992.186072944125,30103.20678411944,606.4786945230575,6345121502.090793
1704757200000,30103.20678411944,30167.105945132676,30053.057456256116,30116.933749337568,377.6515914668279,6322559076.44182
1704757500000,30116.933749337568,30162.61662357165,30053.684361288088,30099.34054927474,847.5093804364739,6312082511.741158
1704757800000,30099.34054927474,30252.913561336518,30004.76243086938,30158.150649890576,329.3786060446054,6290141262.972977
1704758100000,30158.150649890576,30203.82287555175,30095.66022526337,30141.306942410512,909.6086319071826,6288751713.299803
1704758400000,30141.306942410512,30265.975403937722,30073.182436631203,30197.723387349524,504.48609140302494,6276985232.097097
1704758700000,30197.723387349524,30250.912143115303,30158.952325090788,30212.122593617798,812.7863258819647,6279673523.214356
1704759000000,30212.122593617798,30257.82953021931,30150.23572271836,30195.918144135852,534.2252677188258,6279239421.005544
1704759300000,30195.918144135852,30245.009753661278,30134.54304087807,30183.61464775157,607.3759226407533,6260034717.207674
1704759600000,30183.61464775157,30244.08369416262,30136.4448182262,30196.89311354514,471.72124523199614,6247313694.620229
1704759900000,30196.89311354514,30314.06673461451,30129.157854294586,30246.22082737537,653.5159097603206,6233672694.91002
1704760200000,30246.22082737537,30281.660766646255,30194.926542332265,30230.34788304214,828.3916487582477,6244527919.085171
1704760500000,30230.34788304214,30279.5645880983,30190.660920197708,30239.86513083399,406.12785016927404,6231332069.042516
1704760800000,30239.86513083399,30352.44705587575,30172.94890222633,30285.429999135074,459.7274027511181,6210410964.941011
1704761100000,30285.429999135074,30407.475543563734,30213.926038567522,30335.852535287864,586.516523574633,6194894157.24811
1704761400000,30335.852535287864,30412.373443084693,30279.062134797845,30355.546175007537,856.2251424606073,6208143553.1277485
1704761700000,30355.546175007537,30385.26562366152,30337.1122387026,30366.824838191107,401.9090141289405,6184586296.902837
1704762000000,30366.824838191107,30422.64339073749,30290.678321387168,30346.459439427734,960.5499882154676,6198377308.918348
1704762300000,30346.459439427734,30377.12961724089,30302.665497874787,30333.322398508717,987.3614470709923,6197397438.975652
1704762600000,30333.322398508717,30347.117747583645,30314.038308559484,30327.831160263784,831.4346695390761,6189415207.241645
1704762900000,30327.831160263784,30437.382794248773,30258.39581917291,30367.855817007647,931.7577921017265,6202934980.655558
1704763200000,30367.855817007647,30411.345914729896,30309.986495740304,30353.455971305342,799.3586619149859,6213779554.55668
1704763500000,30353.455971305342,30460.297934886334,30287.577759085685,30394.331008735953,507.00709740455227,6215626179.785715
1704763800000,30394.331008735953,30460.814669351996,30345.647213020664,30412.102408486586,687.5272997579161,6203402586.1369505
1704764100000,30412.102408486586,30463.839279380714,30369.647036771268,30421.370968731902,936.4615972407918,6195546261.237437
1704764400000,30421.370968731902,30455.051960970006,30370.32608076974,30403.987827279147,669.4542149251754,6201751695.204254
1704764700000,30403.987827279147,30568.350376317452,30306.097761913,30470.246979962485,612.3323354923393,6182934015.934991
1704765000000,30470.246979962485,30499.074796203877,30442.83341891514,30471.659963918988,851.8391052837015,6183678817.346765
1704765300000,30471.659963918988,30588.688019254492,30397.398897424086,30514.322980703913,921.3724275550377,6184737079.498336
1704765600000,30514.322980703913,30645.3263497987,30438.43229721916,30569.29893829283,438.1070279827884,6133869987.422775
1704765900000,30569.29893829283,30599.67244516287,30550.38070604871,30580.747128048624,534.1450473144313,6088233766.774988
1704766200000,30580.747128048624,30715.573463575955,30496.766700612785,30631.45378621242,388.20395219570986,6064069480.605572
1704766500000,30631.45378621242,30799.655522206223,30539.185519168856,30707.159214771636,364.97369749970824,6061016694.947196
1704766800000,30707.159214771636,30804.065053131926,30646.065888215722,30742.900617387233,829.932426996379,6055894769.749115
1704767100000,30742.900617387233,30750.170610640092,30735.67686182968,30742.946844220474,857.6190894689623,6058914645.350193
1704767400000,30742.946844220474,30838.724874268195,30687.56815808375,30783.273545786542,841.9104510006268,6063785768.665256
1704767700000,30783.273545786542,30932.35013046605,30687.51057705374,30836.4218239924,377.30933437042177,6057840307.81912
1704768000000,30836.4218239924,30864.4209479848,30800.39975218663,30828.39158481222,738.8926726225731,6065874418.300007
1704768300000,30828.39158481222,30875.547118446604,30800.85681666589,30847.99484140353,755.6736935596177,6057495770.038909
1704768600000,30847.99484140353,30866.44680097768,30828.291073889202,30846.74228423688,815.8010870490177,6070195605.336312
1704768900000,30846.74228423688,30948.421060079614,30774.66022837479,30876.27000442634,863.7712934764522,6077996885.890321
1704769200000,30876.27000442634,31062.83863804371,30769.557462412402,30955.851053221435,926.0372285267531,6069517434.642778
1704769500000,30955.851053221435,31075.215449708186,30883.222924957292,31002.4779262119,716.884240237523,6072771561.590318
1704769800000,31002.4779262119,31061.860900160165,30964.406477571032,31023.763312786006,849.3524839770456,6085995204.670399
1704770100000,31023.763312786006,31166.386578533497,30936.910295564718,31079.3778648032,800.0456852046102,6081708457.470371
1704770400000,31079.3778648032,31170.701171527784,31026.023034643953,31117.281271538715,529.4928741568049,6074044157.973903
1704770700000,31117.281271538715,31242.72658870999,31036.14172204897,31161.471810630628,552.8872729690128,6062850686.725906
1704771000000,31161.471810630628,31194.956817856764,31127.345695685577,31160.83001325913,879.9063406023164,6068665127.775062
1704771300000,31160.83001325913,31171.14318120385,31148.762032097395,31159.07461906673,921.9565077948891,6062186387.671515
1704771600000,31159.07461906673,31253.03166641542,31100.672210119694,31194.562740993337,558.5059514178015,6043132328.826879
1704771900000,31194.562740993337,31304.095269969603,31125.711892889,31235.154829338135,663.2614995924928,6027069916.200609
1704772200000,31235.154829338135,31308.744217758016,31190.315317646597,31263.86349344925,649.1791139954537,6017564730.61703
1704772500000,31263.86349344925,31350.289975488613,31209.296461131016,31295.66743350424,951.7249253651054,6021323506.80925
1704772800000,31295.66743350424,31415.429292827135,31214.431282282632,31334.093396892327,876.668281212374,6021251092.771509
1704773100000,31334.093396892327,31357.954389491453,31316.641286275597,31340.498711314798,797.8053973644894,6019822292.53892
1704773400000,31340.498711314798,31384.02984830899,31302.35427404506,31345.878862871163,904.2901603162197,6030087603.440589
1704773700000,31345.878862871163,31369.539384183474,31326.916154081508,31350.573835167426,631.3488932164398,6032544355.377161
1704774000000,31350.573835167426,31520.93600642116,31244.60788270746,31414.753125885018,558.53244174412,6035747702.248953
1704774300000,31414.753125885018,31612.0951350637,31301.752319238996,31498.792035271767,586.0339014026173,6041596993.417028
1704774600000,31498.792035271767,31538.947749335908,31464.761664830352,31504.910768394802,328.19749911087933,6031379192.211871
1704774900000,31504.910768394802,31544.388301999465,31475.004221406354,31514.472678213195,993.7140707829731,6036114887.09336
1704775200000,31514.472678213195,31587.4235424332,31465.676257767278,31538.589779518406,853.8425907493277,6033282295.474851
1704775500000,31538.589779518406,31585.753811187577,31500.701919538165,31547.854820950877,334.055732606161,6027941885.631944
1704775800000,31547.854820950877,31749.77780463138,31427.064562878655,31628.67809085495,450.9070189904719,6024848018.787315
1704776100000,31628.67809085495,31802.33705511003,31529.526222749697,31702.95234669455,385.62953385171375,6012616045.254736
1704776400000,31702.95234669455,31802.621621017825,31633.423338286746,31733.0266554448,592.3026080192885,6009884354.937278
1704776700000,31733.0266554448,31864.722776063325,31653.29837067765,31784.86425088087,930.20110157487,6020842281.2866535
1704777000000,31784.86425088087,31953.87485491176,31688.227123451867,31857.018353721214,804.0234467653813,6034929822.258818
1704777300000,31857.018353721214,32004.48179017436,31765.617031168033,31912.92007936387,653.3347028905316,6037538994.515167
1704777600000,31912.92007936387,32021.638142397154,31846.7986568583,31955.428645004617,614.3523171863542,6043152900.480165
1704777900000,31955.428645004617,32138.1454834984,31854.768061422663,32037.227231850728,859.8681348364003,6057326551.243499
1704778200000,32037.227231850728,32185.502737388866,31952.09541570448,32100.20357559568,462.975598351442,6044536240.068783
1704778500000,32100.20357559568,32202.643340014813,32035.391963667258,32137.755908404582,970.6556444563768,6043942352.383381
1704778800000,32137.755908404582,32344.19103293573,32017.29474444633,32223.40881827162,752.1415707615831,6045348027.406597
1704779100000,32223.40881827162,32425.342850411966,32105.699530622995,32307.32701694003,700.3963555475805,6048666465.157918
1704779400000,32307.32701694003,32496.95678701644,32195.703193336107,32385.064376003505,692.7310485512895,6059820051.908102
1704779700000,32385.064376003505,32439.223810679836,32343.885588116227,32398.0285383883,434.6987133370178,6054765833.214918
1704780000000,32398.0285383883,32549.978741536586,32307.685901960456,32459.464788733058,337.01207019466875,6033255457.281585
1704780300000,32459.464788733058,32587.85192508383,32388.399272685012,32516.661185423094,633.0849845099982,6034866677.446028
1704780600000,32516.661185423094,32707.176567616116,32415.943744936598,32606.181844919018,955.3272669933856,6039354079.142251
1704780900000,32606.181844919018,32653.423345139083,32578.937630383258,32626.16243574755,850.7299322192631,6042197110.100692
1704781200000,32626.16243574755,32713.8995788779,32565.243279715767,32652.930441964956,921.3590801185885,6054399669.752367
1704781500000,32652.930441964956,32784.47375417318,32568.145038893934,32699.567255660073,724.7983748041229,6059745749.697287
1704781800000,32699.567255660073,32793.73658254812,32648.363655069545,32742.46580796959,903.3820349998336,6065136306.332496
1704782100000,32742.46580796959,32778.4484846442,32712.61759985719,32748.59468941048,590.4554964366544,6057200178.255669
1704782400000,32748.59468941048,32945.22122459436,32640.916017908927,32837.25104748933,480.0244552174029,6053440430.1564865
1704782700000,32837.25104748933,32879.46367706356,32810.91026232041,32853.110170313696,417.7091948669121,6037283043.383277
1704783000000,32853.110170313696,32908.00923325797,32817.34827569188,32872.22652973169,362.7399944361981,6030795252.549016
1704783300000,32872.22652973169,32965.98930310678,32814.05650694026,32907.75640736726,418.43373359173245,6026102196.626406
1704783600000,32907.75640736726,33059.94390494129,32822.03547471909,32974.05028434401,319.0198346921089,6015872711.4171715
1704783900000,32974.05028434401,33019.64401417074,32940.24731680742,32985.82897184844,524.0290246883212,6004037225.102585
1704784200000,32985.82897184844,33099.74188005942,32919.20483949689,33033.02242728939,562.8592108123321,6005495801.7076235
1704784500000,33033.02242728939,33222.144420934295,32932.89506897077,33121.74812356831,441.79162061017803,6000314085.0599165
1704784800000,33121.74812356831,33315.53505849234,33010.03424059675,33203.54528794341,645.0856086316323,6009348897.62506
1704785100000,33203.54528794341,33390.52640989979,33099.1928200013,33285.915069301336,380.556960318247,6003820589.069286
1704785400000,33285.915069301336,33338.83690915447,33246.85043381294,33299.75602979609,584.9535245136972,6001880640.205453
1704785700000,33299.75602979609,33435.835432613705,33220.31208393886,33356.2566919088,463.6183190317047,5991818609.747048
1704786000000,33356.2566919088,33568.36381620922,33241.647530968345,33453.420807921546,974.4322814816302,6004106275.849635
1704786300000,33453.420807921546,33623.42504594629,33360.2359706313,33530.026821840285,688.2952150410833,6007629319.847493
1704786600000,33530.026821840285,33725.66682684345,33422.86654854738,33618.224677655155,584.722144992557,5999271483.688161
1704786900000,33618.224677655155,33686.70221673003,33567.81295046635,33636.263439773924,442.4198347927414,5987623773.559368
1704787200000,33636.263439773924,33663.17245052574,33091.9614247915,33595.8999236462,1498.6441763665662,6022946854.993128
1704787500000,33595.8999236462,33804.678962238766,33565.66361371492,33764.16196787731,2103.8212963986794,6073006684.00519
1704787800000,33764.16196787731,33918.40817147862,33675.16362868951,33829.2382987762,938.0449122831715,6080332798.176738
1704788100000,33829.2382987762,33949.80868152161,33765.603313584885,33886.066798247324,625.2564376054712,6078265673.615913
1704788400000,33886.066798247324,34096.219304668855,33771.88216924576,33981.71238227181,980.4572628227411,6093072930.496531
1704788700000,33981.71238227181,34050.09892067823,33925.09743542326,33993.464394488314,637.5303819128278,6088812188.740445
1704789000000,33993.464394488314,34180.75505943908,33879.41991376638,34066.46566716187,566.1074601074256,6090741625.282832
1704789300000,34066.46566716187,34195.83744473986,33985.50828908366,34114.7652848569,709.6114165222566,6100278087.384748
1704789600000,34114.7652848569,34253.508197547504,34041.12144505575,34179.724130522634,817.4280619163998,6103324979.869893
1704789900000,34179.724130522634,34340.71275095138,34089.73962678101,34250.54180645907,576.7134307988026,6103795706.862648
1704790200000,34250.54180645907,34315.29618119398,34211.88441727357,34276.609370460275,689.5353570519005,6111896770.401741
1704790500000,34276.609370460275,34386.3179415587,34209.48531468587,34319.110655305354,727.3117166263921,6114098936.839013
1704790800000,34319.110655305354,34564.87108572634,34186.46193965962,34431.78685897861,777.4706971778417,6130168443.404327
1704791100000,34431.78685897861,34549.29495186038,34364.23907750224,34481.64935086859,826.885800774603,6142934810.781728
1704791400000,34481.64935086859,34622.14474322294,34402.93583818223,34543.29051821859,988.1153630103676,6163220804.020573
1704791700000,34543.29051821859,34670.48441212461,34466.76545310477,34593.8473465464,719.6595671021944,6167185149.805585
1704792000000,34593.8473465464,34663.791438175045,34541.06884104424,34610.98678369128,752.5103043435547,6181534890.857842
1704792300000,34610.98678369128,34669.77323717054,34568.24647124358,34627.013134150846,931.0114957891778,6183481617.884794
1704792600000,34627.013134150846,34823.40949696721,34516.905046622735,34713.02789693622,926.6877240504544,6190946447.169298
1704792900000,34713.02789693622,34931.51416358182,34584.59895446,34802.75326119478,676.6920175910304,6188348548.261984
1704793200000,34802.75326119478,35035.27681546929,34669.64637587003,34901.79114905548,354.2661814172158,6174402471.260566
1704793500000,34901.79114905548,34984.52450188501,34839.52778946668,34922.22468970031,770.1291547091583,6172856730.170638
1704793800000,34922.22468970031,35120.15592690675,34812.50857175405,35010.16352907973,868.9468731244169,6187894903.269478
1704794100000,35010.16352907973,35242.121010610455,34883.3540482792,35114.93205024075,424.03064584286545,6190334760.039693
1704794400000,35114.93205024075,35349.945010288764,34979.41963127297,35214.05008383169,305.90196316938625,6178228306.907866
1704794700000,35214.05008383169,35395.7761034879,35099.99345695781,35281.501006296705,611.2043597292476,6184811178.85708
1704795000000,35281.501006296705,35374.16452843004,35231.25250006348,35323.85569993086,496.7941386728588,6188772852.04948
1704795300000,35323.85569993086,35580.292623153015,35184.75120186015,35440.72788521465,362.97656350878304,6186270326.026908
1704795600000,35440.72788521465,35630.589906510824,35335.93127752841,35525.54250587934,802.4666708320631,6196724778.998494
1704795900000,35525.54250587934,35643.595731014495,35452.4838174309,35570.44470068386,554.0994251203331,6197280617.645273
1704796200000,35570.44470068386,35716.73445125566,35474.50625819401,35620.66056957492,794.8776045755958,6196229272.111704
1704796500000,35620.66056957492,35722.07914839543,35562.233570286466,35663.58174739107,874.7864294566606,6201742629.752712
1704796800000,35663.58174739107,35834.677617143854,35555.9483344754,35726.85324955161,698.3715619908864,6195387058.608626
1704797100000,35726.85324955161,35906.21091817638,35621.88256060638,35801.022309749314,761.8868948308407,6198218464.614117
1704797400000,35801.022309749314,36002.39439022262,35682.23470330116,35883.33367509093,695.5981636261208,6195900495.53549
1704797700000,35883.33367509093,35953.9155973611,35841.71001160565,35912.25838202474,345.53452498616,6191812805.887947
1704798000000,35912.25838202474,36044.438517234,35830.35438121728,35962.42011408238,459.5756226532322,6180599190.656235
1704798300000,35962.42011408238,36161.50929098467,35842.53184106725,36041.35786242288,434.2960834008978,6167568893.159746
1704798600000,36041.35786242288,36284.13795346329,35895.10797718939,36137.497947622236,785.0900707722762,6177651144.82943
1704798900000,36137.497947622236,36317.81929628461,36038.35061304802,36218.44986093172,692.0811840755593,6191166893.874318
1704799200000,36218.44986093172,36412.349887908116,36097.618120952,36291.2751885779,748.6764004168647,6204118175.778164
1704799500000,36291.2751885779,36554.27201915853,36155.25541214221,36417.77810950669,957.1315305389425,6215392131.31452
1704799800000,36417.77810950669,36611.67198937089,36295.565525191785,36489.21965796766,491.8249173849999,6214767270.081042
1704800100000,36489.21965796766,36715.21389298613,36362.53018224132,36588.180827050244,553.0302901720988,6207232718.533673
1704800400000,36588.180827050244,36851.068903302614,36433.90395897824,36696.33599069558,457.1837442582492,6205341463.585983
1704800700000,36696.33599069558,36833.860133650836,36614.71747587673,36752.11755172711,614.2030479115947,6198966234.670843
1704801000000,36752.11755172711,36820.197618300444,36710.125836774336,36778.176129706,357.2662310009369,6187119655.260109
1704801300000,36778.176129706,36964.61529026882,36680.83644883108,36867.040414991105,816.2109252656966,6194390258.669306
1704801600000,36867.040414991105,37162.30166253583,36706.64019220758,37001.317231445064,352.1082568309952,6150861186.309282
1704801900000,37001.317231445064,37124.53042345176,36932.40935538794,37055.521602122,517.5641003548419,6124807404.435487
1704802200000,37055.521602122,37260.20119870733,36947.466180486845,37151.864836247834,635.9764941212852,6124965674.332151
1704802500000,37151.864836247834,37420.474992322015,37000.87444203433,37269.008509774234,738.4079758416307,6134110161.410293
1704802800000,37269.008509774234,37417.406234316164,37185.55578896721,37333.80841363926,375.4884573184219,6136819131.145575
1704803100000,37333.80841363926,37465.49755621973,37256.65263465313,37388.229308489754,338.1030021246049,6118572178.599673
1704803400000,37388.229308489754,37562.39249165007,37279.68962703602,37453.66285372374,960.4833040463744,6126374550.350352
1704803700000,37453.66285372374,37720.42380529324,37302.84649295587,37569.14243765383,834.868999324512,6141230864.556869
1704804000000,37569.14243765383,37801.371542319146,37436.39606489502,37668.27489607991,359.87428934997246,6139592780.70351
1704804300000,37668.27489607991,37749.0198693929,37623.40332400161,37704.10561469435,519.2956039537386,6132116556.8150215
1704804600000,37704.10561469435,37965.29596329145,37568.49395857908,37829.2342526914,389.2750534668681,6133421498.208411
1704804900000,37829.2342526914,38125.216065348424,37667.71579890319,37963.12593786942,511.02975180385295,6123957875.49218
1704805200000,37963.12593786942,38176.50239328571,37851.29196078912,38064.37016509181,774.2951202322018,6123773033.700434
1704805500000,38064.37016509181,38273.95876777937,37949.17633610312,38158.48013471538,567.0188388316195,6116128700.130581
1704805800000,38158.48013471538,38283.691050539644,38074.88804809571,38200.00799069144,463.178388813197,6109041269.6935835
1704806100000,38200.00799069144,38437.320283472865,38062.589997823314,38299.54422602839,307.42458192548054,6102047720.699103
1704806400000,38299.54422602839,38494.481992064226,38180.09007033803,38374.79313918441,915.9567172389291,6119795880.729359
1704806700000,38374.79313918441,38603.87750188373,38248.76252210821,38477.50954326816,956.3093965727334,6131522970.657984
1704807000000,38477.50954326816,38750.879816726236,38326.73286781479,38599.62462521771,529.7355682512324,6132713968.495487
1704807300000,38599.62462521771,38720.90533137513,38532.79309570332,38653.979691302964,716.6225753673134,6135499315.8445425
1704807600000,38653.979691302964,38778.74905496528,38569.46507094368,38694.14661203033,435.530179240249,6125993227.687977
1704807900000,38694.14661203033,38930.08681309665,38557.68454690372,38793.275152835486,479.4002715406853,6132445710.776
1704808200000,38793.275152835486,38998.801774825326,38669.89643189011,38875.162617744,611.2370195250688,6125259760.321712
1704808500000,38875.162617744,39043.356094324685,38768.67194400642,38936.696859931224,342.3438280029336,6120211276.80677
1704808800000,38936.696859931224,39104.72197570417,38838.69624234089,39006.54555441836,971.8189459755531,6142540724.614251
1704809100000,39006.54555441836,39273.346148757686,38862.18731206274,39128.536433740956,919.6553370267196,6149621366.77518
1704809400000,39128.536433740956,39393.85286637124,38988.728048479905,39253.59763066308,516.072090136488,6150719239.013489
1704809700000,39253.59763066308,39428.46288104203,39153.648038049265,39328.323018681214,305.6572896419198,6146534922.292554
1704810000000,39328.323018681214,39576.19259843169,39184.63917238075,39432.129500907366,340.1223522884484,6135341882.1892
1704810300000,39432.129500907366,39669.67433272953,39289.82547263816,39527.02783209136,901.0915438698612,6156208395.82682
1704810600000,39527.02783209136,39714.906701083106,39424.61180957798,39612.269813375635,440.26033243826294,6157281229.1405325
1704810900000,39612.269813375635,39945.063667913375,39423.58960230133,39755.70027232586,539.0863465707666,6148128145.09386
1704811200000,39755.70027232586,40028.141797221746,39599.158310947496,39871.14525990426,987.3462790785854,6165451758.0097475
1704811500000,39871.14525990426,40110.97554691828,39739.49912613561,39978.97338735709,704.8875242193626,6178988526.665935
1704811800000,39978.97338735709,40321.01444157388,39789.53610585498,40130.857469066614,593.0867018553117,6185127175.727527
1704812100000,40130.857469066614,40273.36483561013,40044.7121446003,40187.09878294268,852.4339708490678,6198210804.285952
1704812400000,40187.09878294268,40289.836962231326,40126.452324427795,40229.12707870263,302.5879505808423,6190418251.27832
1704812700000,40229.12707870263,40376.58171845562,40145.884909754204,40293.206955332185,736.7440123051178,6208095609.175106
1704813000000,40293.206955332185,40469.557007210504,40183.3336983908,40359.50297142918,966.811760293371,6234912224.640814
1704813300000,40359.50297142918,40559.21750211551,40237.805435800816,40437.285426109964,443.72145220800337,6240972776.780646
1704813600000,40437.285426109964,40614.064105313795,40320.922246404094,40497.52757154814,553.9720021704172,6238278090.044476
1704813900000,40497.52757154814,40601.3078508998,40440.891215917596,40544.60565591341,380.6325048184497,6225809319.674144
1704814200000,40544.60565591341,40709.69574492821,40453.359851097244,40618.28412640566,709.98047470224,6239857209.596399
1704814500000,40618.28412640566,40892.71994044814,40476.1650617836,40750.13952777283,320.7799012913257,6237053196.057405
1704814800000,40750.13952777283,40893.02016708166,40670.427957055676,40813.185272239076,919.7675606861651,6262211599.006902
1704815100000,40813.185272239076,41092.65936726788,40661.282009280396,40940.28305698176,688.15346861016,6264182293.296324
1704815400000,40940.28305698176,41072.21978764044,40869.74553202304,41001.57665767448,890.0169945005478,6286639991.864854
1704815700000,41001.57665767448,41314.59411492772,40840.74861910363,41153.17144817908,774.2166652982717,6294369386.269076
1704816000000,41153.17144817908,41373.89507481053,41019.39242577842,41239.834332301594,377.67830667546605,6281131802.287131
1704816300000,41239.834332301594,41575.722208893654,41060.556664244476,41395.76667229653,468.1049530114864,6276382468.959676
1704816600000,41395.76667229653,41719.38740947672,41213.711366977404,41536.7122367212,958.813228971129,6289198801.228702
1704816900000,41536.7122367212,41920.52772234972,41316.21744211609,41699.170529016774,917.1646565467316,6316372348.317288
1704817200000,41699.170529016774,42013.14719484763,41536.670569590075,41850.05922834053,401.102572067873,6320496711.749628
1704817500000,41850.05922834053,42213.76619959048,41644.44728345486,42007.38132147273,434.176904505404,6310760846.222481
1704817800000,42007.38132147273,42213.39434473407,41890.864956247846,42096.63042821725,719.6844138255574,6311381111.542684
1704818100000,42096.63042821725,42448.523459572134,41910.662307066304,42261.82556435665,332.3366346520011,6307526483.512175
1704818400000,42261.82556435665,42520.687110187,42123.57015957535,42382.038440806464,674.8278394783133,6312752330.922005
1704818700000,42382.038440806464,42693.25090676175,42214.144094500494,42524.79105305222,337.2812825487658,6303613116.697625
1704819000000,42524.79105305222,42866.764771760434,42327.61516294045,42668.920592176466,896.0518468602645,6320289455.049775
1704819300000,42668.920592176466,43057.392472203544,42448.1708306533,42835.77945812197,446.46630144945516,6327083250.5532465
1704819600000,42835.77945812197,42975.949364953274,42749.368200174504,42889.42987971362,764.4515389980414,6336870756.813938
1704819900000,42889.42987971362,43027.70717982309,42802.96591507104,42941.13897101,825.9156265683133,6350731987.934746
1704820200000,42941.13897101,43229.70082680629,42779.683681462026,43067.769416787865,649.0114432813574,6355815154.638936
1704820500000,43067.769416787865,43300.83858833899,42938.76732344646,43171.52571087027,561.715104936309,6355586536.785935
1704820800000,43171.52571087027,43485.664063892626,42991.880630353335,43305.461649990524,646.3544177385472,6362519845.343968
1704821100000,43305.461649990524,43493.33972946301,43196.87333205722,43384.55308997617,944.8296565818573,6380911218.467643
1704821400000,43384.55308997617,43636.34413815563,43253.54808412544,43504.97550198797,453.66839786186245,6390134312.04745
1704821700000,43504.97550198797,43701.2106168886,43380.078286337724,43576.10918553862,577.1299828068584,6397843815.425103
1704822000000,43576.10918553862,43801.19373536536,43436.10965441208,43660.92172201034,699.9592707309613,6401166963.773287
1704822300000,43660.92172201034,44025.05770342304,43465.063068243646,43828.44754508693,685.3863817403558,6418776602.154464
1704822600000,43828.44754508693,43967.5784556665,43752.34417645152,43891.365836209516,611.1537207899578,6420769867.747951
1704822900000,43891.365836209516,44114.58036485767,43760.127993517766,43983.06832616582,625.6771777464706,6428958186.21983
1704823200000,43983.06832616582,44018.25478082675,43271.334314511805,43930.28864417442,1540.8818748661947,6481127505.666059
1704823500000,43930.28864417442,44203.28991662343,43890.751384394665,44150.30954516922,1768.0574978199656,6536192211.268714
1704823800000,44150.30954516922,44481.51241594564,43972.20271061655,44302.79045789834,567.6596486367489,6542029618.059097
1704824100000,44302.79045789834,44464.27163559323,44211.477213184284,44372.814064018145,751.7483968520307,6554513253.359076
1704824400000,44372.814064018145,44574.51499787803,44265.44588315512,44466.91911255036,889.822372430827,6568002159.149691
1704824700000,44466.91911255036,44740.32095269425,44308.802944760304,44581.79630279097,850.111307155322,6587921273.967644
1704825000000,44581.79630279097,44937.85573875132,44397.02954368042,44752.381996781325,349.94407409553094,6584843549.631929
1704825300000,44752.381996781325,44876.247341058275,44680.637279724106,44804.419200632285,437.65242600869476,6592206186.46848
1704825600000,44804.419200632285,45012.4248302584,44687.91680318202,44895.685119201386,870.8953457917123,6611309442.963122
1704825900000,44895.685119201386,45198.41083684224,44732.69205832852,45034.91231388414,793.949846348344,6619068482.712137
1704826200000,45034.91231388414,45463.25927704875,44789.753405006886,45217.10853705694,826.6683496633898,6644790640.767228
1704826500000,45217.10853705694,45572.25616165726,45010.59771003774,45365.06958249801,305.97371488104204,6638710964.543456
1704826800000,45365.06958249801,45596.30999161578,45222.669409577626,45453.63182334509,848.1897778644385,6666678718.172633
1704827100000,45453.63182334509,45691.169245999256,45319.403921946934,45556.6371622965,705.9676463191527,6680981136.6781645
1704827400000,45556.6371622965,45867.37379200467,45384.07213907545,45694.28736046372,658.8528811372238,6690252522.360034
1704827700000,45694.28736046372,46017.40437540584,45524.35042975681,45846.89987915599,578.2536995359134,6706108997.961815
1704828000000,45846.89987915599,46056.861558691366,45716.83999523341,45926.57564811725,632.1067762643563,6712382657.2632475
1704828300000,45926.57564811725,46218.82135514405,45754.4261041107,46046.2233280262,830.3349094697596,6733485596.401873
1704828600000,46046.2233280262,46378.59083706619,45862.98303197532,46194.75944363897,854.3404218562923,6757828771.235565
1704828900000,46194.75944363897,46399.227092037305,46082.81146238706,46287.05544146103,839.0917462062154,6773781772.429285
1704829200000,46287.05544146103,46600.36404808564,46120.21481811727,46432.99738039038,614.9803548832303,6773267980.44163
1704829500000,46432.99738039038,46717.56322825831,46275.8469742411,46559.98304479844,704.2559140296664,6793259875.199423
1704829800000,46559.98304479844,46756.72467767618,46430.69609643514,46627.25094099268,306.77680782869567,6780429064.493804
1704830100000,46627.25094099268,47009.581700854484,46408.46410069015,46790.031055135194,537.875569297697,6796540982.083959
1704830400000,46790.031055135194,47055.120139882194,46633.736492218435,46898.46337626041,582.3581020086192,6804996009.695754
1704830700000,46898.46337626041,47257.30134665263,46699.56458648054,47057.727111200235,528.2556601678473,6800806898.858335
1704831000000,47057.727111200235,47217.92585753661,46950.808063922144,47110.88602880193,945.500933359521,6823530928.671678
1704831300000,47110.88602880193,47317.66779597893,46975.95890047119,47182.535461315005,531.1753697524489,6825588227.67992
1704831600000,47182.535461315005,47504.94386157322,46999.81172229572,47321.68125284192,725.486090047025,6844650602.776533
1704831900000,47321.68125284192,47734.08380731143,47083.3539250595,47494.884173470884,442.9432329839831,6854414406.454365
1704832200000,47494.884173470884,47747.076484676174,47348.969942761076,47600.836745476234,431.83707469958335,6848150408.911896
1704832500000,47600.836745476234,47774.832834921144,47492.88770361588,47666.73435065963,616.0747285731309,6855073841.284034
1704832800000,47666.73435065963,48039.07832828369,47473.49055311948,47845.11137957886,373.0192241998007,6847561322.135835
1704833100000,47845.11137957886,48116.805055262426,47703.75167679852,47975.06141152423,782.3171848234142,6866545193.435074
1704833400000,47975.06141152423,48237.79475602813,47833.70158385703,48096.07834865319,348.64372490303003,6870947632.089636
1704833700000,48096.07834865319,48502.39611460904,47880.34507049727,48285.81179371773,463.12759819458324,6864381610.721052
1704834000000,48285.81179371773,48592.98648849761,48125.61146290466,48432.30014571583,340.2172264311953,6859795791.226064
1704834300000,48432.30014571583,48705.1466009407,48286.231141144424,48558.69639262897,901.795143163716,6877376492.895371
1704834600000,48558.69639262897,48799.841762069496,48428.840984717564,48669.68953688142,377.5207638025013,6873790305.945516
1704834900000,48669.68953688142,48966.865219856416,48502.49142146374,48799.2221128476,348.1340935252236,6864272197.271739
1704835200000,48799.2221128476,49242.8818768756,48547.65762654503,48990.33220046268,390.95259837295373,6863007886.70585
1704835500000,48990.33220046268,49189.045170425525,48873.46988103847,49071.98806779364,796.7701298397396,6883114431.310007
1704835800000,49071.98806779364,49360.45431546852,48905.27872994122,49193.33274059756,957.4079783053667,6907209944.32888
1704836100000,49193.33274059756,49509.75533664588,49015.62070243212,49331.54400712319,779.3851503824405,6921887313.360019
1704836400000,49331.54400712319,49526.73558615289,49228.89083012545,49423.8902474229,399.8843916655489,6926162328.073514
1704836700000,49423.8902474229,49579.74735576473,49329.238694628,49484.9788124313,865.2960827409333,6951403533.081028
1704837000000,49484.9788124313,49808.74686399132,49291.37213919014,49614.632927687126,915.4675740277099,6968394297.171088
1704837300000,49614.632927687126,49899.53265927851,49450.26982691307,49734.77156384851,816.1034976226975,6999642377.040245
1704837600000,49734.77156384851,49986.86764910043,49577.60994438601,49829.40698220813,619.4146368112213,6990357302.926117
1704837900000,49829.40698220813,50195.3293311656,49620.51404259859,49985.78084700369,508.2141091954951,6967804904.986327
1704838200000,49985.78084700369,50332.3038055584,49783.518848925814,50129.46042377922,422.5884012172887,6972978727.077452
1704838500000,50129.46042377922,50372.432919352475,49976.02899667559,50218.728269818435,813.2707670513811,6991167364.266757
1704838800000,50218.728269818435,50525.636126683574,50033.03121962672,50339.49251869246,428.41102323655355,6988962417.051068
1704839100000,50339.49251869246,50649.15886729101,50167.9732426619,50477.17048789009,961.981152970829,7014507349.95759
1704839400000,50477.17048789009,50716.5282140234,50326.210271989046,50565.30441921782,491.6433939173004,7013680584.062475
1704839700000,50565.30441921782,50887.81547085189,50390.391073188395,50712.39332116157,941.4074335002952,7046531101.1265545
1704840000000,50712.39332116157,51083.2399277293,50500.24827819364,50870.43375456539,452.078408271935,7057836084.190192
1704840300000,50870.43375456539,51196.06495733267,50672.488593147464,50997.62487450541,686.9767262403774,7081774120.468515
1704840600000,50997.62487450541,51421.69886218427,50778.58473576832,51201.78184786954,373.6571926852791,7085557913.49096
1704840900000,51201.78184786954,51572.1160426736,51001.81048663906,51371.48190856854,615.6551883771075,7107825557.390347
1704841200000,51371.48190856854,51595.07861998568,51239.065244548634,51462.42753181466,623.5172407232412,7127590600.159136
1704841500000,51462.42753181466,51642.23473409739,51346.00527079124,51525.66940245091,824.8152987907289,7160410465.012197
1704841800000,51525.66940245091,51804.01278215873,51358.46331455808,51636.44720890922,899.0412014430948,7184864659.49891
1704842100000,51636.44720890922,51874.253278810116,51512.1841583056,51749.71764303751,380.27790186084593,7190138444.06704
1704842400000,51749.71764303751,52169.55763714493,51524.887737212026,51943.88416265264,824.0732194853714,7222969370.5327215
1704842700000,51943.88416265264,52213.591788270714,51801.88334159174,52071.24280242183,683.8999782496379,7246392531.876832
1704843000000,52071.24280242183,52320.55756926701,51911.83430814519,52160.87468010574,398.17903212868725,7244050873.036729
1704843300000,52160.87468010574,52584.996819869164,51917.67936008539,52340.961859801246,419.41236694862766,7247746366.1873255
1704843600000,52340.961859801246,52466.91505477907,52269.63170068406,52395.51055680569,505.90125759620935,7262879612.909871
1704843900000,52395.51055680569,52702.26760767997,52224.82614127004,52531.14135917077,354.30970989148693,7255982432.904645
1704844200000,52531.14135917077,52928.84616251642,52306.05385846846,52703.02218011196,407.4475341175541,7267522699.71053
1704844500000,52703.02218011196,52943.82834264607,52570.63305109762,52811.167554222215,324.11139178932746,7257222607.756768
1704844800000,52811.167554222215,53152.76745498126,52628.51080303139,52969.562865628075,787.7196545409353,7283713442.077512
1704845100000,52969.562865628075,53401.26552277457,52723.05225347833,53153.897053188266,748.7085324807313,7298954218.215875
1704845400000,53153.897053188266,53553.7269457016,52920.42272886432,53319.52511311348,573.4328723195396,7313397964.197634
1704845700000,53319.52511311348,53535.08914917575,53204.84254648881,53420.190066833115,303.26601292241577,7311265691.453449
1704846000000,53420.190066833115,53830.86480260369,53185.30782444314,53595.213005104306,950.1743866115052,7347945974.074228
1704846300000,53595.213005104306,53844.41977939421,53457.72225397279,53706.64317032397,363.9705010594942,7347727221.378341
1704846600000,53706.64317032397,54019.62093058991,53513.11918305171,53825.668054658054,535.9816497144742,7351534224.013891
1704846900000,53825.668054658054,54043.857402255184,53689.69040565156,53907.672588449524,454.3974963659173,7363748484.058002
1704847200000,53907.672588449524,54357.9561211837,53651.823077755114,54101.18817225866,881.3154664998958,7397505655.875532
1704847500000,54101.18817225866,54279.05877913639,54001.49217340281,54179.21898750388,590.9760069753979,7411731795.605143
1704847800000,54179.21898750388,54347.70033577868,54078.98884488634,54247.34416336191,693.4378820564634,7423357777.200807
1704848100000,54247.34416336191,54434.426061879654,54141.716223609525,54328.6398269409,679.1918574016149,7448052646.362027
1704848400000,54328.6398269409,54754.83830426723,54106.585350421185,54531.95283760499,449.6459906855205,7443423429.062784
1704848700000,54531.95283760499,54771.595702735125,54401.127673632436,54640.51010389048,581.4976428284863,7445246803.793281
1704849000000,54640.51010389048,54881.0344542747,54502.153687237806,54742.41998939822,621.1431522225389,7454034072.827214
1704849300000,54742.41998939822,54928.551893883414,54617.177457410406,54803.17037403221,754.9614968652768,7467112870.078837
1704849600000,54803.17037403221,55039.54756671847,54677.414110233425,54913.53804337929,452.99259862130714,7467724998.426879
1704849900000,54913.53804337929,55162.68266194356,54763.87796570515,55012.752188349376,988.1717450419962,7506676904.21411
1704850200000,55012.752188349376,55191.61159841105,54900.190802681456,55078.914837594966,993.3719012555237,7540481599.916555
1704850500000,55078.914837594966,55481.3401952092,54866.89306447011,55268.58828965998,971.324293064484,7565676876.718048
1704850800000,55268.58828965998,55642.33061146453,55043.94717422616,55417.08592219529,787.4207561611817,7588959362.617646
1704851100000,55417.08592219529,55816.697491362764,55179.752997407944,55578.672544879766,785.6045208353698,7613964301.534663
1704851400000,55578.672544879766,55840.665011673955,55421.07877653198,55682.77605698902,918.776922533941,7639167399.598276
1704851700000,55682.77605698902,55954.4308051636,55513.08515701041,55784.4301187403,637.4912652914184,7646614430.698303
1704852000000,55784.4301187403,56045.437161275535,55628.126419230044,55888.840910725114,709.5258400904991,7672876382.791797
1704852300000,55888.840910725114,56167.77438990789,55722.47116438606,56001.07055866467,462.6978341668399,7682453402.228693
1704852600000,56001.07055866467,56372.49001712064,55776.84399320049,56147.67644618838,462.82413314915715,7696548650.486932
1704852900000,56147.67644618838,56523.01780448375,55924.480954815735,56299.21990498151,516.194040071051,7714402666.824205
1704853200000,56299.21990498151,56706.69345592829,56064.63249683073,56471.38865558209,733.8363599447365,7730328894.993946
1704853500000,56471.38865558209,56623.18560850777,56377.20108142951,56528.902108741124,507.6303112611789,7732658941.086526
1704853800000,56528.902108741124,56699.810976326095,56430.92567198698,56601.70835109256,326.534700890219,7725224603.278617
1704854100000,56601.70835109256,57061.80218179919,56346.14968471891,56805.32418291864,962.1135481492306,7768242905.489236
1704854400000,56805.32418291864,57184.98030445595,56598.92641049651,56977.955290195045,494.6885103156943,7773650372.661819
1704854700000,56977.955290195045,57354.88390137363,56758.096232078875,57134.42109354449,664.6110017168955,7788311519.296604
1704855000000,57134.42109354449,57618.875569284064,56864.76946986224,57348.21492420164,501.9185731216195,7791930847.61503
1704855300000,57348.21492420164,57518.344054180234,57228.325821789,57398.35014177061,531.8891908221683,7795790373.947012
1704855600000,57398.35014177061,57622.10248323082,57262.264451731826,57485.80943604011,934.6424403963589,7820852780.65046
1704855900000,57485.80943604011,57835.24693600731,57297.03949074532,57645.95112288945,781.1448871150212,7843657432.799375
1704856200000,57645.95112288945,58039.49781467509,57422.710245805436,57815.59995210134,567.0401443915839,7850091088.512269
1704856500000,57815.59995210134,58059.645146508235,57672.57522305006,57916.3711288521,304.2298618348823,7842846055.9391985
1704856800000,57916.3711288521,58325.19243117368,57704.09575222876,58112.19930413106,434.7258130943388,7851632550.335974
1704857100000,58112.19930413106,58444.27405395378,57935.65140122153,58267.25508347144,442.9540089360826,7860213483.393818
1704857400000,58267.25508347144,58440.937771474964,58153.9270171962,58327.492545140645,881.8546150376138,7884231239.971225
1704857700000,58327.492545140645,58770.34553672536,58092.380283828534,58534.399255256154,354.7151595232476,7876266967.118735
1704858000000,58534.399255256154,58910.438550050894,58329.88599323652,58705.328080030966,805.1716360321298,7906112483.230017
1704858300000,58705.328080030966,58902.6272351455,58594.67485264244,58791.81099676353,474.2786013496704,7913279105.488265
1704858600000,58791.81099676353,59022.0884310159,58655.0888238419,58885.14919722529,744.9226404799573,7936848139.110566
1704858900000,58885.14919722529,59133.76812784343,58727.468858764616,58975.84492791926,356.01118032417617,7928059332.521567
1704859200000,58975.84492791926,59023.025603861584,58021.49780529567,58905.073914005756,1518.5955785376875,7990042711.519211
1704859500000,58905.073914005756,59271.13479428998,58852.05934748315,59200.094680673166,1797.2384637626076,8071435779.709723
1704859800000,59200.094680673166,59527.35091726916,59004.658736617086,59331.48122974708,832.2271250867465,8092467277.938536
1704860100000,59331.48122974708,59775.048938509346,59075.91758942262,59518.67896512657,313.86775399260597,8091355121.9333935
1704860400000,59518.67896512657,59810.147245123684,59336.660927037876,59627.795510456875,831.2008256801956,8123371636.024986
1704860700000,59627.795510456875,60094.200169589254,59367.78476136046,59833.29333431922,406.9590962454415,8129261979.01981
1704861000000,59833.29333431922,60205.87362804858,59632.070268155105,60004.07620851565,624.5558642900966,8156398043.77325
1704861300000,60004.07620851565,60286.75974185111,59843.39074246714,60125.74844859489,724.2177496596503,8168625803.077647
1704861600000,60125.74844859489,60252.94689157326,60051.2393195556,60178.37254960882,628.4809368625358,8179517771.8305645
1704861900000,60178.37254960882,60338.525486764454,60085.48325295738,60245.53252425196,308.9839905735745,8187593935.129772
1704862200000,60245.53252425196,60569.046524374244,60051.73964902177,60374.83771085214,644.0176023780456,8212214800.403722
1704862500000,60374.83771085214,60868.20148561787,60088.54524804978,60580.93174204761,979.3448457087262,8259318828.918349
1704862800000,60580.93174204761,60840.71696853771,60427.320827047064,60686.83751552858,748.7341053133118,8285961579.461468
1704863100000,60686.83751552858,61018.767170631014,60500.14190099071,60831.62613166875,327.17882837899566,8276298083.888039
1704863400000,60831.62613166875,61283.67074104186,60585.889935610845,61037.10449203519,695.9260144356911,8293161603.049448
1704863700000,61037.10449203519,61226.39921059403,60920.444485158776,61109.600642076584,478.68089184082487,8301563783.026413
1704864000000,61109.600642076584,61583.44255009106,60840.535894439876,61313.4801238452,656.7258543997252,8322198039.012224
1704864300000,61313.4801238452,61628.76332052662,61124.57305367774,61439.468080974395,787.5187884300442,8343034983.651958
1704864600000,61439.468080974395,61831.98109632304,61203.21201500724,61595.12646985819,814.9649439212253,8378371241.483672
1704864900000,61595.12646985819,61770.224394110635,61500.204379151684,61675.178937352044,869.1884871795029,8400783902.7881
1704865200000,61675.178937352044,62041.19675138783,61461.23416150247,61826.72627360364,788.2299957124362,8425281017.649789
1704865500000,61826.72627360364,62167.087220236564,61640.90033343451,61980.798202644546,618.829539127541,8441008632.33614
1704865800000,61980.798202644546,62333.76447661847,61788.908974005426,62141.37810122153,721.5045288565699,8463409778.46297
1704866100000,62141.37810122153,62639.40460276927,61855.260548309256,62352.315829256375,308.6361712344843,8468570577.167821
1704866400000,62352.315829256375,62768.28207232091,62114.32803906643,62529.61755272958,941.8179971653477,8516522864.908985
1704866700000,62529.61755272958,62800.870489611,62365.887093367484,62636.85922366904,930.6969549972104,8554232989.116153
1704867000000,62636.85922366904,62923.09746651083,62480.54175157999,62766.456569369504,596.0614019340017,8560496076.624326
1704867300000,62766.456569369504,63174.554652553095,62546.936401305626,62954.37724842232,511.5536961738227,8564944568.038538
1704867600000,62954.37724842232,63445.61800559046,62678.05828973164,63168.359835865944,567.9520272482621,8570736092.110081
1704867900000,63168.359835865944,63390.653057704614,63035.38980562958,63257.49539622079,913.4803291188508,8604819976.620153
1704868200000,63257.49539622079,63614.07726257264,63069.755375717854,63425.837624227745,745.32617405674,8622513958.120447
1704868500000,63425.837624227745,63820.449733386966,63209.38591208277,63603.39208573319,399.8994371914486,8628612331.084059
1704868800000,63603.39208573319,64032.07616143031,63347.544600985435,63775.53621921885,578.5791537859014,8649748843.317108
1704869100000,63775.53621921885,64039.52803787279,63599.51497399356,63863.264661095236,871.4725646690002,8691680880.161331
1704869400000,63863.264661095236,63938.49202305538,63816.59889767919,63891.80540452667,787.4216950870136,8730066602.606634
1704869700000,63891.80540452667,64211.72466945479,63700.557468974046,64020.092730256496,813.1295651321464,8768353517.390444
1704870000000,64020.092730256496,64181.57765984486,63918.60460602857,64079.99457596132,792.8330376299652,8808638878.070574
1704870300000,64079.99457596132,64236.15187728651,63988.557102296276,64144.622184742315,963.938318022838,8853184805.504892
1704870600000,64144.622184742315,64445.8868966158,63956.39824187274,64257.332220994176,429.94662926091695,8862219087.964437
1704870900000,64257.332220994176,64357.90900937189,64193.591323169494,64294.13160791594,831.4152794653131,8901041300.58226
1704871200000,64294.13160791594,64526.50724269865,64136.79944494579,64368.99189146487,586.1546815075823,8917352357.302565
1704871500000,64368.99189146487,64721.16190391123,64162.58691564523,64514.29101335749,907.8533943407501,8963254688.722343
1704871800000,64514.29101335749,64661.65075459739,64422.852813665224,64570.13340766623,564.409976357796,8980219906.53731
1704872100000,64570.13340766623,64763.09797305439,64454.00740567146,64646.83402901061,709.9524800803221,9010651515.028854
1704872400000,64646.83402901061,64942.626528486704,64466.53689156336,64762.00817548065,370.5663994450465,9002052046.058044
1704872700000,64762.00817548065,64900.96607517408,64656.86763541548,64795.77072191725,305.05866084788437,8998740000.081408
1704873000000,64795.77072191725,65154.98195091088,64571.522153650345,64930.2679077984,367.78929567149163,9002963337.138617
1704873300000,64930.2679077984,65188.93235326641,64794.287943058815,65052.69599397652,722.0894103054097,9035055849.913614
1704873600000,65052.69599397652,65551.42933975445,64767.572863475456,65265.374050603124,952.4898666154467,9046872157.567314
1704873900000,65265.374050603124,65529.38359965087,65113.77515811026,65377.524203954155,600.6175349323835,9015105281.9916
1704874200000,65377.524203954155,65643.87038853695,65203.01803492152,65469.119732046245,999.611594681864,9048815628.296787
1704874500000,65469.119732046245,65914.21591806096,65203.42377593823,65647.79483760122,765.5547997275735,9077885131.315512
1704874800000,65647.79483760122,65849.90104620584,65537.9993507683,65739.95142810704,549.2204637166425,9080673241.215216
1704875100000,65739.95142810704,65925.36210588447,65636.78513341461,65822.0669465733,619.8434815509547,9099800754.016302
1704875400000,65822.0669465733,66201.48742722493,65597.39641020287,65976.29047949324,921.5793859029262,9141317862.926872
1704875700000,65976.29047949324,66123.56173515397,65872.2642208108,66019.46739848002,908.303697194461,9177075362.333609
1704876000000,66019.46739848002,66228.96075307441,65880.49379524364,66089.83901478833,870.5362310556794,9206669496.047768
1704876300000,66089.83901478833,66327.09413630297,65940.18136802714,66177.23857692779,761.2132736213293,9237291740.99221
1704876600000,66177.23857692779,66439.57780013653,66023.17323714192,66285.26097648627,431.55445458136774,9242262506.558912
1704876900000,66285.26097648627,66793.85751313745,65986.72233805351,66494.3770480248,868.8333334440625,9275074346.541033
1704877200000,66494.3770480248,66567.76504584312,66436.66942099982,66510.04382229454,332.0279984080664,9270387837.931053
1704877500000,66510.04382229454,66895.43938406344,66297.98007124472,66682.82473024249,611.0143114886512,9282619611.9362
1704877800000,66682.82473024249,66993.23996936475,66505.11470102983,66815.1772201684,728.8146418018063,9297182735.338858
1704878100000,66815.1772201684,66916.05747751925,66740.9155686883,66841.76627366638,952.0384286272102,9335922872.262892
1704878400000,66841.76627366638,67327.58747581337,66553.0167906966,67037.99032533533,899.9700001601116,9370209928.22849
1704878700000,67037.99032533533,67493.0593497285,66774.5923838359,67228.91126369301,505.7040812449281,9371969715.739456
1704879000000,67228.91126369301,67348.9861017258,67156.40182379291,67276.42541565078,664.0381001931712,9384475688.643541
1704879300000,67276.42541565078,67605.16483206693,67070.93014567222,67399.29426024621,653.2456310258956,9404953237.831236
1704879600000,67399.29426024621,67542.42406914216,67288.79303575096,67431.8694376042,510.9438134927144,9427042610.077631
1704879900000,67431.8694376042,67774.46750121,67231.83624124936,67574.01264429302,912.3500438538352,9461799140.09619
1704880200000,67574.01264429302,67702.41237357803,67484.98685109745,67613.33477520237,380.97504926858824,9457136161.517216
1704880500000,67613.33477520237,67924.59602503428,67441.34660510803,67752.25448460715,448.14857482390926,9472609430.489607
1704880800000,67752.25448460715,68133.70244643008,67528.19513474173,67909.12432189034,362.6022709446309,9486461386.134798
1704881100000,67909.12432189034,68164.48959431695,67745.59689092565,68000.74154602809,412.1646944455983,9492924683.763351
1704881400000,68000.74154602809,68472.32855490659,67721.71295590732,68192.51306547444,836.4161766786165,9532413320.35263
1704881700000,68192.51306547444,68320.45657769035,68111.20882571574,68239.09679730509,633.4116225395553,9562772603.759619
1704882000000,68239.09679730509,68632.32038428388,68030.90243113597,68423.5632194898,395.0295027041087,9561293866.087261
1704882300000,68423.5632194898,68716.46966235136,68240.63299722574,68533.24620291004,363.309228098976,9566483063.904434
1704882600000,68533.24620291004,68901.94474427796,68306.42346230581,68674.65398992026,952.2459686039422,9603564160.964663
1704882900000,68674.65398992026,69050.93981565241,68455.14249905942,68830.92880835595,750.7905784268531,9624043756.47991
1704883200000,68830.92880835595,69055.01243424267,68682.45592584717,68906.37680539596,815.2017415130113,9655265736.544111
1704883500000,68906.37680539596,69124.80233055298,68763.80475434902,68982.07365749279,693.329961421889,9675816745.292517
1704883800000,68982.07365749279,69409.78378287175,68728.17805528422,69155.25078447294,456.4855849844646,9682424739.392439
1704884100000,69155.25078447294,69214.75288437482,69114.95166773307,69174.44258392065,362.3975987595803,9695084466.139172
1704884400000,69174.44258392065,69562.73108082954,68934.73882603906,69322.51422407423,821.232426609139,9735486911.098007
1704884700000,69322.51422407423,69402.40242723656,69260.35033782524,69340.22266122203,897.3312163305327,9782055436.879131
1704885000000,69340.22266122203,69785.22035042704,69087.13662610647,69531.43640109336,301.1749440249744,9774625372.523975
1704885300000,69531.43640109336,69599.67412191928,69468.02184522171,69536.25517119859,892.9830176510055,9811653959.837769
1704885600000,69536.25517119859,69968.48591994702,69300.18195289114,69731.74900672535,555.5166897048257,9823220688.93859
1704885900000,69731.74900672535,70077.44361881433,69518.80306674601,69864.09352680051,663.8259676443035,9834741684.726831
1704886200000,69864.09352680051,70127.90157155646,69716.01364990234,69979.57692275623,576.7186686875817,9857153905.72132
1704886500000,69979.57692275623,70235.56717312313,69825.35606069623,70081.1225250528,401.29055061417495,9865042425.707403
1704886800000,70081.1225250528,70538.10050439567,69810.78016940507,70267.04095665757,649.8828655182319,9893930803.34702
1704887100000,70267.04095665757,70497.75632907856,70119.38573541613,70349.92693588631,402.10948901580235,9899645913.902033
1704887400000,70349.92693588631,70684.74689707719,70141.84635446566,70476.29255221339,792.0767666700534,9942328947.464735
1704887700000,70476.29255221339,70740.12715270065,70324.3862762212,70587.98014262159,993.2345783860981,9982348088.99189
1704888000000,70587.98014262159,70707.21888804426,70479.09062429961,70598.31342952068,794.5655875040618,10025414610.067999
1704888300000,70598.31342952068,70852.09145148454,70429.36349095363,70682.93899414262,646.5178676251066,10051933785.362785
1704888600000,70682.93899414262,70992.87568234377,70505.09199230198,70814.69716068773,986.7999566133851,10098186012.699917
1704888900000,70814.69716068773,71003.95682146032,70677.86056960604,70867.01912764313,447.4291599813771,10102374250.403255
1704889200000,70867.01912764313,71223.39047670402,70647.49888165235,71003.44762485744,790.2851895616047,10144468809.341936
1704889500000,71003.44762485744,71100.43550276833,70897.42329680761,70994.3988144043,425.3141626696672,10162022660.054596
1704889800000,70994.3988144043,71207.55112145678,70864.10941874937,71077.1099338022,989.0726795085409,10196349469.782162
1704890100000,71077.1099338022,71401.1392281378,70871.97251550568,71195.65966052061,993.7442504994278,10235734434.877914
1704890400000,71195.65966052061,71427.08739020722,71058.50357789494,71289.75004556801,774.5290803268188,10277394575.758171
1704890700000,71289.75004556801,71745.40759003321,71022.73390584084,71477.68752945588,573.7441662719566,10298824905.700089
1704891000000,71477.68752945588,71693.16214290961,71350.74230799763,71566.05997094633,787.4634209733058,10340454582.924063
1704891300000,71566.05997094633,71686.2213987466,71462.06722273878,71582.20518989737,575.6407176563418,10362259928.065271
1704891600000,71582.20518989737,71664.07432539978,71501.80388892417,71583.6713776011,706.2685758329839,10383344169.628483
1704891900000,71583.6713776011,71962.14951214175,71351.01064296682,71729.01637823023,796.7112720970199,10418854908.415884
1704892200000,71729.01637823023,71897.44779816335,71630.63075335528,71798.96622802065,396.2926716306702,10429614894.408926
1704892500000,71798.96622802065,72079.60582861814,71639.0610641288,71919.43237174841,401.3760175320241,10446707408.385838
1704892800000,71919.43237174841,72031.75337099373,71823.79706058415,71936.0959013976,814.7232275893285,10470165767.070309
1704893100000,71936.0959013976,72042.50135529802,71800.38268707463,71906.74472570304,702.9774678600094,10483918184.466694
1704893400000,71906.74472570304,72234.96365707458,71692.96698922224,72020.84669704453,403.32382145217844,10492518313.495644
1704893700000,72020.84669704453,72416.9983086619,71797.3793412235,72192.9968029283,889.1620637309255,10529009273.045279
1704894000000,72192.9968029283,72548.8931601444,72003.88681869305,72359.34741948033,981.9111319758969,10583207253.169493
1704894300000,72359.34741948033,72385.9551812942,72336.53009245015,72363.1366593897,986.1937318802225,10635973818.319954
1704894600000,72363.1366593897,72639.36957028604,72192.14409673636,72468.1289131559,978.8088813721971,10683144327.984554
1704894900000,72468.1289131559,72716.32516172813,72319.3197963542,72567.31237741164,323.7949794766439,10693311521.553654
1704895200000,72567.31237741164,72625.36622731356,71393.02812852037,72480.23160255875,1590.900715009508,10770713073.847376
1704895500000,72480.23160255875,72930.6542167867,72414.99939411644,72843.2423259955,2259.099827373313,10899288462.650011
1704895800000,72843.2423259955,73095.85905966046,72693.3491351522,72945.75492350705,784.256394906452,10936238951.255417
1704896100000,72945.75492350705,73284.16004968986,72740.6229564182,73078.65435390889,844.4115677816543,10985926423.729723
1704896400000,73078.65435390889,73445.6253385046,72859.5677001235,73226.09665904776,492.6512281792868,11008589601.541986
1704896700000,73226.09665904776,73473.77726409478,73078.89595753652,73326.3749809071,384.0002699318479,11001129478.793972
1704897000000,73326.3749809071,73410.14143218125,73216.58425473953,73300.32094244847,768.1545468861975,11039995742.53746
1704897300000,73300.32094244847,73450.9171102446,73216.71826624585,73367.23811166904,701.0873361762206,11070000828.852608
1704897600000,73367.23811166904,73565.85097184869,73248.61005755085,73447.09379845358,821.7515063746814,11090989461.905361
1704897900000,73447.09379845358,73733.67877255447,73288.61390220275,73574.9230537208,638.9340341088766,11109818304.729479
1704898200000,73574.9230537208,73816.17232813497,73427.89113306948,73668.95249930232,699.9961695646159,11137585211.395874
1704898500000,73668.95249930232,73716.60560080863,73594.0111737269,73641.64661229434,936.2163663174758,11172272878.004425
1704898800000,73641.64661229434,73923.8729954858,73485.1332082764,73767.09297552113,869.0075560697863,11224204190.073053
1704899100000,73767.09297552113,73878.00063597194,73609.3243641662,73720.16146382963,675.491752836348,11244315772.19872
1704899400000,73720.16146382963,74033.2034447809,73534.81840378072,73847.54013647824,663.23078115285,11254273691.81728
1704899700000,73847.54013647824,74078.16277056166,73693.2984954738,73923.76192893487,853.0473847403412,11299391272.588303
1704900000000,73923.76192893487,74032.18195751353,73788.54245093497,73896.92311646255,975.9767305926059,11349078453.580599
1704900300000,73896.92311646255,74215.39449477525,73722.45701249446,74040.58920398442,719.3718246121043,11386908572.52394
1704900600000,74040.58920398442,74121.13622529675,73943.6074894947,74024.13661241836,860.359080284888,11421757721.973026
1704900900000,74024.13661241836,74080.45752062024,73937.76509558158,73994.06312251337,444.3609301511075,11441565966.952478
1704901200000,73994.06312251337,74081.38839209877,73884.18370110245,73971.48232159676,896.0150743063399,11470306886.319735
1704901500000,73971.48232159676,74124.83400163864,73766.66428617715,73919.90904869085,654.3038175180893,11490499767.20934
1704901800000,73919.90904869085,74023.66756055533,73836.50286774416,73940.23844130932,596.1359291074587,11498086099.924328
1704902100000,73940.23844130932,74252.09361100501,73777.07673410609,74088.60450884902,510.41998440262955,11504040933.117088
1704902400000,74088.60450884902,74445.78984405224,73879.72056465816,74236.48895737612,847.9612768097056,11551415210.281054
1704902700000,74236.48895737612,74457.62077217325,74098.75903298298,74319.73639995891,703.9500284441558,11584355027.420757
1704903000000,74319.73639995891,74562.09920337725,74167.90866188673,74410.08688835484,990.2136653494687,11618210963.116913
1704903300000,74410.08688835484,74498.81784407147,74334.25804036226,74422.97586135461,446.8876539286316,11613224666.781452
1704903600000,74422.97586135461,74555.69978814339,74245.70326054918,74378.34759849832,465.970248920573,11631096597.528545
1704903900000,74378.34759849832,74445.71056707569,74285.2708930951,74352.61055214891,882.839463283487,11678499381.533594
1704904200000,74352.61055214891,74711.36503776649,74139.14340771636,74497.48196594707,451.22797723299414,11681818440.836277
1704904500000,74497.48196594707,74544.69794149666,74460.68339817425,74507.89423051078,735.6189198450037,11722582704.627743
1704904800000,74507.89423051078,74599.83128909352,74361.78511725769,74453.65524907426,567.2476191434134,11736215783.870607
1704905100000,74453.65524907426,74764.64281264307,74273.0023100674,74583.67439763658,358.2778532901282,11748594646.55779
1704905400000,74583.67439763658,74652.75280100052,74498.517636318,74567.58113431634,786.1607596298363,11768983187.685951
1704905700000,74567.58113431634,74680.67855373307,74500.4395317914,74613.49560922846,812.8724291069789,11810509709.081615
1704906000000,74613.49560922846,74986.78781453632,74388.41649294109,74761.26294321926,434.8391942688188,11810231945.744068
1704906300000,74761.26294321926,74849.71229483576,74680.08092589688,74768.52239459533,874.3557457476795,11840140475.202047
1704906600000,74768.52239459533,74938.12796204397,74657.4585716814,74826.97730812208,407.4439869929271,11842676801.983
1704906900000,74826.97730812208,75170.18622769439,74628.61342821972,74971.43938353489,318.1369042010038,11842277885.517029
1704907200000,74971.43938353489,75105.97921474559,74893.21439436905,75027.69552807661,387.234856724956,11843340547.99557
1704907500000,75027.69552807661,75147.90939540885,74851.7342132345,74971.85861532092,346.1715514253844,11828302660.20872
1704907800000,74971.85861532092,75144.42922330271,74861.80119169463,75034.28016589326,533.4621440220599,11848593775.646164
1704908100000,75034.28016589326,75148.67412752338,74898.76407446283,75013.12578505483,458.03582811022363,11857803395.689217
1704908400000,75013.12578505483,75143.53250486235,74801.40655359306,74931.6716693288,978.1414401200257,11900536301.998474
1704908700000,74931.6716693288,74957.09878313873,74906.7442103099,74932.17115795535,947.945102203283,11941528465.564892
1704909000000,74932.17115795535,75058.79272484913,74759.48262028025,74886.026210713,514.5846874429205,11953239296.41502
1704909300000,74886.026210713,75140.99186027069,74729.15795899514,74983.91854760192,670.272083164976,11975979721.64485
1704909600000,74983.91854760192,75216.51855095435,74821.26127515,75053.70988512607,686.0795623789561,11959781152.548306
1704909900000,75053.70988512607,75245.32583350957,74910.06780606012,75101.59211469637,419.5231916203906,11913227726.345627
1704910200000,75101.59211469637,75398.53113338958,74928.20064254465,75224.85507677228,541.6210216601155,11928822182.741585
1704910500000,75224.85507677228,75479.68933582425,75046.31517786442,75300.96878739323,672.1774964494272,11946080607.584871
1704910800000,75300.96878739323,75476.90421313362,75167.12153908446,75342.98228595596,633.803308119007,11954265579.541843
1704911100000,75342.98228595596,75423.48109245044,75197.9809408219,75278.41075706869,659.4957932774414,11966011885.630444
1704911400000,75278.41075706869,75364.13528878058,75133.5002228264,75219.15727866256,565.1604652203064,11992861948.6701
1704911700000,75219.15727866256,75380.29159271943,75128.72479608185,75289.77421069678,807.7934909420865,12034071775.452932
1704912000000,75289.77421069678,75616.36634582741,75087.15491710813,75413.41431289363,474.37813933752966,12030746807.39933
1704912300000,75413.41431289363,75572.60106021838,75294.33048896962,75453.4540104037,428.17316805773976,12027298490.131945
1704912600000,75453.4540104037,75790.1417399895,75241.59121324273,75577.92943316605,651.5604719577265,12039162529.012127
1704912900000,75577.92943316605,75669.28513448608,75449.17439708706,75540.48483681571,959.1739066163209,12097738472.094753
1704913200000,75540.48483681571,75827.14785299475,75352.8269232929,75639.24460015266,513.6312018703272,12098035842.327917
1704913500000,75639.24460015266,75925.63541402588,75445.60483661765,75731.75881008046,584.560349132157,12110144113.786648
1704913800000,75731.75881008046,75787.38421926128,75643.86986545658,75699.47155946752,355.632406873146,12106959486.177412
1704914100000,75699.47155946752,75923.42363694782,75537.07590252021,75760.8962076659,415.5791878903038,12111932998.429861
1704914400000,75760.8962076659,75936.06856128559,75493.50304441918,75668.46167333728,687.911842396202,12134955729.63306
1704914700000,75668.46167333728,75773.94460039357,75568.46041491877,75673.93610712112,973.5164319267697,12170391763.223417
1704915000000,75673.93610712112,75746.47411563603,75590.19841907219,75662.72568172167,811.558156426995,12192330415.117289
1704915300000,75662.72568172167,75725.3738226901,75600.45519022408,75663.10302064223,998.5680980514132,12229046089.816158
1704915600000,75663.10302064223,75925.87672915915,75492.57122267717,75755.13750108882,583.8300161788626,12244718831.761766
1704915900000,75755.13750108882,75911.79285892501,75627.85634884499,75784.46243594364,822.1420824907956,12274234284.112879
1704916200000,75784.46243594364,75964.671702689,75654.87524169941,75834.99809529234,824.7675667818072,12322476371.76733
1704916500000,75834.99809529234,75974.81008179994,75637.89588228683,75777.60205149234,965.6078729355429,12370480606.309189
1704916800000,75777.60205149234,76019.47588958268,75609.14313044249,75850.85412404088,669.6779927526018,12393964553.928627
1704917100000,75850.85412404088,75968.40708930937,75756.86525602346,75874.38905851093,975.2531686274158,12443102781.574484
1704917400000,75874.38905851093,76044.64711162187,75741.5557298262,75911.74837795897,666.4614910830485,12449151651.877554
1704917700000,75911.74837795897,75999.80615766167,75757.73497064992,75845.71615283964,887.5862545767661,12491409066.283823
1704918000000,75845.71615283964,75948.93175731576,75741.14609397974,75844.35985271764,595.9055881712995,12502273922.644756
1704918300000,75844.35985271764,75926.53442594198,75729.18912296345,75811.32790729032,379.26345643826585,12509988851.358053
1704918600000,75811.32790729032,76024.55131327099,75685.84654598276,75898.92496310602,677.3837357427473,12540845742.595003
1704918900000,75898.92496310602,76030.95683546325,75819.97920000466,75951.95591257174,509.42459507426076,12550171266.553814
1704919200000,75951.95591257174,76042.29609617467,75805.95155478742,75896.2254504308,816.6180054979288,12594302344.477402
1704919500000,75896.2254504308,75943.09562560424,75855.29956072461,75902.16653225971,513.3738596020363,12595736817.67703
1704919800000,75902.16653225971,76151.77186727873,75740.58528714754,75990.00363371985,878.0091712280549,12645688341.880386
1704920100000,75990.00363371985,76165.18449407251,75697.33662407048,75872.24601607486,732.424084051298,12678896510.130724
1704920400000,75872.24601607486,75935.36114962355,75793.59245610893,75856.6946530912,730.8711739051917,12717860478.775139
1704920700000,75856.6946530912,75957.02343836194,75703.49260539417,75803.75136737207,303.60808778409046,12697085114.209412
1704921000000,75803.75136737207,75983.48970608236,75697.88646399033,75877.52177749146,548.172626690601,12720305276.260958
1704921300000,75877.52177749146,76044.2751982152,75604.22738568144,75770.74614927832,359.3206455585926,12730542596.72678
1704921600000,75770.74614927832,75813.67203985548,75714.03245914991,75756.95053419015,386.68985396009964,12740684143.196384
1704921900000,75756.95053419015,75807.20316028377,75685.75867263216,75735.99739967061,759.6434121958489,12759117400.382856
1704922200000,75735.99739967061,75868.44069859137,75522.33176169328,75654.63277425384,509.49946683009705,12750565306.199286
1704922500000,75654.63277425384,75722.7199602644,75550.16160134945,75618.21601322984,868.0806978690414,12777759747.083073
1704922800000,75618.21601322984,75783.08990018288,75343.62846393241,75508.26261441449,887.5502229299373,12825013280.114212
1704923100000,75508.26261441449,75654.21113845956,75263.71032729885,75409.46789285414,603.7721082871195,12827724255.207775
1704923400000,75409.46789285414,75558.36759803341,75205.63306618463,75354.42408465596,438.92523257036464,12815378625.681753
1704923700000,75354.42408465596,75467.52964878838,75147.0657145943,75260.02959438365,576.1822037006843,12818153394.357302
1704924000000,75260.02959438365,75416.21046489959,75133.75272860208,75289.88350800505,412.2187507625175,12818324232.053625
1704924300000,75289.88350800505,75442.49470690385,75043.21340612802,75195.6335621328,765.6700267497456,12850495795.729006
1704924600000,75195.6335621328,75328.76099096372,74982.5570607029,75115.54269551413,685.0865710295536,12880772316.77093
1704924900000,75115.54269551413,75273.62861263186,74996.82527996671,75154.84907476472,527.4213889670591,12879569167.997211
1704925200000,75154.84907476472,75310.07731115613,75029.98323426094,75185.16110879743,651.3010077789141,12906971345.69825
1704925500000,75185.16110879743,75406.79452592426,75028.86216105007,75250.36003914158,572.1939548253445,12901471060.146431
1704925800000,75250.36003914158,75394.64535063454,74986.81017888208,75130.8663727886,314.8065446934589,12900262650.70995
1704926100000,75130.8663727886,75300.97375471306,74851.00544816242,75020.86376793681,837.1694660120187,12915326803.12718
1704926400000,75020.86376793681,75189.57377499178,74759.72117249947,74928.22284483253,539.4986987170989,12932753057.129284
1704926700000,74928.22284483253,75155.22451202096,74774.15135501062,75001.00336692839,604.0299604545169,12943021728.844736
1704927000000,75001.00336692839,75142.47578476829,74776.94901546091,74918.26536678967,832.6299279948053,12986269004.676823
1704927300000,74918.26536678967,75039.99814368182,74703.64430175602,74825.22590119562,657.8678848654192,13003866998.403387
1704927600000,74825.22590119562,75002.5871628964,74554.5348514525,74731.67436415829,904.9167639350258,13039405232.51689
1704927900000,74731.67436415829,74913.97469624283,74622.01312410439,74804.20702178548,874.4265913993959,13062316859.88171
1704928200000,74804.20702178548,74989.58857964289,74512.08542715377,74697.20180214105,866.9667279135094,13080653554.975456
1704928500000,74697.20180214105,74766.76907749735,74632.43676035444,74701.9998756161,426.831774652513,13092859468.105272
1704928800000,74701.9998756161,74908.25884543023,74564.96544468089,74771.09766051725,744.1340342470129,13105693622.797977
1704929100000,74771.09766051725,74900.95518154034,74538.38606272242,74668.06464278187,326.85650208371237,13094487843.40447
1704929400000,74668.06464278187,74899.5462178985,74503.30611585893,74734.64078764267,598.4120839265207,13118440588.944593
1704929700000,74734.64078764267,74775.94703379109,74675.14051707345,74716.43670172367,335.66875581627227,13121568115.5893
1704930000000,74716.43670172367,74824.94179542369,74541.94163234447,74650.35075436508,743.31698258286,13150550034.377705
1704930300000,74650.35075436508,74801.8079680298,74392.6972490526,74543.93856428351,635.436666331774,13179305692.738997
1704930600000,74543.93856428351,74661.43244413518,74381.52671153305,74498.94968128101,513.0029929953698,13196050160.472675
1704930900000,74498.94968128101,74638.66317049084,74259.6908758799,74399.21732950179,545.7171596445883,13219534389.015493
1704931200000,74399.21732950179,74458.73670336539,73195.28919467579,74309.93826870639,1455.8727079338207,13285995034.307453
1704931500000,74309.93826870639,74771.73144897165,74243.05932426456,74682.11291347547,1436.8002161419565,13353501534.025148
1704931800000,74682.11291347547,74915.39210486073,74297.70831799551,74530.5139705716,448.38428571613036,13356344676.859571
1704932100000,74530.5139705716,74685.05767448741,74317.70528690216,74472.127923681,370.53318993475483,13367738543.929235
1704932400000,74472.127923681,74695.26528424621,74125.86646933907,74348.63381025691,554.5068698674254,13358040573.499842
1704932700000,74348.63381025691,74469.76043224653,74130.05343993694,74251.02103404346,309.5631083702524,13361478316.54588
1704933000000,74251.02103404346,74386.02521212377,74072.74466705779,74207.67002376395,531.8482134669877,13372095962.912645
1704933300000,74207.67002376395,74256.8015910453,74156.43086288367,74205.56103384061,845.1658152955603,13410316454.944172
1704933600000,74205.56103384061,74303.86438101363,74056.9512400335,74155.18785565763,755.1738403228139,13418636299.044756
1704933900000,74155.18785565763,74326.43262653076,73861.98673680225,74032.94922498004,921.0356598679413,13454804666.787874
1704934200000,74032.94922498004,74254.39927745628,73671.24761968743,73892.27688794876,384.24804306572116,13445580466.135908
1704934500000,73892.27688794876,74028.20620797011,73716.15416536902,73852.00941092684,758.0486116721213,13464664309.544895
1704934800000,73852.00941092684,74058.19996691168,73517.20745490263,73723.03792994205,947.8504476625188,13510022650.09215
1704935100000,73723.03792994205,73941.39808128828,73349.87666134375,73567.77694542149,540.0285781251898,13517978024.24346
1704935400000,73567.77694542149,73682.18423914262,73441.0622279511,73555.45035224473,441.39938185729295,13516442475.248669
1704935700000,73555.45035224473,73588.31544681331,73508.30469145945,73541.16340251802,434.1947093065737,13506999375.775751
1704936000000,73541.16340251802,73630.95667160726,73398.63478877966,73488.3635896502,913.9527397718176,13549288840.7221
1704936300000,73488.3635896502,73609.20867472411,73380.61759586688,73501.44350364165,982.588310116065,13567148452.555908
1704936600000,73501.44350364165,73598.28880997657,73425.90318853335,73522.72662137377,802.1281121835132,13571409252.111982
1704936900000,73522.72662137377,73591.1427575475,73478.1866403802,73546.58832116435,593.3029127615238,13561360934.737476
1704937200000,73546.58832116435,73660.69570878733,73459.9614070121,73574.03646481478,315.3124288980259,13540923179.177923
1704937500000,73574.03646481478,73697.06226864207,73404.28930705404,73527.23685556433,390.253965577181,13525954618.525454
1704937800000,73527.23685556433,73761.74118639206,73123.43045259228,73357.39309166193,856.0732661242172,13537593872.000004
1704938100000,73357.39309166193,73464.9662747751,73222.16314324817,73329.69571020309,578.2456796356896,13544434364.793472
1704938400000,73329.69571020309,73451.56004140184,73177.26257741265,73299.076022709,980.0768923199912,13576618518.63287
1704938700000,73299.076022709,73525.46744945951,72927.43617252348,73153.3775953088,568.9052938949243,13592324288.354616
1704939000000,73153.3775953088,73214.81071650346,73080.33992830115,73141.76329597954,490.04593226944814,13602180612.25728
1704939300000,73141.76329597954,73313.59216400623,72827.11371209893,72998.6062673397,452.46540542303717,13606148634.461748
1704939600000,72998.6062673397,73121.74115018286,72844.0019047894,72967.0836148623,853.4528140645994,13626981839.014904
1704939900000,72967.0836148623,73128.88640560214,72720.23175975753,72881.84553706582,667.5512416749018,13646938421.32602
1704940200000,72881.84553706582,73034.9803418381,72609.67315945042,72762.5573232407,795.7782930728812,13686358863.086025
1704940500000,72762.5573232407,72857.75104481254,72601.74874910939,72696.8565156982,331.92872608822626,13655835866.056505
1704940800000,72696.8565156982,72849.81511719832,72409.17287442824,72561.84740856691,403.6976334410324,13656942572.310112
1704941100000,72561.84740856691,72666.77668253606,72461.76022680187,72566.68283109776,489.30439882999644,13654477604.592375
1704941400000,72566.68283109776,72653.4386073844,72463.64545088938,72550.38173870186,474.30565202739376,13660104526.501959
1704941700000,72550.38173870186,72621.4868172304,72469.23358963257,72540.32881550594,300.9799730334568,13651408150.701254
1704942000000,72540.32881550594,72722.03223521667,72244.3950575075,72425.81162761338,558.3771133958794,13638120389.113773
1704942300000,72425.81162761338,72674.23893719989,72005.34667200467,72253.18184528765,684.4925506772602,13642547313.867075
1704942600000,72253.18184528765,72337.6629253826,72134.11569397268,72218.55628859205,728.0374236883724,13662341359.384989
1704942900000,72218.55628859205,72359.55751552906,71956.19752961319,72096.9613517034,871.1455092376897,13707528413.9097
1704943200000,72096.9613517034,72144.62210212609,72035.03994736337,72082.69126433617,975.6592251046216,13752593683.518929
1704943500000,72082.69126433617,72336.24341551225,71674.59209943707,71927.59870978846,676.172086299377,13775419403.772104
1704943800000,71927.59870978846,72044.05418288076,71828.60638402769,71945.03785601782,846.3592306396578,13784874382.17576
1704944100000,71945.03785601782,72195.50910520727,71523.46743798567,71773.34093723974,567.3866842833118,13804834581.34065
1704944400000,71773.34093723974,71916.91227421761,71575.59510532365,71719.05785749506,744.0138788747727,13810926690.712448
1704944700000,71719.05785749506,71880.94840047737,71480.09514999996,71641.81132533986,454.44732626515713,13815600422.427681
1704945000000,71641.81132533986,71844.78681613898,71300.58724243753,71503.16993462078,865.4130727108935,13833615319.604317
1704945300000,71503.16993462078,71566.19978589634,71404.7966794468,71467.79534811985,462.2061998461807,13845652117.540152
1704945600000,71467.79534811985,71555.60980330076,71338.12655394548,71425.88951827517,931.517700368947,13822733613.091778
1704945900000,71425.88951827517,71634.00438551014,71040.02211547093,71247.61754854045,429.5196158507361,13746939175.193012
1704946200000,71247.61754854045,71292.37993863758,71188.49830078467,71233.25166529902,643.3628682818155,13743390736.25047
1704946500000,71233.25166529902,71346.4413323242,71076.5419754588,71189.66237908976,314.73311273092145,13747115486.197912
1704946800000,71189.66237908976,71384.47431754784,70829.9124404806,71024.27178425984,575.9381345000622,13738458399.931782
1704947100000,71024.27178425984,71115.4287978466,70862.17329313095,70953.23913895704,350.4340827351549,13738973130.225807
1704947400000,70953.23913895704,71193.79378164907,70564.2324661802,70804.28209587056,979.2698255311922,13770833729.523354
1704947700000,70804.28209587056,71043.46370706557,70385.44648266824,70624.01915356042,808.7352374591748,13784405728.185787
1704948000000,70624.01915356042,70719.93139424,70497.4895285128,70593.3601321477,564.5125908314689,13786435608.850643
1704948300000,70593.3601321477,70875.67974572782,70113.65191835395,70395.17895835065,834.4120292467027,13826559287.92089
1704948600000,70395.17895835065,70479.64785515807,70244.09513518198,70328.4840030815,473.84006112130237,13821001282.852972
1704948900000,70328.4840030815,70540.35464799122,69931.40566533383,70142.71667007494,739.169063566223,13813518985.800175
1704949200000,70142.71667007494,70438.90379968434,69646.55874174737,69941.89788682171,970.332383767981,13835947569.310467
1704949500000,69941.89788682171,70199.21916916833,69503.69535613216,69760.34870595993,536.8729419775616,13853497192.787466
1704949800000,69760.34870595993,69847.29395828894,69617.41697039605,69704.29235734357,636.2978013736772,13855372571.898914
1704950100000,69704.29235734357,69842.4258674878,69479.30438928226,69617.2654375378,414.20110922433054,13854956122.328922
1704950400000,69617.2654375378,69780.05265963162,69318.84050781562,69481.30982260953,339.1128546034433,13838251980.023901
1704950700000,69481.30982260953,69608.88326086305,69292.49011489756,69419.9508930756,386.152860632878,13816673957.18134
1704951000000,69419.9508930756,69476.79429175948,69328.74116992392,69385.55640524035,507.71694385853596,13801704311.038002
1704951300000,69385.55640524035,69569.4518851105,69101.55641114288,69285.18587474353,399.284518516416,13775761457.643238
1704951600000,69285.18587474353,69318.74773102952,69233.92326345408,69267.47654131027,598.9948032034049,13768518635.936941
1704951900000,69267.47654131027,69513.18722199491,68845.01244224941,69090.09389819312,458.1190745918724,13761814577.030548
1704952200000,69090.09389819312,69161.84420165041,68992.33672928915,69064.05999644869,918.9567394584107,13780446174.689224
1704952500000,69064.05999644869,69125.60189022687,68964.13932918845,69025.64699374621,418.6913430209281,13790102435.50678
1704952800000,69025.64699374621,69234.58370999603,68630.57072811946,68838.94229985637,969.0943479334562,13797922346.240263
1704953100000,68838.94229985637,69039.45968652809,68502.93183585016,68703.05339878592,382.84567931551817,13765929079.239716
1704953400000,68703.05339878592,68812.32180859374,68574.12625613138,68683.3633500047,926.9105436678437,13792179750.806236
1704953700000,68683.3633500047,68797.87822967004,68482.89017242334,68597.26149558509,671.3364484488282,13806027048.340246
1704954000000,68597.26149558509,68754.63251153173,68352.36888104164,68509.53864940019,405.15402499722154,13797907365.648026
1704954300000,68509.53864940019,68622.45397360534,68322.32456127365,68435.11722636774,872.2937814958683,13799818415.126753
1704954600000,68435.11722636774,68597.86147858489,68132.18426350685,68294.59434091962,941.3640487900044,13816835554.073183
1704954900000,68294.59434091962,68461.44901671672,68051.18434694006,68217.85152770417,867.5035903967116,13850579824.504065
1704955200000,68217.85152770417,68304.96138199008,68063.61293341499,68150.6369589749,301.5251353621466,13834229758.760178
1704955500000,68150.6369589749,68198.92598755116,68079.86110775667,68128.13419170174,759.0978853599158,13830290598.316277
1704955800000,68128.13419170174,68322.13853747919,67786.10683115064,67979.68845703447,804.9404245450758,13834700403.88952
1704956100000,67979.68845703447,68086.23483686059,67819.30453958981,67925.7664059463,347.11954429160664,13806222134.808538
1704956400000,67925.7664059463,68114.4591820358,67640.45184444559,67828.87546463651,494.9332997297307,13788988167.208237
1704956700000,67828.87546463651,68120.02348813335,67341.95822667824,67632.26230972858,427.31063542719767,13756056692.972214
1704957000000,67632.26230972858,67808.65617026747,67319.27348868673,67495.31015995554,596.6824489601104,13768702736.538063
1704957300000,67495.31015995554,67617.23515529076,67298.62169248925,67420.41138905675,855.4511133255282,13772922479.122921
1704957600000,67420.41138905675,67647.07992893763,67045.95374277564,67272.12373711438,757.7679555499809,13786168952.851595
1704957900000,67272.12373711438,67485.66884323063,66892.81277079294,67105.83000278882,647.9716060841312,13771082107.216146
1704958200000,67105.83000278882,67270.71712907979,66832.6222950348,66997.24260898899,874.9829386255157,13793259523.963924
1704958500000,66997.24260898899,67196.38965645102,66659.46883259159,66858.20258827435,595.2885327403408,13787163265.136118
1704958800000,66858.20258827435,67027.85083570622,66588.17240655288,66757.56529353507,823.7984497363402,13818159419.742687
1704959100000,66757.56529353507,66865.80822264189,66573.39535887526,66681.51497747887,302.00627403181613,13818531144.582798
1704959400000,66681.51497747887,66714.64985530959,66629.96335866052,66663.0890804328,690.8621276300285,13840705490.637726
1704959700000,66663.0890804328,66776.40205172138,66523.50885492392,66636.77710148467,341.7041729238133,13816501692.55443
1704960000000,66636.77710148467,66866.50447861271,66259.03143187467,66488.24675713111,906.7407559234858,13814624688.254951
1704960300000,66488.24675713111,66580.19965156577,66341.22756669392,66433.104199262,400.89816961196533,13801990710.702717
1704960600000,66433.104199262,66572.74468968586,66244.68577646014,66384.22352109253,939.0677362289568,13798886302.028217
1704960900000,66384.22352109253,66634.55155639743,65963.43468778618,66213.11749999714,339.1059661127385,13771082580.777933
1704961200000,66213.11749999714,66494.87294685146,65740.107104724,66021.04523002182,792.7739992749214,13787316622.233192
1704961500000,66021.04523002182,66180.98909610127,65716.79948288236,65876.39291144618,975.439234802843,13810775661.38726
1704961800000,65876.39291144618,66091.09193891447,65516.09319850118,65730.31614434987,763.9231242770326,13800186180.591724
1704962100000,65730.31614434987,66014.60960171687,65241.81636627541,65525.22276406956,909.3338840508553,13799804759.586226
1704962400000,65525.22276406956,65780.65706379425,65057.01116684838,65311.612759416166,355.2953047419493,13765476069.57776
1704962700000,65311.612759416166,65573.59563460834,64846.13800476409,65107.30133051757,869.5978812243521,13771718248.450651
1704963000000,65107.30133051757,65324.634614057744,64700.54325747973,64917.24210841461,820.4905569410225,13796376532.935768
1704963300000,64917.24210841461,65058.18300548508,64702.92203399178,64843.70327194482,509.655387171575,13771651944.366547
1704963600000,64843.70327194482,65022.420113646825,64525.871820677385,64704.20418655981,846.9778355314807,13804371774.453917
1704963900000,64704.20418655981,64824.09795609458,64499.780606151166,64619.51745525745,409.12113519013343,13790064824.549982
1704964200000,64619.51745525745,64684.025238609414,64505.965425867515,64570.42420085259,825.7930503897826,13794690752.663126
1704964500000,64570.42420085259,64706.985679665755,64311.31712069195,64447.61887569167,882.876066092659,13787954082.755287
1704964800000,64447.61887569167,64617.22808467119,64189.2696587456,64358.64471108845,687.9091448931748,13771894802.84115
1704965100000,64358.64471108845,64503.01071909737,64153.906468082714,64298.136747734374,651.3107062445862,13779774932.892824
1704965400000,64298.136747734374,64427.85530884536,64084.41851105861,64213.967264071536,409.7604460290023,13761413167.039446
1704965700000,64213.967264071536,64300.775986725166,64093.42346050449,64180.18651609054,984.5483985971744,13780573372.385796
1704966000000,64180.18651609054,64406.905039367746,63756.60039716897,63982.62101410948,733.3306322932078,13793039891.788456
1704966300000,63982.62101410948,64189.00383314145,63597.334691008116,63803.138570131596,822.1970162033377,13783847488.545826
1704966600000,63803.138570131596,63994.688625875264,63497.587089145934,63688.793858707475,871.5911849193171,13813599086.304024
1704966900000,63688.793858707475,63857.481628719,63388.44173919446,63556.779853531974,749.3235840169334,13830860604.084064
1704967200000,63556.779853531974,63607.625277414794,62528.30404194212,63480.51171770774,1331.859487621019,13890783723.197351
1704967500000,63480.51171770774,63875.006291030935,63423.3792571618,63798.44815324703,1981.9824761286354,13989203624.579895
1704967800000,63798.44815324703,64005.65539407304,63405.69691195959,63612.29957171695,354.4660035810704,13954714701.131351
1704968100000,63612.29957171695,63797.80158543152,63318.95911068104,63504.14573326909,319.634201881818,13931789361.045977
1704968400000,63504.14573326909,63727.73063548055,63111.54410266226,63334.5318295612,345.7234170163941,13926656265.653387
1704968700000,63334.5318295612,63514.51074800012,63045.049680710516,63224.716534981984,516.3840787963618,13934405741.881369
1704969000000,63224.716534981984,63404.517959646306,62926.53060985584,63105.994406944585,322.65675416763577,13889372154.798061
1704969300000,63105.994406944585,63365.03888964902,62675.194545882165,62933.531082008565,695.3577692166878,13881455861.726492
1704969600000,62933.531082008565,63122.644573057,62627.9199659635,62816.68232979762,331.9764288785624,13846136921.227228
1704969900000,62816.68232979762,63064.420262718726,62405.53853282384,62652.62947015667,305.9351115404005,13817477221.944729
1704970200000,62652.62947015667,62842.57084715358,62306.982610303,62496.45050601497,578.6954719584529,13822075259.756937
1704970500000,62496.45050601497,62751.91017998776,62055.178059314036,62309.87509005596,807.9816874048568,13847351845.886242
1704970800000,62309.87509005596,62415.733431712644,62163.228744203676,62269.01767313255,368.1658851498569,13813347277.3204
1704971100000,62269.01767313255,62483.9902356898,61907.43757707915,62121.902250148945,370.7020182276068,13774154845.519444
1704971400000,62121.902250148945,62218.14677961727,61953.145944457465,62049.27795820182,711.0228565130271,13797332173.91178
1704971700000,62049.27795820182,62257.5077855555,61689.39851414807,61897.11771022272,896.418967293097,13790723229.26907
1704972000000,61897.11771022272,62090.053749070044,61535.4084789181,61727.81679937853,624.1743561262413,13790514999.199356
1704972300000,61727.81679937853,61806.1370793944,61590.50711328872,61668.752452436245,802.9238951362598,13793652714.637638
1704972600000,61668.752452436245,61800.419384855915,61477.63478855596,61609.17451808041,757.9541049793647,13799991112.929796
1704972900000,61609.17451808041,61714.70200254179,61422.48700704151,61527.87523775362,974.5671514506186,13831831266.789326
1704973200000,61527.87523775362,61722.20124584263,61205.737707087515,61399.65876383615,755.9764405064356,13832582616.34152
1704973500000,61399.65876383615,61489.20599665001,61258.07557043846,61347.54680149403,849.7463009643428,13856424094.136837
1704973800000,61347.54680149403,61547.61966331068,60986.72199258761,61186.26887843135,899.1667871035545,13855618121.00746
1704974100000,61186.26887843135,61408.28916813661,60820.38633008706,61041.88270059245,841.9225005657332,13836900232.8339
1704974400000,61041.88270059245,61221.74868396593,60710.10422462593,60889.521259848494,727.2710630656327,13825088429.303185
1704974700000,60889.521259848494,61122.31215606078,60448.053817553315,60680.043846328634,739.4527524417874,13824260671.747673
1704975000000,60680.043846328634,60882.99918992599,60345.30841243236,60547.82151460957,399.83576488809376,13778589916.189518
1704975300000,60547.82151460957,60664.25462923119,60366.94249281243,60483.25143954885,978.2629829508671,13806050471.322674
1704975600000,60483.25143954885,60582.69954647705,60302.91172102029,60402.22660484568,365.87979583714525,13772037452.595224
1704975900000,60402.22660484568,60648.049176315384,59991.040519685426,60236.18735122659,413.03073948408127,13766721926.31462
1704976200000,60236.18735122659,60446.514630380436,59854.443276703845,60064.169920929206,362.4604690804611,13718192385.945137
1704976500000,60064.169920929206,60321.892460726835,59617.19238667105,59874.09937430036,480.56086965129015,13676215257.761883
1704976800000,59874.09937430036,60041.46812565856,59570.114863316674,59737.10065602238,913.6605084645134,13675578702.981937
1704977100000,59737.10065602238,59864.42226879442,59504.6971902067,59631.79435673489,386.7763569964204,13657632964.925758
1704977400000,59631.79435673489,59766.60724936547,59377.199517898465,59511.740999269925,901.3022787916477,13654915378.292957
1704977700000,59511.740999269925,59734.95148887754,59138.987314009864,59361.63480079666,941.9980814785462,13669628292.421803
1704978000000,59361.63480079666,59598.12190097826,58927.447475390276,59163.14381978036,891.3849505576665,13671808130.813679
1704978300000,59163.14381978036,59253.57608920623,59020.721419569876,59111.074099192076,777.5406277867851,13660622076.592947
1704978600000,59111.074099192076,59272.994768647375,58818.05827955762,58979.61885877846,912.8755196472533,13686009722.660429
1704978900000,58979.61885877846,59135.5698674336,58723.70206369273,58879.38804696276,750.7067497070213,13701344141.337368
1704979200000,58879.38804696276,58998.50387414517,58670.412025213845,58789.345692392526,874.8645245474598,13694168846.072037
1704979500000,58789.345692392526,59080.7927828654,58279.478580431,58569.837462929136,503.462420128846,13673107736.858345
1704979800000,58569.837462929136,58802.20328489742,58145.64679725225,58377.24855563964,351.08507391911667,13664555394.368624
1704980100000,58377.24855563964,58573.27790385748,58029.75948185521,58225.278518469255,365.4521841127915,13621642675.549562
1704980400000,58225.278518469255,58420.11697438255,57892.60006863773,58086.975723794225,930.0885608256074,13604618258.469519
1704980700000,58086.975723794225,58243.0160323479,57792.86660471748,57948.53501698394,812.2446863043593,13580322576.323503
1704981000000,57948.53501698394,58083.98307410843,57753.516559883996,57888.82505181031,837.7516553042834,13557886587.137655
1704981300000,57888.82505181031,58107.85556971888,57485.87540961872,57704.20740065771,522.0994035877025,13564516987.984121
1704981600000,57704.20740065771,57795.7590115267,57566.392059730475,57657.870153436386,791.6035869635591,13494850312.533695
1704981900000,57657.870153436386,57825.21555480007,57354.36787075031,57521.31694197,326.7976372059945,13349087986.835339
1704982200000,57521.31694197,57757.0580401455,57094.56483835931,57329.51988972421,748.1514673637531,13334770976.484056
1704982500000,57329.51988972421,57506.27465070276,56990.13413262307,57166.38592926066,720.7541893567433,13314265427.538597
1704982800000,57166.38592926066,57394.67724967849,56786.08685309493,57013.76870367518,553.0449312380805,13309721676.877089
1704983100000,57013.76870367518,57201.49757518248,56682.57669631187,56869.831627127955,337.8542605641858,13300778044.00409
1704983400000,56869.831627127955,57015.32426248034,56655.4092346875,56800.72507164626,778.5700082484204,13288695410.171478
1704983700000,56800.72507164626,57026.60683413605,56404.331479345514,56629.5324531598,358.5138983966151,13257561043.085321
1704984000000,56629.5324531598,56873.37467438465,56181.58319279754,56424.5427447922,508.83576208087146,13225916608.32521
1704984300000,56424.5427447922,56590.46600551271,56163.25689319542,56328.898901510984,667.3445601006852,13216497870.187632
1704984600000,56328.898901510984,56460.60181381602,56094.53669932888,56225.99902084973,881.3843640507728,13214486602.012394
1704984900000,56225.99902084973,56498.37357366562,55754.300246848106,56025.704516753336,539.4134035286012,13175763103.169865
1704985200000,56025.704516753336,56136.714156689675,55826.127924835106,55936.96172932297,544.4933813762601,13142116247.420748
1704985500000,55936.96172932297,56124.94205091922,55604.59293411775,55792.08639136207,782.1813452892018,13135958415.524254
1704985800000,55792.08639136207,56037.84770098381,55359.1938920185,55604.12725116485,548.2846635492032,13117467343.995174
1704986100000,55604.12725116485,55739.961782790604,55369.78545710366,55505.37875743855,306.9520562338524,13071444362.353163
1704986400000,55505.37875743855,55640.008337857915,55287.19644568765,55421.62287427452,354.46609933604725,13018967771.408222
1704986700000,55421.62287427452,55576.67040682948,55163.90191830238,55318.66140585253,526.6128023329679,12994836572.961441
1704987000000,55318.66140585253,55442.17379530964,55145.14327279035,55268.543762397756,819.9854431872401,12976468636.21802
1704987300000,55268.543762397756,55392.239308629665,55053.40350548972,55176.8939318636,405.35439571403543,12965954762.000368
1704987600000,55176.8939318636,55335.400078652056,54881.07802399396,55039.18858592395,905.0109440198949,12949486266.79167
1704987900000,55039.18858592395,55308.771731331995,54576.04689188344,54844.67731685574,584.4706467089197,12933175292.130445
1704988200000,54844.67731685574,54982.90346701551,54579.756060538384,54717.662091655606,615.3912772262589,12922769631.350227
1704988500000,54717.662091655606,54812.561557575005,54547.19272629785,54641.960900009544,614.5300555768719,12918532454.261122
1704988800000,54641.960900009544,54712.58803514456,54518.093498564114,54588.65172925382,453.03594039377026,12880313407.469946
1704989100000,54588.65172925382,54678.94040591615,54446.602076588766,54536.80499966577,682.2603593920848,12865204327.096401
1704989400000,54536.80499966577,54757.37596742843,54132.02733884262,54351.85026784153,543.6598878117959,12821071363.038689
1704989700000,54351.85026784153,54482.369454547814,54165.19672283557,54295.58078540076,703.7855004412913,12826025096.452425
1704990000000,54295.58078540076,54568.60577559118,53814.463149010204,54086.43645825271,311.3338881087387,12808205939.864145
1704990300000,54086.43645825271,54195.160606569,53912.523953131335,54021.1167963539,907.4307038435469,12791584941.10749
1704990600000,54021.1167963539,54171.344394869,53773.80248473621,53923.75934140959,619.1982395189823,12791359089.863491
1704990900000,53923.75934140959,54101.38890346043,53602.55055849702,53779.70559495456,679.7269113219859,12773105186.36558
1704991200000,53779.70559495456,53965.43582986672,53468.809834263935,53654.10630731482,379.3659996125415,12751226071.36161
1704991500000,53654.10630731482,53873.758069624964,53253.857428253184,53472.766814220195,423.8266124347411,12747167574.22432
1704991800000,53472.766814220195,53631.90564947517,53200.349467872176,53359.15017175253,567.0943260157075,12718805139.299427
1704992100000,53359.15017175253,53487.347966567155,53157.691422278025,53285.71278040658,606.2455702116717,12690458113.208084
1704992400000,53285.71278040658,53499.29882268093,52909.52088144267,53122.45252481658,947.5949178197826,12708287551.901976
1704992700000,53122.45252481658,53267.95647022389,52905.71613069058,53051.02443247161,864.1578338001979,12688757723.099644
1704993000000,53051.02443247161,53294.29502799366,52617.326591285746,52859.71994159114,731.3822601195254,12696930582.570759
1704993300000,52859.71994159114,53043.73264799014,52534.24842325203,52717.7669698154,826.208731060311,12716635280.294252
1704993600000,52717.7669698154,52794.68249250753,52580.87439728505,52657.70228525983,610.8723495330889,12719749075.682045
1704993900000,52657.70228525983,52785.038108235676,52415.90186167101,52542.96021762916,502.9331214442378,12720221546.064108
1704994200000,52542.96021762916,52707.411438068084,52239.057092024224,52403.070479534406,618.2409158804383,12712591320.379871
1704994500000,52403.070479534406,52571.66470043871,52089.12932810038,52257.25442105954,628.7019697232995,12711086859.97863
1704994800000,52257.25442105954,52514.103101642606,51815.599289208374,52071.53514435295,939.8205229994877,12686730984.134144
1704995100000,52071.53514435295,52273.27710438804,51730.27268932828,51931.471999462614,792.6844697389349,12656864670.832157
1704995400000,51931.471999462614,52030.95077720066,51743.54442914089,51842.85345115026,562.2506607140394,12647478147.046886
1704995700000,51842.85345115026,52039.837344059015,51477.539702459624,51673.881563961644,915.725012578646,12644537585.603258
1704996000000,51673.881563961644,51898.40116697856,51287.87512413655,51511.6900155864,856.5967465679079,12637169515.24792
1704996300000,51511.6900155864,51675.44671895297,51209.850766860596,51373.16710308944,930.1310772921245,12653446434.889694
1704996600000,51373.16710308944,51522.624380696114,51085.88670715504,51234.94185324632,407.3627438646338,12633574278.52386
1704996900000,51234.94185324632,51439.47242387278,50886.91555664364,51090.87099448205,874.0240731751308,12627613313.012798
1704997200000,51090.87099448205,51230.77191946206,50842.13021482295,50981.732287861116,971.4124150613785,12629384969.282171
1704997500000,50981.732287861116,51055.577376146284,50859.10398374574,50932.87830891191,981.4432261433726,12629726902.467539
1704997800000,50932.87830891191,51153.558299277975,50541.833741073526,50761.77237029647,879.9849296816192,12631885603.236238
1704998100000,50761.77237029647,50884.99365757822,50560.87062235866,50683.902885939024,390.20932508687815,12590844345.23223
1704998400000,50683.902885939024,50856.356615123215,50408.92567650472,50581.02937501679,421.60208957033836,12576394937.746515
1704998700000,50581.02937501679,50684.578077129474,50415.57246267966,50518.99416727319,606.1811109012265,12574711453.30791
1704999000000,50518.99416727319,50761.58635671506,50093.36604945929,50335.075059420065,652.9799325977333,12558335655.856451
1704999300000,50335.075059420065,50495.46400203544,50072.06446005633,50232.1253611773,890.1215086394571,12530591889.11649
1704999600000,50232.1253611773,50361.22886573693,49999.91674891452,50128.754576270476,687.0338559995384,12526181364.55694
1704999900000,50128.754576270476,50205.87068522829,49996.889699429565,50073.92145526571,365.285784884901,12500202872.887579
1705000200000,50073.92145526571,50253.306703623806,49763.42655395221,49942.340425293,715.3017342622134,12509005530.337187
1705000500000,49942.340425293,50187.33806716439,49505.6840442581,49749.736848105786,944.4160758009547,12524505329.86358
1705000800000,49749.736848105786,49966.76709278504,49349.25953813451,49565.485999532044,819.6377367818237,12513077841.749737
1705001100000,49565.485999532044,49778.24564778949,49177.6204873947,49389.625254113445,742.0512545430125,12476057654.862103
1705001400000,49389.625254113445,49555.21574150369,49083.00436188883,49248.1204206065,928.5364684107054,12460381628.508818
1705001700000,49248.1204206065,49439.736764201094,48906.96341839779,49097.995651184625,471.6780923934193,12407985316.561918
1705002000000,49097.995651184625,49232.61561995257,48885.102586203146,49019.50735081858,839.2741097683892,12404897996.802168
1705002300000,49019.50735081858,49141.58497976827,48801.56968745963,48923.40799164771,954.4831253635783,12389288968.397942
1705002600000,48923.40799164771,49071.22463734847,48675.34164903898,48822.85448347838,705.5482030425767,12361189598.790213
1705002900000,48822.85448347838,49036.58593720336,48432.830406464425,48645.78671189814,717.1261093458461,12322903313.417887
1705003200000,48645.78671189814,48684.703341267654,47858.600591326205,48587.41176784386,1425.9704307436625,12341391878.166842
1705003500000,48587.41176784386,48889.354360233,48543.683097252804,48830.75745129145,1483.4994269135839,12339835540.514606
1705003800000,48830.75745129145,48981.42721654575,48560.73026123025,48711.03060325563,886.8211183367723,12332441254.134827
1705004100000,48711.03060325563,48883.9792348843,48404.05580143754,48576.5268772627,315.36987788693295,12280441212.358488
1705004400000,48576.5268772627,48822.46809849103,48151.187176853324,48396.21548795533,353.41887956266976,12252349270.743805
1705004700000,48396.21548795533,48518.16541319736,48184.015937783,48305.73787540295,519.5094551405776,12248692092.048325
1705005000000,48305.73787540295,48420.49773566085,48132.886708987346,48247.50823318211,425.8645050907767,12217826295.933544
1705005300000,48247.50823318211,48455.60361911705,47852.12312598673,48059.40721710106,697.1056948739989,12212636988.010994
1705005600000,48059.40721710106,48172.132010571855,47845.62090110367,47958.10809441781,983.1411118802972,12197808351.474464
1705005900000,47958.10809441781,48040.87502834567,47830.09302004328,47912.781728944225,729.8034974932298,12193809078.970055
1705006200000,47912.781728944225,48040.97105152371,47675.38519186916,47803.28154974722,819.1877803068661,12166249022.962118
1705006500000,47803.28154974722,47878.569552300374,47673.41465931315,47748.61656699525,320.6886699435705,12125990803.007395
1705006800000,47748.61656699525,47971.44157850053,47342.696831167035,47564.663401755955,406.64221161167745,12089891131.457977
1705007100000,47564.663401755955,47643.48060633485,47423.197758600116,47501.91097904069,451.8704497862483,12088341209.338274
1705007400000,47501.91097904069,47663.38089698346,47201.47241028037,47362.468330597825,809.4207293102234,12085083392.576818
1705007700000,47362.468330597825,47439.0927068137,47233.98460507953,47310.52494577951,637.1024104913047,12087999048.64057
1705008000000,47310.52494577951,47389.67039938194,47181.567904700125,47260.62988920367,686.0479798640845,12091127664.164633
1705008300000,47260.62988920367,47455.512122208565,46923.16994315722,47117.46181343597,647.0611937734736,12064083193.762468
1705008600000,47117.46181343597,47261.27156580614,46862.2200607973,47005.68866429653,435.1379668344945,12045991158.495796
1705008900000,47005.68866429653,47213.153305162894,46639.61837731052,46846.37989184895,921.1204238398171,12023499602.06876
1705009200000,46846.37989184895,47021.29991330808,46528.52778723382,46702.9121133639,708.5537787914817,11989573751.610775
1705009500000,46702.9121133639,46804.630632769535,46526.44114201632,46627.996495885905,855.8696683055331,11983951106.090982
1705009800000,46627.996495885905,46713.09923734563,46494.501040132505,46579.51529649127,918.0001334273101,11993636149.231577
1705010100000,46579.51529649127,46752.96963798622,46284.13654808999,46457.13516640403,871.1245396966046,11990742610.016764
1705010400000,46457.13516640403,46594.463167523325,46225.90485015419,46362.95445164218,600.5190829918126,11987548547.18413
1705010700000,46362.95445164218,46494.65711605285,46129.915892996214,46261.32987374041,742.8889272625684,11964340534.14679
1705011000000,46261.32987374041,46450.93438657348,45901.358840211484,46090.26222321043,323.6320076187566,11927796168.665468
1705011300000,46090.26222321043,46240.426225582734,45831.96447550314,45981.77502203578,505.43148236511246,11911398530.490013
1705011600000,45981.77502203578,46091.16880047493,45807.93281272086,45917.1728983022,975.6016744028682,11907227230.053263
1705011900000,45917.1728983022,46057.736525575965,45647.275924330024,45787.44241506116,425.93296517676356,11883671810.056143
1705012200000,45787.44241506116,45973.34388064272,45468.79388207802,45654.154184491235,550.4211617389523,11885149134.197935
1705012500000,45654.154184491235,45866.28183607887,45275.79693609471,45487.148612298195,560.3749990577085,11847833818.598326
1705012800000,45487.148612298195,45572.71174432311,45331.926946092535,45417.35880071175,523.0123987928382,11831163981.64955
1705013100000,45417.35880071175,45618.626895722584,45042.60197888717,45243.09783231306,625.7636390419935,11814172614.092855
1705013400000,45243.09783231306,45367.92567469514,45051.469935376204,45176.11296334313,693.148408430551,11783107174.994629
1705013700000,45176.11296334313,45340.02440564355,44890.393349805956,45053.86122897557,669.0836530344516,11764026863.950823
1705014000000,45053.86122897557,45237.87581401403,44710.52879405786,44893.890004720706,725.5330619394015,11728972920.499258
1705014300000,44893.890004720706,45003.32813772757,44730.450266571694,44839.756437824,352.37693713429474,11679362628.766272
1705014600000,44839.756437824,44924.072684195824,44702.884316419564,44787.101551049156,829.3408424008182,11651746412.664612
1705014900000,44787.101551049156,44942.93352599315,44502.05096580563,44657.43176847884,437.98627655775704,11639420567.748518
1705015200000,44657.43176847884,44757.24315954609,44493.6060340806,44593.27402968368,993.1818015284152,11628070077.438171
1705015500000,44593.27402968368,44723.76317111698,44348.19114932439,44478.343981670354,419.7978103235473,11622336246.421993
1705015800000,44478.343981670354,44634.72563044054,44195.357695475366,44351.29264376344,703.4896725035317,11608814810.623829
1705016100000,44351.29264376344,44526.498396254705,44044.53009699951,44219.214085143634,899.2721468436056,11623499944.85922
1705016400000,44219.214085143634,44314.69101446637,44085.56124805927,44180.95557063374,499.0560732166516,11590059845.585773
1705016700000,44180.95557063374,44268.58326187923,44036.00617474294,44123.5199492378,927.0806675659634,11583597956.099144
1705017000000,44123.5199492378,44181.4795524163,44018.558615896465,44076.456397516195,751.342966492404,11578496307.439817
1705017300000,44076.456397516195,44249.33489881272,43745.169502109515,43917.42424090014,861.7592974793554,11575741626.53992
1705017600000,43917.42424090014,44012.81106340427,43750.066284899745,43845.296448833426,827.584595546701,11503841507.414495
1705017900000,43845.296448833426,43997.63239531917,43579.06797145312,43731.00683048377,519.2222628420071,11419244343.76136
1705018200000,43731.00683048377,43846.379083006555,43529.87610413755,43645.021507999445,787.5198572037874,11420197353.596247
1705018500000,43645.021507999445,43804.4693397451,43379.691470950456,43538.751066170094,977.00676945843,11435140613.00087
1705018800000,43538.751066170094,43716.32099519732,43212.46326287376,43389.424171996856,732.5839010769168,11425700178.413227
1705019100000,43389.424171996856,43561.19460832242,43057.68757668864,43228.82222058794,307.2772189759768,11415998033.813812
1705019400000,43228.82222058794,43404.180378259385,42904.10818032029,43078.85800663026,781.3192382974726,11410189157.610592
1705019700000,43078.85800663026,43202.7877188852,42848.71876404961,42972.34205007933,433.8117853319312,11366115062.5446
1705020000000,42972.34205007933,43045.847259557755,42853.02653437003,42926.45324996835,932.016408266804,11350123163.32945
1705020300000,42926.45324996835,43017.5402877274,42801.05507926163,42892.06915629364,907.6104107256508,11320865465.591867
1705020600000,42892.06915629364,43069.10576621662,42587.50435191539,42764.012408823895,377.5625179231343,11308618591.001575
1705020900000,42764.012408823895,42815.67521177116,42673.13795934742,42724.75333377373,530.5302819724761,11275301953.231796
1705021200000,42724.75333377373,42856.81501586042,42511.083843544686,42642.89249479447,488.9384380658372,11226273287.977875
1705021500000,42642.89249479447,42796.546254847446,42351.660628680314,42504.8168652679,622.4856338197812,11213003223.864977
1705021800000,42504.8168652679,42700.29715462836,42166.976612301594,42361.7991610986,827.1243788964391,11215574370.367321
1705022100000,42361.7991610986,42464.8986279975,42213.28087059872,42316.269528207835,589.3057424264591,11208580406.932735
1705022400000,42316.269528207835,42432.18148960011,42099.400217771516,42215.03487904078,669.3122496334196,11169670555.65187
1705022700000,42215.03487904078,42341.129860862566,42005.03787732204,42130.88149563361,983.4446169166201,11138882285.10137
1705023000000,42130.88149563361,42292.35903327286,41853.747946703996,42014.7804971346,458.0813628752496,11099153827.105015
1705023300000,42014.7804971346,42160.98297594602,41746.14149364223,41891.91643169989,357.9559918277471,11070513884.52627
1705023600000,41891.91643169989,42029.399773393816,41669.48738306434,41806.691027040244,761.6365444138198,11079156580.07193
1705023900000,41806.691027040244,41888.020405002455,41662.844622432596,41744.05214474903,354.6117101058444,11065265214.02891
1705024200000,41744.05214474903,41788.10059876262,41667.35747489348,41711.37144412986,309.1896747749244,11015362636.3018
1705024500000,41711.37144412986,41887.64335118059,41408.67591871098,41584.41129322526,431.5422009032361,10990905484.941118
1705024800000,41584.41129322526,41743.38476650987,41285.72984624937,41444.167178867945,713.3661697292459,10948631621.100863
1705025100000,41444.167178867945,41582.060394766435,41219.65248373161,41357.256530136176,832.3415708621365,10941437641.187439
1705025400000,41357.256530136176,41501.30946696832,41100.34909275207,41244.00756808106,407.7992476036018,10922414092.85965
1705025700000,41244.00756808106,41386.3377795565,41013.145150326214,41155.16878531981,453.14938159054566,10908034188.163904
1705026000000,41155.16878531981,41317.33336464966,40887.64220481139,41049.38998169093,907.5011509234804,10883012593.971804
1705026300000,41049.38998169093,41182.81690324782,40829.45139743286,40962.596204529524,431.5674308541977,10852038349.893084
1705026600000,40962.596204529524,41094.160283330195,40716.10197869066,40847.29573428042,515.0027458820209,10815171955.691788
1705026900000,40847.29573428042,40929.4114752722,40723.10010422434,40805.131081177984,403.1028138299873,10807490443.875437
1705027200000,40805.131081177984,40890.84530310189,40678.43099860594,40764.058945444725,468.39372300812266,10797291027.132868
1705027500000,40764.058945444725,40819.92988396081,40669.67165379237,40725.489729606794,320.0103747350595,10774816409.244751
1705027800000,40725.489729606794,40822.3844681003,40562.124702479705,40658.86091663251,485.9051077278579,10760161701.323128
1705028100000,40658.86091663251,40705.00811288141,40578.83845866217,40624.94716331059,602.0315457019674,10762786014.847187
1705028400000,40624.94716331059,40785.77213896872,40336.41153818629,40496.728926851756,655.5487769366625,10748892680.33314
1705028700000,40496.728926851756,40657.447946387074,40197.19011062666,40357.356002034845,368.46888836021776,10714306345.700539
1705029000000,40357.356002034845,40467.39341959051,40180.983978456105,40290.840035141075,595.8118605297218,10685734294.401342
1705029300000,40290.840035141075,40427.352249388336,40045.712795663414,40181.85575263756,715.8344156529604,10651690905.522663
1705029600000,40181.85575263756,40293.70031739497,39990.226989462906,40101.84885827685,603.4957392247705,10605564057.741251
1705029900000,40101.84885827685,40202.29298130123,39940.238120812035,40040.52865355661,971.280202103838,10595819196.022121
1705030200000,40040.52865355661,40167.470682230814,39797.57486556237,39924.147927944054,324.981570263664,10547902461.419024
1705030500000,39924.147927944054,40045.45538298653,39693.0072679675,39813.97998341825,370.7223936380567,10521939157.444418
1705030800000,39813.97998341825,39965.8872041322,39548.196635205786,39699.66770609626,801.076322668728,10500381646.835789
1705031100000,39699.66770609626,39806.41686790956,39499.18812409579,39605.68457294527,813.7470608714823,10500053226.645233
1705031400000,39605.68457294527,39661.88000690463,39514.01512201411,39570.16015133307,443.993763027492,10455742352.952734
1705031700000,39570.16015133307,39640.90787450811,39453.16864219731,39523.833537746155,501.5947848118643,10442534443.6318
1705032000000,39523.833537746155,39634.97363831241,39344.457531027234,39455.405212735226,365.9697966989515,10390439449.90531
1705032300000,39455.405212735226,39575.4825339926,39256.546993759584,39376.38382384347,633.7308303815389,10384791229.003687
1705032600000,39376.38382384347,39529.0363275906,39122.19083007476,39274.448154436555,467.033639692983,10357304888.36376
1705032900000,39274.448154436555,39385.786078809615,39063.18462757378,39174.23847059815,431.141088400101,10351788768.140385
1705033200000,39174.23847059815,39219.66208042025,39097.92942325936,39143.317178991114,308.91437952385814,10322975115.083586
1705033500000,39143.317178991114,39247.36043785694,38958.96454163272,39062.793768611766,424.26053644761146,10314683483.64825
1705033800000,39062.793768611766,39178.95748189686,38842.19870893347,38958.05094127751,775.4420595778713,10275556697.932411
1705034100000,38958.05094127751,39028.88893734562,38852.00024345203,38922.77409511277,978.6790716028296,10256533469.447546
1705034400000,38922.77409511277,39019.81215045739,38759.45572674056,38856.328126173925,473.2573004871441,10235071669.779684
1705034700000,38856.328126173925,39023.52354319356,38568.414810490234,38735.08854408107,697.0867110493211,10203334801.13126
1705035000000,38735.08854408107,38799.82453186828,38652.223182884954,38716.928821248956,667.6884289995024,10195861193.353016
1705035300000,38716.928821248956,38844.914572624315,38475.88596473597,38603.49674604482,365.737069174608,10158132596.915796
1705035600000,38603.49674604482,38742.19469876157,38368.27284323525,38506.62273871312,616.8314467628545,10114017804.227892
1705035900000,38506.62273871312,38606.66637595197,38360.09418357674,38460.01673426292,480.13765859891447,10095031462.969208
1705036200000,38460.01673426292,38559.39365906695,38285.96103909475,38385.14450136573,309.4927376465845,10062558698.45261
1705036500000,38385.14450136573,38515.344470946155,38165.43760803544,38295.33294251857,923.9606914109121,10069106532.190598
1705036800000,38295.33294251857,38383.1719820442,38166.7884177608,38254.53387536411,931.5167791440188,10081179267.058302
1705037100000,38254.53387536411,38328.30057282943,38119.94524398919,38193.59443115994,780.0489102565962,10084165426.150757
1705037400000,38193.59443115994,38247.51108650769,38094.413806449294,38148.26647379353,985.0462063195054,10086515008.67244
1705037700000,38148.26647379353,38216.36254036276,38049.94249402775,38117.98450616479,399.1431880744999,10074065040.448887
1705038000000,38117.98450616479,38207.69253264553,37957.536693842376,38047.077846429034,818.7087005903144,10063723655.634537
1705038300000,38047.077846429034,38087.261322317456,37990.74723567238,38030.91363971067,821.0555833763761,10063297659.73922
1705038600000,38030.91363971067,38186.83829125589,37770.674919086305,37926.17012800179,747.1136270132076,10028165934.874176
1705038900000,37926.17012800179,37989.99319062567,37846.056753433535,37909.85235612215,775.1610680031887,10028651735.67169
1705039200000,37909.85235612215,37940.180238007044,37296.395125295385,37864.36053329481,1559.4154774387578,10020986575.630123
1705039500000,37864.36053329481,38099.665579655535,37830.28260881484,38054.00077872106,1874.2161911536532,10066005332.878267
1705039800000,38054.00077872106,38187.8733114943,37825.211037589856,37958.7484763728,921.5964319693816,10037324646.372427
1705040100000,37958.7484763728,38065.69231204487,37771.686876440974,37878.404352997626,995.7605957491173,10028990626.951233
1705040400000,37878.404352997626,37976.95159011169,37690.98553944398,37789.30095862689,664.0544130748879,10026327863.685318
1705040700000,37789.30095862689,37909.31645255574,37584.865918732925,37704.61244941011,603.4217361862438,9989384119.19927
1705041000000,37704.61244941011,37827.45820896373,37510.49941039272,37633.11221434451,854.6383585251754,9957256744.609093
1705041300000,37633.11221434451,37774.23659571787,37402.507890371264,37543.29545840731,649.2489132960372,9922452457.257584
1705041600000,37543.29545840731,37616.3273283616,37425.83548429896,37498.780761120084,405.15942622892794,9917096311.720972
1705041900000,37498.780761120084,37546.82256118175,37438.2827642975,37486.308585552586,765.0242247717438,9894058323.28775
1705042200000,37486.308585552586,37593.44007692631,37292.75751134501,37399.64131779057,859.8495454066151,9871496788.586176
1705042500000,37399.64131779057,37527.38020470868,37153.8858976799,37281.220316363106,498.11210913829075,9866488654.78872
1705042800000,37281.220316363106,37344.14890288588,37165.28873726651,37228.12770647347,514.0750505295632,9852055937.269876
1705043100000,37228.12770647347,37335.895281910445,37049.739201013545,37157.3017502499,300.44919799962213,9834319833.79762
1705043400000,37157.3017502499,37270.61250379309,36954.002758566865,37067.03825464456,498.28587583962303,9812516548.459553
1705043700000,37067.03825464456,37126.1566835154,36985.8440666571,37044.927230530564,838.2197647729843,9785893472.665127
1705044000000,37044.927230530564,37156.12147174254,36834.070970730536,36944.9651653012,489.4682265807015,9753000199.575893
1705044300000,36944.9651653012,36967.196973673264,36916.61592990972,36938.84405487449,709.657385519012,9735731450.627455
1705044600000,36938.84405487449,37063.097457902804,36707.78671641961,36831.679644098374,631.2244374532576,9700359062.67344
1705044900000,36831.679644098374,36951.13383533462,36636.26070250202,36755.46771973275,745.9312541065259,9687976193.484463
1705045200000,36755.46771973275,36873.65290134176,36569.31463676841,36687.280566342095,368.6970876539018,9646507908.186228
1705045500000,36687.280566342095,36793.350614396775,36496.02140663162,36601.844442270936,517.5150604643775,9645311678.040731
1705045800000,36601.844442270936,36690.61072438175,36461.57725995391,36550.21833916026,525.7359315683407,9618472437.571798
1705046100000,36550.21833916026,36637.10859892716,36413.83644549651,36500.60876921227,439.6546652541631,9611750035.696028
1705046400000,36500.60876921227,36629.79969931071,36274.15055724683,36402.99599488556,510.7435860745405,9570055029.289724
1705046700000,36402.99599488556,36537.470592251935,36166.45978665875,36300.5559651236,739.8231791169052,9570278112.132427
1705047000000,36300.5559651236,36375.84200863215,36173.72843398373,36248.90736014881,913.1450353838253,9541039339.423166
1705047300000,36248.90736014881,36325.22393700455,36109.68605152482,36185.86991259513,609.3309319458408,9540635246.081106
1705047600000,36185.86991259513,36309.66603477475,35986.370049942496,36109.9062916294,798.8189537099845,9517140755.580236
1705047900000,36109.9062916294,36194.27379554612,35967.0619233042,36051.292481397126,594.3539654688004,9474309565.933718
1705048200000,36051.292481397126,36124.11696314162,35914.18107463281,35986.87543238209,691.2363724298439,9448972094.693974
1705048500000,35986.87543238209,36017.08356978508,35951.837645388696,35982.04172527665,829.0995187938952,9419220482.854273
1705048800000,35982.04172527665,36043.68577094896,35879.077683610165,35940.65081882812,469.8519587980635,9412902358.683432
1705049100000,35940.65081882812,36005.385728616115,35823.952103084346,35888.593248791185,680.2886860813103,9380699791.340706
1705049400000,35888.593248791185,35954.247740374594,35777.17905953584,35842.749685032606,828.7346213428314,9357139934.79621
1705049700000,35842.749685032606,35931.23366681897,35690.4392923064,35778.7653176959,304.16699218724267,9334974711.530365
1705050000000,35778.7653176959,35842.43477635688,35696.17975220445,35759.81548903849,622.1545270639556,9302419815.812122
1705050300000,35759.81548903849,35868.6537391298,35551.94026359688,35660.4761654238,880.9260024899353,9307396846.190683
1705050600000,35660.4761654238,35716.83428846746,35569.21787294393,35625.52075215199,368.1793434572077,9267191619.465748
1705050900000,35625.52075215199,35726.15297789682,35452.17044871125,35552.59668416831,531.9153175131968,9229203329.997416
1705051200000,35552.59668416831,35688.174512607715,35320.51186235861,35455.72025799387,772.0890995679395,9212305404.876253
1705051500000,35455.72025799387,35489.11024424064,35398.30991782881,35431.67726188122,443.5451147063435,9186142887.376236
1705051800000,35431.67726188122,35557.13887921277,35219.62941134617,35344.783342094546,646.7132568022752,9182688483.454954
1705052100000,35344.783342094546,35458.371626028085,35153.58410316895,35266.92216297079,896.5789870049271,9151119564.946527
1705052400000,35266.92216297079,35356.23658764656,35108.67870109558,35197.818117926974,992.41104092875,9139129852.339308
1705052700000,35197.818117926974,35324.99781445651,34971.34161266651,35098.16122057009,781.4422878659509,9114098289.586628
1705053000000,35098.16122057009,35192.7549008855,34916.23101460965,35010.588676599866,722.6534636015396,9083888221.451109
1705053300000,35010.588676599866,35107.94623756719,34827.18512015926,34924.30273689963,443.0055578986176,9051735287.600864
1705053600000,34924.30273689963,35014.90128620871,34785.11574078844,34875.58791700869,610.6711124889532,8988485679.862583
1705053900000,34875.58791700869,34979.64598332551,34679.81925080822,34783.602861910505,583.190135200349,8882323727.67444
1705054200000,34783.602861910505,34835.60677136057,34737.00697679927,34789.00365138736,889.2045624063148,8890709870.835035
1705054500000,34789.00365138736,34869.957176079166,34668.4495515039,34749.31071127951,776.9243129148401,8897409358.246021
1705054800000,34749.31071127951,34788.647856196134,34703.328813876804,34742.6584282319,602.647589164767,8896450706.829721
1705055100000,34742.6584282319,34786.808461640285,34669.04923597103,34713.161785841716,872.9850703568677,8894106541.808567
1705055400000,34713.161785841716,34754.06451180966,34645.4443881568,34686.31548096328,819.1653042267267,8902158792.658169
1705055700000,34686.31548096328,34751.0142885688,34583.74531711061,34648.37335298947,503.025332112717,8875826482.389109
1705056000000,34648.37335298947,34720.106115485716,34551.76625589619,34623.447414051894,645.0748954500077,8877307541.236
1705056300000,34623.447414051894,34671.10272299284,34551.3483593938,34598.96997787726,788.3568924657898,8885416238.505026
1705056600000,34598.96997787726,34705.408375737774,34410.57490732272,34516.760400089406,597.383069274698,8869869553.852943
1705056900000,34516.760400089406,34632.41373847064,34311.59042151421,34426.9428132352,694.946358893816,8843449194.391596
1705057200000,34426.9428132352,34537.255385284894,34226.00217258641,34336.02341605062,751.5762914366694,8846330007.524273
1705057500000,34336.02341605062,34369.652057019746,34303.005330862725,34336.633385275396,329.84225776550045,8834626965.66387
1705057800000,34336.633385275396,34388.07939088138,34287.642953619674,34339.08546068137,627.5349752433369,8812057487.949905
1705058100000,34339.08546068137,34373.44784461904,34288.65496277795,34323.00125159368,987.2275800319029,8790456351.07873
1705058400000,34323.00125159368,34418.38981171019,34174.48676690349,34269.72727096083,652.2439349259889,8774279652.536951
1705058700000,34269.72727096083,34359.31176867711,34126.595116806755,34216.03926871062,573.4370280737548,8744385081.480352
1705059000000,34216.03926871062,34332.362024431364,34017.44915037509,34133.491271319246,546.3069018658501,8716335516.616282
1705059300000,34133.491271319246,34168.923655243394,34083.36589649243,34118.783012459644,800.6276331921274,8683688911.001677
1705059600000,34118.783012459644,34144.37533535786,34085.823605811536,34111.410398550135,833.8253107734827,8665715172.897575
1705059900000,34111.410398550135,34190.81196940504,33975.68590586859,34054.95606724688,941.3120164538014,8645641661.295675
1705060200000,34054.95606724688,34098.1305838481,33990.83157734736,34033.97950007644,630.2266189760659,8612074120.324036
1705060500000,34033.97950007644,34083.43895302175,33965.42106339894,34014.85272059237,949.1885718322259,8592968095.276455
1705060800000,34014.85272059237,34049.91321534245,33972.98878981832,34008.04226475406,390.5953786405779,8561968292.565473
1705061100000,34008.04226475406,34106.253822780964,33857.55332371178,33955.61347304307,543.6666541482899,8535558801.8914585
1705061400000,33955.61347304307,34000.89101794971,33888.3313533608,33933.57951745787,331.45039245981934,8522596915.612485
1705061700000,33933.57951745787,33951.420338689684,33918.025351036384,33935.865124612326,367.5783087736568,8475902477.54994
1705062000000,33935.865124612326,34053.91217690077,33744.85771714946,33862.65008846341,633.489104558241,8475254143.09416
1705062300000,33862.65008846341,33915.520682448,33803.56760058876,33856.428480622984,865.9888382411583,8479694035.255711
1705062600000,33856.428480622984,33881.37290053056,33822.9304486007,33847.868561812065,929.8560166100323,8489396792.282868
1705062900000,33847.868561812065,33955.74259952156,33675.346717595756,33783.014062328104,829.0697118738577,8488632116.752852
1705063200000,33783.014062328104,33831.74195399817,33694.98118753635,33743.65230465515,728.3325372289023,8458629286.891695
1705063500000,33743.65230465515,33854.5091133826,33563.20581644004,33673.833251139105,351.01718611322275,8447385212.902698
1705063800000,33673.833251139105,33708.76976749101,33635.207977627804,33670.14066292883,888.4755486296237,8423662241.82313
1705064100000,33670.14066292883,33715.707149207265,33637.5085819135,33683.06254469532,789.1080082554872,8394323270.123939
1705064400000,33683.06254469532,33771.5736624731,33552.85661340789,33641.25787841513,701.6457631403786,8365190380.1524105
1705064700000,33641.25787841513,33717.45190559295,33505.92541918472,33581.98519977451,606.2603978454642,8339588546.195829
1705065000000,33581.98519977451,33646.84359802239,33467.18917576082,33531.95094059382,413.46270742896274,8299611707.202799
1705065300000,33531.95094059382,33578.329431924125,33489.140960591765,33535.514901840565,434.6070688978792,8269985325.012795
1705065600000,33535.514901840565,33586.85311465524,33464.89240724634,33516.201053242905,768.0607748578807,8244295091.39641
1705065900000,33516.201053242905,33612.413632264834,33363.22066712204,33459.26981768766,925.3037080441818,8245767365.711528
1705066200000,33459.26981768766,33523.08171042905,33354.798335771426,33418.53253635033,682.6065898324832,8248083695.61902
1705066500000,33418.53253635033,33501.73162653077,33266.42117491425,33349.448272266716,810.9839809717276,8253851008.736923
1705066800000,33349.448272266716,33412.71787333528,33301.63873549436,33364.88620485029,647.3228285692321,8221422829.596281
1705067100000,33364.88620485029,33410.43783679684,33327.36020898854,33372.902824520796,631.6130090549229,8195433199.523507
1705067400000,33372.902824520796,33443.97559705543,33262.28477956506,33333.27315457118,691.0881183847421,8169972969.53673
1705067700000,33333.27315457118,33403.193023486005,33202.91329908002,33272.7061225974,599.2582242029123,8159784580.053798
1705068000000,33272.7061225974,33318.427250721856,33190.797750968624,33236.46908457825,354.7006643491586,8125931400.888578
1705068300000,33236.46908457825,33264.514936405336,33213.176969156295,33241.21949189823,382.5492467664076,8119849973.901188
1705068600000,33241.21949189823,33321.698669870646,33111.02313732089,33191.38165461245,531.643856434373,8094604803.615674
1705068900000,33191.38165461245,33285.459877035144,33047.46961150339,33141.406182589555,945.5913303770419,8084740117.8295355
1705069200000,33141.406182589555,33222.74316611555,33013.44416721103,33094.66644016504,347.5669727527333,8064711555.066057
1705069500000,33094.66644016504,33170.42394129787,33034.268550914436,33109.99807176262,352.34398599041,8057163948.850003
1705069800000,33109.99807176262,33164.15260913767,33042.232445696325,33096.36468437522,952.2663349499787,8044457161.760613
1705070100000,33096.36468437522,33139.50258814309,33032.59034578578,33075.701316856714,339.6537392002279,8035388972.9453945
1705070400000,33075.701316856714,33087.33098096208,33063.458045795414,33075.0874940761,629.6850946236314,8027505037.336176
1705070700000,33075.0874940761,33135.460528863674,33036.385830093874,33096.73353651728,320.9846207692646,8000537795.540711
1705071000000,33096.73353651728,33149.13342255788,33008.970363201486,33061.314172087,534.1788718225033,7968641734.656015
1705071300000,33061.314172087,33088.22367875701,33041.792428119916,33068.697575105296,682.9611433426563,7961005354.202292
1705071600000,33068.697575105296,33121.52767494579,33020.64237630808,33073.46554736482,764.3352891402219,7955827265.618394
1705071900000,33073.46554736482,33128.534982002326,33037.95836666007,33093.00682207568,351.03833126994556,7923804650.319833
1705072200000,33093.00682207568,33189.43729302061,33023.554458626706,33119.928429137915,792.1635812856437,7919554161.234331
1705072500000,33119.928429137915,33146.493169078254,33102.63377176733,33129.193673556285,986.739229779945,7935206546.141372
1705072800000,33129.193673556285,33215.72095121319,33070.75215488146,33157.22997513055,728.7028554868289,7939723227.825166
1705073100000,33157.22997513055,33243.76508150108,33012.88296375327,33099.2667954267,962.6204735832304,7942453744.398792
1705073400000,33099.2667954267,33146.09955121442,33013.93360424764,33060.711807880856,324.9200593502648,7907876431.490248
1705073700000,33060.711807880856,33107.67032205866,32999.22830583366,33046.166159778055,602.0608941787095,7905406039.340454
1705074000000,33046.166159778055,33120.80872170662,32937.268304931065,33011.833318037374,980.0259542422637,7887947424.769014
1705074300000,33011.833318037374,33082.40216223852,32879.62295397156,32950.05974584013,841.5292698687001,7883620760.469136
1705074600000,32950.05974584013,33011.54344635535,32905.47343287029,32966.93429961398,902.2061300692847,7879690958.722421
1705074900000,32966.93429961398,33011.791299972705,32926.61563109967,32971.46708784355,686.7471720093588,7868754893.233285
1705075200000,32971.46708784355,32997.84426151382,32437.92280742806,32931.901327338135,1812.545212371515,7903714832.147452
1705075500000,32931.901327338135,33136.553999651514,32902.26261614353,33096.83779429836,1786.746783787042,7925642200.450768
1705075800000,33096.83779429836,33128.35128770343,33045.92038698517,33077.41538714617,606.5669982328623,7916156948.192472
1705076100000,33077.41538714617,33178.51611489463,33004.08817610616,33105.12747070527,557.3960695136514,7896397173.630589
1705076400000,33105.12747070527,33170.76946353623,32997.88860629852,33063.44795554388,340.5457546317514,7890817849.908843
1705076700000,33063.44795554388,33130.780552798344,32958.82561275674,33026.08211573797,458.98812032599625,7856956009.223948
1705077000000,33026.08211573797,33096.31506966475,32970.072129238586,33040.28100281969,855.226589555683,7851823439.211504
1705077300000,33040.28100281969,33089.30414586512,32988.13648428991,33037.15498914793,310.428991997831,7825523616.757397
1705077600000,33037.15498914793,33100.740702465846,32985.95997333397,33049.526515494836,353.62817302091577,7816856316.765685
1705077900000,33049.526515494836,33109.27380222885,32943.88719641066,33003.55136878381,330.60359969651785,7805104228.034591
1705078200000,33003.55136878381,33059.483248239914,32924.27701309536,32980.16926636338,470.97104116277524,7790377261.388273
1705078500000,32980.16926636338,33039.32922207264,32892.48472866926,32951.59342492317,635.0909557961522,7779000293.02282
1705078800000,32951.59342492317,33006.12627945395,32852.22932093382,32906.68785952381,475.1391988758676,7744296984.295415
1705079100000,32906.68785952381,32935.61546112293,32874.96023638946,32903.885374380756,814.6530394956275,7725257776.172423
1705079400000,32903.885374380756,32967.37477596466,32819.65988549703,32883.109198594335,454.2011023348516,7701532659.178455
1705079700000,32883.109198594335,32956.51616034839,32824.556380331764,32897.93693929035,846.1458838431842,7685813233.754104
1705080000000,32897.93693929035,32956.527421141094,32813.18647823875,32871.730286633654,668.7909314415226,7675630414.554585
1705080300000,32871.730286633654,32934.04010240131,32781.26283181902,32843.51917217394,652.411781795805,7670632318.425976
1705080600000,32843.51917217394,32934.34804850172,32704.052769409358,32794.74676546215,793.85117266621,7664268744.314815
1705080900000,32794.74676546215,32827.5699350211,32769.553370189584,32802.37068294567,442.48845456864274,7645929175.837647
1705081200000,32802.37068294567,32886.968749213316,32678.252922313146,32762.748802843336,461.37514869464513,7612107196.545453
1705081500000,32762.748802843336,32818.254476614544,32727.587360728652,32783.07122419187,560.6729895430619,7589322507.750468
1705081800000,32783.07122419187,32851.47427026432,32742.816299522,32811.1848243975,984.5367905838316,7592477647.746523
1705082100000,32811.1848243975,32877.30913800046,32762.059703135437,32828.15860348495,617.6340897912642,7565434371.759963
1705082400000,32828.15860348495,32894.465318276794,32721.845631355376,32788.07137747963,323.62932852811366,7531920807.206022
1705082700000,32788.07137747963,32833.22302472827,32719.473722755352,32764.5930385605,879.0251953569616,7512937930.741029
1705083000000,32764.5930385605,32824.143323559,32663.094988787885,32722.568894086595,726.8234079238428,7515850253.285567
1705083300000,32722.568894086595,32764.174435946225,32679.782398867606,32721.386437276924,569.2642749161557,7489822718.441373
1705083600000,32721.386437276924,32781.00333855921,32616.857019690928,32676.391943018905,429.0987578179537,7454319829.948332
1705083900000,32676.391943018905,32691.550447498637,32654.662450346877,32669.817905145275,513.603650941806,7421111439.295753
1705084200000,32669.817905145275,32699.405678044306,32644.941202619804,32674.5253909649,318.19447157560137,7386838697.946724
1705084500000,32674.5253909649,32739.596426940418,32621.221672159183,32686.27354273991,945.8890779294841,7397978955.551126
1705084800000,32686.27354273991,32807.68777667039,32606.458155967543,32727.77105866858,713.6710386841066,7400010750.239255
1705085100000,32727.77105866858,32802.26168936972,32680.57760927668,32755.02893411848,880.4676185181094,7398226832.55344
1705085400000,32755.02893411848,32782.40663550968,32723.633161640322,32751.007501789692,810.4582939296702,7391902364.298216
1705085700000,32751.007501789692,32811.91290184649,32716.171135859942,32777.04883644937,376.44714331109753,7359528495.490209
1705086000000,32777.04883644937,32819.60819440644,32726.86582748568,32769.41527364338,774.5786674409578,7350470833.952697
1705086300000,32769.41527364338,32891.087435650166,32686.909276582446,32808.48307467732,624.4517758241632,7352666857.769724
1705086600000,32808.48307467732,32860.290888564945,32768.118253344255,32819.912006027924,663.239002839256,7338710460.7625475
1705086900000,32819.912006027924,32869.97796656132,32741.40424678056,32791.426753769185,821.943709215739,7318678716.452798
1705087200000,32791.426753769185,32897.191985210025,32732.712466687575,32838.393602213844,310.62838954098584,7288253511.005419
1705087500000,32838.393602213844,32952.856575481805,32759.183749371947,32873.56189281671,359.8758071598728,7263434277.244593
1705087800000,32873.56189281671,32920.094778073995,32808.50978900851,32855.01642295101,536.272647230013,7235324848.065299
1705088100000,32855.01642295101,32889.67607222123,32816.54073556949,32851.1963549462,553.1864068517323,7230339234.408581
1705088400000,32851.1963549462,32934.084473541414,32791.06578181185,32873.912321279764,867.1816478676702,7217706084.474062
1705088700000,32873.912321279764,32921.676853070014,32844.29896936282,32892.04716499254,697.9087528775894,7193965164.727267
1705089000000,32892.04716499254,32918.786654837015,32855.59512521077,32882.3267128432,425.1490772565162,7173498178.339053
1705089300000,32882.3267128432,32915.70465444581,32853.672421328614,32887.04625023563,626.5076505087511,7159217000.656689
1705089600000,32887.04625023563,33022.34461014804,32806.69975678921,32941.86419073989,891.0277313711188,7119284902.686387
1705089900000,32941.86419073989,32969.32910147464,32895.85408930803,32923.30352529561,957.1839806115837,7078358160.714866
1705090200000,32923.30352529561,32966.30767204761,32868.0088047538,32910.99687666314,519.8185739465453,7052267937.543535
1705090500000,32910.99687666314,32957.49834007201,32831.723550710056,32878.17864372596,836.1837808096036,7064440563.918526
1705090800000,32878.17864372596,32930.45265636082,32814.511945919774,32866.76781613404,389.05573605890004,7060123432.210282
1705091100000,32866.76781613404,32927.10256928009,32830.43010164796,32890.73835281113,732.5645130811981,7059122732.372776
1705091400000,32890.73835281113,32934.69645514852,32813.96129502022,32857.87547649257,326.9512446893665,7049318754.442076
1705091700000,32857.87547649257,32958.85118578329,32787.16842540573,32888.07913926095,705.9235008219935,7039032735.940064
1705092000000,32888.07913926095,32955.673530710585,32787.84621189828,32855.373383683436,342.56900747263916,7003138380.874635
1705092300000,32855.373383683436,32940.35913603477,32804.51453858732,32889.44754545635,480.21155231656667,6983965357.854859
1705092600000,32889.44754545635,32991.92364399318,32818.032771507365,32920.441570910676,547.3345292978655,6962823988.14223
1705092900000,32920.441570910676,33021.66103780863,32854.71236042329,32955.861108396355,544.8107553751352,6965466255.388218
1705093200000,32955.861108396355,33007.45168875932,32876.865563124586,32928.41317526422,657.724862204605,6967782291.48628
1705093500000,32928.41317526422,32959.08900646338,32886.530904640094,32917.19628628035,559.9515533476806,6964749616.798828
1705093800000,32917.19628628035,33034.46818977918,32847.10320571813,32964.27486123962,749.3209190557354,6951114273.875773
1705094100000,32964.27486123962,33082.341397935284,32899.16745500777,33017.129598845204,528.5783791905396,6938424765.24009
1705094400000,33017.129598845204,33126.50432878987,32952.54808171599,33061.83536716208,585.6962861729753,6925365899.766108
1705094700000,33061.83536716208,33150.5979379261,33004.83820553699,33093.54610836677,981.4508401292869,6927357707.308443
1705095000000,33093.54610836677,33164.98588311502,33051.35229493387,33122.75482896747,331.22740390606845,6917874911.605622
1705095300000,33122.75482896747,33286.47373019926,33019.554848179854,33183.08577734394,317.87470038505245,6885271817.753606
1705095600000,33183.08577734394,33279.779096788974,33115.36247008354,33211.99678509859,657.5572997408924,6874019083.820128
1705095900000,33211.99678509859,33332.0142820168,33138.59158587829,33258.50628743292,707.0405490621042,6857626708.471894
1705096200000,33258.50628743292,33280.62139349234,33239.83612256743,33261.94929584207,881.5087386062769,6844187406.182099
1705096500000,33261.94929584207,33324.7731834832,33171.99343166686,33234.7659765023,566.7627642588934,6822553683.528983
1705096800000,33234.7659765023,33383.76063291717,33155.4638609495,33304.29261850407,354.118008695823,6806505494.419979
1705097100000,33304.29261850407,33447.878772935466,33224.75770414288,33368.19126043709,652.4471208339115,6793909445.011644
1705097400000,33368.19126043709,33453.520176006896,33311.23803148043,33396.51859761148,592.6560824906614,6798785810.797559
1705097700000,33396.51859761148,33526.66740201875,33311.17761334573,33441.21220834165,669.4294792320123,6797931707.35991
1705098000000,33441.21220834165,33490.0318245082,33369.24936539184,33418.03514620368,667.1136495786548,6775428463.984612
1705098300000,33418.03514620368,33468.22434850015,33384.20968021421,33434.38233601684,885.2062583168641,6785522407.355706
1705098600000,33434.38233601684,33454.79168978314,33415.93938771172,33436.347657374834,470.15133991319055,6776113538.424187
1705098900000,33436.347657374834,33557.703820242845,33365.117548235256,33486.36715358656,619.0748216239472,6771354244.335874
1705099200000,33486.36715358656,33594.96821133175,33426.44252799273,33534.95663374361,468.7325336896273,6763319327.752785
1705099500000,33534.95663374361,33672.33540162651,33445.266336072695,33582.51789985149,553.3168118877936,6753589613.951214
1705099800000,33582.51789985149,33629.0464008715,33545.712251745215,33592.23010841355,940.2448583663098,6753860784.792088
1705100100000,33592.23010841355,33704.4969197303,33520.58231989978,33632.76268059536,614.2776150287159,6744375835.98396
1705100400000,33632.76268059536,33697.235170076296,33585.68618558761,33650.13435955912,878.7487424218765,6741373847.757254
1705100700000,33650.13435955912,33690.38035252137,33598.09553837513,33638.327410074126,843.5137900448293,6753947744.766286
1705101000000,33638.327410074126,33702.95658933582,33590.858963879895,33655.4639610401,396.6981077483442,6730155031.105985
1705101300000,33655.4639610401,33679.214907735644,33634.43063747369,33658.17988682387,519.691037256828,6728087543.262637
1705101600000,33658.17988682387,33696.80577607278,33604.68185597298,33643.290658448685,988.2734254291579,6717047085.12752
1705101900000,33643.290658448685,33746.57710492463,33575.548570955216,33678.76359128726,840.8514830371212,6726694012.029787
1705102200000,33678.76359128726,33858.49858558027,33567.9314646143,33747.44045290784,310.85857612445693,6705984016.9797535
1705102500000,33747.44045290784,33774.47025758922,33710.803956235366,33737.8260603282,688.20514528429,6689437454.883094
1705102800000,33737.8260603282,33920.3807729564,33628.255686136996,33810.57413476516,388.4785660253551,6680523364.041421
1705103100000,33810.57413476516,33852.378917644375,33751.25223350483,33793.03533068615,783.0325954918186,6666078349.876055
1705103400000,33793.03533068615,33965.01388092051,33701.09126779481,33872.85265112898,906.8159920760748,6663678258.855152
1705103700000,33872.85265112898,34063.04048514624,33756.11965717687,33946.05521970454,548.0574398429475,6644436398.31069
1705104000000,33946.05521970454,34018.012114325546,33895.35445144095,33967.2796459216,798.3884580833787,6635269790.404251
1705104300000,33967.2796459216,34017.840074728774,33909.542699395606,33960.09243000374,928.8477244648958,6644107432.657595
1705104600000,33960.09243000374,34074.88097206942,33886.782344525665,34001.48153939203,995.893872570438,6643597978.675357
1705104900000,34001.48153939203,34052.26222591721,33936.88337874621,33987.6433982217,548.4703426431367,6619701538.570199
1705105200000,33987.6433982217,34066.690274270986,33936.40411245761,34015.4091292873,614.8276002592461,6608828757.311593
1705105500000,34015.4091292873,34169.4090751253,33929.189086384344,34083.017662517115,633.9742331957787,6617153280.027637
1705105800000,34083.017662517115,34100.74969008872,34061.8750535776,34079.605305836834,836.1689993194542,6611991248.968954
1705106100000,34079.605305836834,34278.90084450555,33957.53557636416,34156.55548719806,358.6526439084073,6605599679.476603
1705106400000,34156.55548719806,34338.82436183288,34049.95886542544,34231.992314945506,558.9117360989374,6584724182.953806
1705106700000,34231.992314945506,34356.048539246825,34158.80321667959,34282.75091745961,607.0109287180422,6566604898.923406
1705107000000,34282.75091745961,34387.467958699155,34214.90391521611,34319.548133222,961.3376694999965,6583451485.142519
1705107300000,34319.548133222,34343.778920887904,34290.199923885775,34314.42709592227,538.782047732186,6579272707.006645
1705107600000,34314.42709592227,34445.17772841663,34227.201281091424,34357.84155587431,705.8797445577347,6582675462.176647
1705107900000,34357.84155587431,34528.029010271835,34260.61890899718,34430.60047691967,525.9600510362343,6574325944.693926
1705108200000,34430.60047691967,34483.01673724401,34397.27273819092,34449.670539294464,400.2375925284184,6553075521.073911
1705108500000,34449.670539294464,34628.58195861583,34341.69611393614,34520.38589254189,992.4437613166081,6562397842.060167
1705108800000,34520.38589254189,34566.436116532044,34483.1610515209,34529.201768966166,702.5964760460602,6558402897.580482
1705109100000,34529.201768966166,34642.68826785488,34466.99100761313,34580.38528989553,499.3536697023718,6534237351.26188
1705109400000,34580.38528989553,34598.946437355364,34561.96484310653,34580.52591565715,607.2417211275051,6535989901.425366
1705109700000,34580.52591565715,34759.88484699961,34481.51764626948,34660.64718064421,942.3851458847546,6553658117.979283
1705110000000,34660.64718064421,34882.25296185814,34530.88007309993,34752.14329906446,947.1610967976765,6554732492.455284
1705110300000,34752.14329906446,34882.21393996571,34680.75281684605,34810.70315965086,444.79017843689326,6555413021.607382
1705110600000,34810.70315965086,35003.63243095356,34695.11901224919,34887.79231960922,319.14508729334227,6553650563.761469
1705110900000,34887.79231960922,35103.99888678524,34756.26691057361,34972.15543260527,677.8808249275471,6559412088.962874
1705111200000,34972.15543260527,35000.13315695135,34406.23601339485,34930.188846086145,1205.332085420882,6571949699.530865
1705111500000,34930.188846086145,35147.259716689914,34898.751676124666,35105.1335564222,1423.1995748921222,6587487946.818053
1705111800000,35105.1335564222,35176.89836185797,35045.91386948715,35117.657547903036,699.8156137656554,6595244556.634531
1705112100000,35117.657547903036,35284.18983738645,35019.99959337091,35186.340882814286,881.7264707214725,6607619845.514416
1705112400000,35186.340882814286,35244.231079902405,35151.57439494881,35209.44176679899,794.4255399959427,6598338756.649869
1705112700000,35209.44176679899,35398.7451107515,35102.00532058292,35291.05961963111,602.5861639177715,6601926538.481549
1705113000000,35291.05961963111,35376.06386855275,35226.74167442336,35311.70829114757,995.1540752866658,6616030659.427809
1705113300000,35311.70829114757,35465.32166691681,35228.985777276146,35382.43346962646,547.6048138927575,6618957587.165492
1705113600000,35382.43346962646,35427.24347050386,35339.64968870631,35384.4572424752,809.153113156894,6628495401.566229
1705113900000,35384.4572424752,35470.66899768638,35327.07102640744,35413.236108295336,493.27562091816094,6632931308.36663
1705114200000,35413.236108295336,35565.20860045785,35322.89006728654,35474.70573848773,843.931899606153,6643113195.974692
1705114500000,35474.70573848773,35635.5938820854,35384.10304860474,35544.81213987732,947.3109865698948,6652327687.295572
1705114800000,35544.81213987732,35674.81160533163,35456.4250277943,35586.321275019014,855.9381795295161,6656239797.225931
1705115100000,35586.321275019014,35688.65125292428,35513.661821358095,35615.93134200863,762.7912989731469,6668536889.655212
1705115400000,35615.93134200863,35804.61399682375,35517.39124843303,35705.82519016175,744.1480088166858,6671101548.009985
1705115700000,35705.82519016175,35721.4409367589,35687.60067119925,35703.21527636494,563.3463398402956,6662451268.423914
1705116000000,35703.21527636494,35935.52404763453,35569.2499760149,35801.19112314644,485.7002327522694,6655638620.364228
1705116300000,35801.19112314644,35870.59218408636,35745.4385997571,35814.81843913346,813.4924795307851,6645883133.057253
1705116600000,35814.81843913346,35886.83293504492,35770.97981951076,35842.95986930448,913.1047633446618,6665636898.161224
1705116900000,35842.95986930448,36088.26592126462,35698.49112713041,35943.392375528,824.6121834958519,6680516323.470547
1705117200000,35943.392375528,35954.53767786635,35931.19189436733,35942.33686941507,690.4160129118861,6673529024.569494
1705117500000,35942.33686941507,36000.228105941394,35905.96677294463,35963.836254216076,592.7115438996789,6662616196.0652485
1705117800000,35963.836254216076,36043.09394675,35912.424882149404,35991.64282436543,708.7292690895575,6670555622.468303
1705118100000,35991.64282436543,36157.319837634765,35894.84052086167,36060.33278717017,759.8586765530307,6678131430.437717
1705118400000,36060.33278717017,36119.9952675848,36020.41339368364,36080.05404233788,462.32533613240236,6680372666.926137
1705118700000,36080.05404233788,36172.86213215864,36019.56844630371,36112.32244049332,857.7223236934784,6686392983.625659
1705119000000,36112.32244049332,36222.196389177196,36046.07614692303,36155.87020934966,636.6713367908601,6691069901.376183
1705119300000,36155.87020934966,36191.8533912822,36131.82935394956,36167.804600435695,916.6266324205166,6707332650.497664
1705119600000,36167.804600435695,36355.31375726591,36064.31912086351,36251.58855006019,978.5535001234788,6730714835.819509
1705119900000,36251.58855006019,36363.060154315,36177.85766396573,36289.25266444568,381.0734258840688,6727970903.815708
1705120200000,36289.25266444568,36417.0566153132,36214.832674900565,36342.52737294642,379.4754053898528,6711552287.864405
1705120500000,36342.52737294642,36538.9355456576,36225.447466262965,36421.60089827131,841.5772469156981,6704110974.061023
1705120800000,36421.60089827131,36576.90327067672,36322.79843650741,36477.947953803145,642.4220645482924,6709156171.740155
1705121100000,36477.947953803145,36593.57915965856,36411.38891660455,36526.930746612044,503.6511651243769,6700551287.493706
1705121400000,36526.930746612044,36693.231834411396,36420.71338526271,36586.84026103789,847.9795261197096,6705725333.5801325
1705121700000,36586.84026103789,36650.81131834144,36534.261618060766,36598.21632691493,483.1236770189727,6709288068.664537
1705122000000,36598.21632691493,36702.73780052079,36533.7367291282,36638.1877800883,609.3660823824964,6707862041.803813
1705122300000,36638.1877800883,36784.39567320585,36541.42861615068,36687.50626223942,487.82206356416475,6707292914.431217
1705122600000,36687.50626223942,36882.146544094976,36579.163655642704,36773.54984049091,872.9672091598807,6727515094.149685
1705122900000,36773.54984049091,36879.73663502648,36707.773029234835,36813.88767153298,700.7539876769139,6717929190.434021
1705123200000,36813.88767153298,36880.57218484589,36772.323558674405,36838.97974219867,737.7005538137325,6709470586.008538
1705123500000,36838.97974219867,37097.60240115826,36692.650558921705,36950.828938434635,530.7789235595668,6699290435.502306
1705123800000,36950.828938434635,37108.396278897635,36867.992129381455,37025.392312782475,805.5601046590684,6691538809.2411585
1705124100000,37025.392312782475,37231.15689184108,36916.94460357874,37122.42497309703,793.3113644518081,6705773916.989561
1705124400000,37122.42497309703,37384.26357549157,36970.937450290985,37232.32756712105,687.0259332986575,6700204017.920336
1705124700000,37232.32756712105,37426.94134475206,37119.834825337944,37314.20123210455,553.4684261294519,6689630756.163757
1705125000000,37314.20123210455,37391.405722062496,37268.371971832305,37345.537974038816,674.9891681735843,6686503431.252797
1705125300000,37345.537974038816,37575.301365996216,37221.95805894343,37451.37123862485,860.8997763170519,6689359066.734681
1705125600000,37451.37123862485,37698.63702939076,37316.745808384156,37563.60814418433,450.93056847949185,6647251376.050338
1705125900000,37563.60814418433,37799.789970826714,37420.751472379896,37656.57972249155,325.2524807441039,6588177847.623764
1705126200000,37656.57972249155,37732.62393026059,37593.556502416446,37669.5789542679,371.7645112503284,6567199413.074855
1705126500000,37669.5789542679,37811.3362138137,37584.037464343346,37725.66735624646,409.86185445012745,6544943902.573288
1705126800000,37725.66735624646,37834.961564923244,37662.07987954133,37771.297178107896,840.6881442788915,6551603632.236367
1705127100000,37771.297178107896,37871.10962389379,37711.47078177607,37811.21999335118,386.549981453248,6543467775.917069
1705127400000,37811.21999335118,38051.33103276518,37672.70269117367,37912.44291140938,391.83523262148435,6526160505.555449
1705127700000,37912.44291140938,38126.43761155776,37795.66179473088,38009.3579689134,359.4416406271529,6515447707.765057
1705128000000,38009.3579689134,38092.96825153111,37947.30123010967,38030.87638026253,833.6701945427594,6531959931.378162
1705128300000,38030.87638026253,38160.987868848715,37961.73648496633,38091.73732872902,881.1760632633311,6536847524.355136
1705128600000,38091.73732872902,38272.46898914233,37994.19808332653,38174.717261961945,815.1113786677796,6535806106.187313
1705128900000,38174.717261961945,38401.6436246887,38053.15379111981,38279.74570155537,723.9841066413533,6544949806.3984785
1705129200000,38279.74570155537,38403.38875248824,38206.70908118613,38330.25576042356,658.6489418181654,6551057937.162875
1705129500000,38330.25576042356,38386.01560266461,38292.24896865103,38347.99122509466,441.8666852248866,6556838755.419848
1705129800000,38347.99122509466,38477.57438127546,38264.319890154904,38393.80308960428,629.9802471966036,6562556111.359559
1705130100000,38393.80308960428,38504.51297108828,38332.50433850974,38443.13545695742,976.8204307886324,6569056361.308282
1705130400000,38443.13545695742,38635.083994782595,38332.28457835312,38523.99994322702,935.3660299779149,6587007015.6135025
1705130700000,38523.99994322702,38699.56789886677,38426.8080770828,38602.17879597137,312.04877268677774,6572838854.633744
1705131000000,38602.17879597137,38777.335155166526,38501.720006129544,38676.68247602181,560.9163666806389,6571284182.579651
1705131300000,38676.68247602181,38851.13883848437,38583.170933230365,38757.43206130837,456.84260207798803,6561573176.560947
1705131600000,38757.43206130837,39046.40653248029,38600.09506818079,38888.53731352992,462.48088339686166,6566031888.152969
1705131900000,38888.53731352992,39045.29271311702,38793.20573912913,38949.81093223012,749.9729955004668,6576301188.792341
1705132200000,38949.81093223012,39110.297806164795,38846.8261844419,39007.161421551216,983.0721993635906,6595432281.674392
1705132500000,39007.161421551216,39083.00570887239,38961.39487501877,39037.20391391185,905.3794001003004,6614728099.005561
1705132800000,39037.20391391185,39210.11390181684,38941.08465038969,39113.806024927006,398.9313958751898,6611739227.522792
1705133100000,39113.806024927006,39328.06131963694,38991.79784708148,39205.76628900478,806.1226896029339,6616487892.5738
1705133400000,39205.76628900478,39398.08592077742,39100.33486017367,39292.42146044596,837.1859352692397,6616282445.389149
1705133700000,39292.42146044596,39415.25981816303,39219.776661692056,39342.52239157089,536.5079364480555,6615340851.054999
1705134000000,39342.52239157089,39442.694257708215,39280.944535592454,39381.05608982355,695.7186521523524,6613893708.755703
1705134300000,39381.05608982355,39527.61756284543,39303.773438753175,39450.19922306655,783.2781370465227,6623366958.662666
1705134600000,39450.19922306655,39717.83877183884,39293.84354330276,39561.04377426444,681.9121148427637,6625468676.459197
1705134900000,39561.04377426444,39718.11179958933,39463.15020488224,39620.072164803045,525.2865703624518,6616447874.804511
1705135200000,39620.072164803045,39865.824649053415,39481.191491886864,39726.5706657753,901.057037098553,6635356995.674996
1705135500000,39726.5706657753,40020.835702051285,39573.79544628682,39867.51844413827,373.53071345382494,6625834134.336542
1705135800000,39867.51844413827,40107.16528110695,39734.89909481912,39974.191085115905,829.8206941003887,6629301417.740784
1705136100000,39974.191085115905,40103.90024074609,39887.441616496326,40017.0577456032,416.3378815215627,6635079315.356458
1705136400000,40017.0577456032,40224.60693175945,39886.07040460398,40093.36979945664,327.3433634627758,6625955482.785691
1705136700000,40093.36979945664,40260.10558774269,40001.971349771,40168.53578666568,862.2075413704839,6629174856.55147
1705137000000,40168.53578666568,40379.377767447324,40041.17828974924,40251.75641300026,682.9595349185403,6643548596.550097
1705137300000,40251.75641300026,40420.535619151975,40156.26150992051,40324.8672649153,604.8355817572848,6649027540.347879
1705137600000,40324.8672649153,40499.38938880534,40211.35234717436,40385.70321723045,773.6782117916296,6652898103.866406
1705137900000,40385.70321723045,40601.663320089516,40258.919374612255,40474.60040033328,560.1422689457779,6659854091.013964
1705138200000,40474.60040033328,40699.71207367953,40354.71576225911,40579.51667652006,666.2758684122317,6664033303.781224
1705138500000,40579.51667652006,40720.11035950394,40490.268733104844,40630.74973743466,800.132360010425,6664923700.109973
1705138800000,40630.74973743466,40831.354869508985,40520.3814966977,40720.74217581048,624.0161161678432,6655403396.1731615
1705139100000,40720.74217581048,41057.701584345414,40525.87794634763,40862.16061390246,804.0911800960494,6660833111.718379
1705139400000,40862.16061390246,41141.325481754524,40715.41073420001,40994.10175665244,667.064917836763,6662878315.668598
1705139700000,40994.10175665244,41262.9093616951,40855.57635805172,41123.94520204687,591.4120601524266,6671727852.603955
1705140000000,41123.94520204687,41229.10434128145,41065.63203704847,41170.72484342192,983.8832937473185,6690937526.896879
1705140300000,41170.72484342192,41322.52550094806,41086.140332471856,41237.80317876897,785.8316202885917,6703058042.5302
1705140600000,41237.80317876897,41453.57089441747,41117.743761445614,41333.233641591774,342.77545241624813,6686291519.623139
1705140900000,41333.233641591774,41524.25044806021,41229.82120547658,41420.619379835276,545.3169550406967,6681881301.310626
1705141200000,41420.619379835276,41638.63084494019,41301.99612697925,41519.72377003337,740.1752271495061,6691675592.940347
1705141500000,41519.72377003337,41833.416230179,41352.178950960726,41665.28403081231,874.528101370167,6697808982.69294
1705141800000,41665.28403081231,41981.200947076846,41488.84189471681,41804.17066057745,514.0252244255867,6690883554.725201
1705142100000,41804.17066057745,42051.2954278296,41666.49251482331,41913.258013031875,478.32456896289136,6693502686.285062
1705142400000,41913.258013031875,42153.45698187595,41772.55190086615,42012.41798187568,354.23328813051717,6686050166.528357
1705142700000,42012.41798187568,42159.172589680515,41916.479297521575,42063.11812752775,495.9898734452402,6679636710.710865
1705143000000,42063.11812752775,42206.79251888036,41984.55291934951,42128.10592692897,857.819136721063,6695155277.899571
1705143300000,42128.10592692897,42388.37165527056,41974.5905947587,42234.46873572687,531.1121329885646,6693661638.119538
1705143600000,42234.46873572687,42534.0574169379,42065.70529771024,42364.773298853055,494.06625313059396,6688786501.786312
1705143900000,42364.773298853055,42689.08414636889,42176.533977561674,42500.24289327137,767.9478394721509,6710098798.813375
1705144200000,42500.24289327137,42704.76602925047,42389.56661954553,42593.8460006088,848.3554412594566,6724684542.687712
1705144500000,42593.8460006088,42927.63018393193,42420.68543224918,42753.81926197755,862.3476798120631,6727668586.0663395
1705144800000,42753.81926197755,42876.45046609983,42684.04336934865,42806.58845210427,912.2298628104687,6744365812.613335
1705145100000,42806.58845210427,43013.02372136731,42676.19399844147,42882.39834089189,336.5324310651603,6739176386.506195
1705145400000,42882.39834089189,43114.78826588899,42750.75635333598,42982.83794508595,765.3895603878971,6753427640.078909
1705145700000,42982.83794508595,43171.70183078751,42871.30326297963,43059.96700913594,382.10754743621516,6742564737.9747925
1705146000000,43059.96700913594,43303.67704541822,42924.22747712209,43167.5982235329,569.8709010658504,6738721738.694794
1705146300000,43167.5982235329,43386.778066936335,43045.753718606735,43264.6595973809,665.389993204775,6735453270.884397
1705146600000,43264.6595973809,43529.212301136504,43105.32078328756,43369.48741811773,889.5338546464559,6752582778.370842
1705146900000,43369.48741811773,43749.34865116662,43151.02106670688,43530.07337554901,883.5234537304619,6758756109.665805
1705147200000,43530.07337554901,43564.89743424944,42825.66972818587,43477.83728749835,1871.9008829429342,6826858927.527495
1705147500000,43477.83728749835,43748.02683710405,43438.707233939596,43695.59212655218,1841.0841541408731,6888845655.031051
1705147800000,43695.59212655218,44022.30453723068,43510.196365674004,43836.311718057426,690.5335592466108,6907868801.137337
1705148100000,43836.311718057426,44053.49524361431,43714.310638825875,43931.22999680132,317.70688821596576,6909351967.6058445
1705148400000,43931.22999680132,44137.16594088954,43811.70095965875,44017.40244389621,769.0273682936586,6921750934.883886
1705148700000,44017.40244389621,44306.94234515826,43862.82087583788,44151.88848518831,691.8558158979295,6922978386.548311
1705149000000,44151.88848518831,44553.00766182157,43922.47153192732,44322.70314113629,567.7201908971674,6916667635.805049
1705149300000,44322.70314113629,44497.12875075583,44211.25489535864,44385.52254726987,307.47069520566805,6902306409.54484
1705149600000,44385.52254726987,44619.04765626767,44250.46265503027,44483.68905496282,303.9301768715075,6891249745.128793
1705149900000,44483.68905496282,44659.851690541225,44388.734081145994,44564.72373991982,558.2071985383702,6904306000.527829
1705150200000,44564.72373991982,44770.805670805436,44432.69412777813,44638.55731573079,724.7420898908338,6906742345.148611
1705150500000,44638.55731573079,44751.64743642746,44570.21854223119,44683.24025620659,635.1144081265167,6908541740.440517
1705150800000,44683.24025620659,44822.23928392592,44590.67412289147,44729.57715873839,477.12656775058565,6906279164.010098
1705151100000,44729.57715873839,45040.3858733548,44543.89525635588,44854.186690541974,876.3279961146305,6925226715.842317
1705151400000,44854.186690541974,45228.20548678391,44638.10710733976,45011.3686983964,998.0621041751085,6956286645.975966
1705151700000,45011.3686983964,45300.822164932564,44849.127812513,45138.124395440114,631.4138913523793,6970212712.913369
1705152000000,45138.124395440114,45508.91873477074,44928.25775716134,45298.30733680458,865.2014797383629,6983662396.099569
1705152300000,45298.30733680458,45403.485510893166,45240.43483945028,45345.55265356892,925.9855948337713,6994691738.215793
1705152600000,45345.55265356892,45521.115033480266,45233.285134955004,45408.6911950738,909.6392549251033,7013185555.70976
1705152900000,45408.6911950738,45561.73595097421,45316.258167582055,45469.17979409492,892.0621945232058,7026701023.696997
1705153200000,45469.17979409492,45614.06222138735,45374.85262777797,45519.63039380027,343.62783074353325,7020744983.032452
1705153500000,45519.63039380027,45671.28112599112,45424.45209388815,45575.98499263301,988.3823998034231,7044712724.878982
1705153800000,45575.98499263301,45758.522247868845,45463.45468316028,45645.819512060516,311.67211780596887,7035903025.091297
1705154100000,45645.819512060516,46018.52998621908,45432.03923675554,45804.00883786194,521.5361999602283,7039852531.018087
1705154400000,45804.00883786194,46146.2415448852,45603.72958536625,45945.344299307944,710.7932426444804,7060721173.61209
1705154700000,45945.344299307944,46332.4877127646,45733.346210645424,46119.685191433884,958.381613084277,7092205028.422573
1705155000000,46119.685191433884,46376.22786978595,45963.79027916026,46219.99389153783,768.7488223838685,7110090600.154039
1705155300000,46219.99389153783,46382.73038491454,46111.186758858836,46273.79659454152,651.0679856185598,7108879761.32701
1705155600000,46273.79659454152,46580.645901827214,46113.66621572844,46420.00955336809,610.3792096015505,7125710957.0390215
1705155900000,46420.00955336809,46607.94273491012,46315.961032151434,46503.70661022075,653.8260816520159,7144450184.6175375
1705156200000,46503.70661022075,46694.27243902407,46383.0255948537,46573.41053612855,886.5017880407196,7154221042.434812
1705156500000,46573.41053612855,46690.60041594658,46502.54339463318,46619.66289582784,545.4793444454685,7168416819.960556
1705156800000,46619.66289582784,46848.563347172516,46484.79349846695,46713.422705272074,787.4045294543107,7184372290.9866085
1705157100000,46713.422705272074,47000.34654745519,46552.52859837832,46839.019848833595,381.38318317091284,7191612363.010242
1705157400000,46839.019848833595,47008.03611936445,46729.39429578228,46898.27188839828,429.9612225759841,7194116145.822664
1705157700000,46898.27188839828,47222.348435406806,46704.63632306841,47028.17651437178,836.7057980487874,7210880258.279155
1705158000000,47028.17651437178,47367.03492478902,46848.20944810909,47186.46213233392,562.170691208872,7212127887.459776
1705158300000,47186.46213233392,47354.67084947415,47077.201582405854,47245.27412001859,472.71248262709094,7222844404.389921
1705158600000,47245.27412001859,47624.245549336265,47033.228924777664,47411.45450695508,931.0354389638463,7240749747.632368
1705158900000,47411.45450695508,47614.11031997185,47283.98518414879,47486.43939455829,392.9143705765973,7226717977.029329
1705159200000,47486.43939455829,47647.50808583078,47381.105278832474,47542.05061365494,424.60282515938854,7222742697.870847
1705159500000,47542.05061365494,47706.15004916021,47446.31450547449,47610.276553427764,458.1722660712353,7212694374.289738
1705159800000,47610.276553427764,47821.05015753959,47474.99550642219,47685.555211845225,423.978461217096,7222169934.16796
1705160100000,47685.555211845225,47916.83805688241,47545.320650582,47776.33652425939,485.1816003373894,7225454329.233724
1705160400000,47776.33652425939,48057.501378838984,47614.58913631809,47895.35106567149,544.2014376868261,7219166594.693381
1705160700000,47895.35106567149,48213.81053234762,47718.66998726167,48036.60837010969,741.7184850642675,7227067795.361238
1705161000000,48036.60837010969,48387.27454376452,47855.73142301019,48205.760670936776,884.3069345478422,7239953513.592997
1705161300000,48205.760670936776,48457.538687115106,48059.651403040545,48311.1101102972,447.46395793280703,7238927932.355501
1705161600000,48311.1101102972,48644.56660096982,48129.779081845765,48462.666719602945,867.6358258531423,7221285318.132652
1705161900000,48462.666719602945,48816.68896959076,48275.09814522754,48628.47864130717,789.757678493435,7200554364.050594
1705162200000,48628.47864130717,48934.70259293755,48446.522611272,48752.2833156925,856.006520899125,7222222967.916866
1705162500000,48752.2833156925,48935.05383581885,48633.47730373029,48816.09232562185,480.7496946512046,7227238621.463554
1705162800000,48816.09232562185,49066.38530957508,48685.30278268208,48935.27644495775,380.70872993708304,7234609091.573286
1705163100000,48935.27644495775,49251.61820372998,48766.9920736735,49082.82642027534,397.8706972827971,7238979130.593697
1705163400000,49082.82642027534,49390.14192957211,48913.533980025815,49220.37506786195,564.5371098876994,7238508932.042093
1705163700000,49220.37506786195,49509.132286116466,49070.28554128639,49358.621200449525,790.9017985554715,7267291063.60199
1705164000000,49358.621200449525,49710.17676699904,49152.46460519285,49503.41540847683,305.52881144825625,7270728539.593491
1705164300000,49503.41540847683,49762.317229287466,49359.23909112187,49617.80774973833,753.5169194049083,7297205304.351409
1705164600000,49617.80774973833,49816.107127667914,49486.599687672104,49684.72211895476,514.3929408037808,7307230070.018093
1705164900000,49684.72211895476,49949.545132457366,49541.9673952159,49806.44068551182,315.2249783821858,7302003045.243237
1705165200000,49806.44068551182,50190.888766529366,49595.96168475517,49979.67767674353,703.1756407480605,7321512279.81073
1705165500000,49979.67767674353,50249.54713265569,49827.94862928323,50097.46051829646,883.8674878367193,7338986546.154581
1705165800000,50097.46051829646,50311.54496434132,49974.30177266022,50188.1632366835,536.5147824420803,7350977693.188479
1705166100000,50188.1632366835,50526.955931913195,50004.99193719609,50343.21872775901,979.5359704665293,7372454232.873271
1705166400000,50343.21872775901,50771.51967219091,50101.42733147055,50528.836778520985,930.6058671237564,7397492349.721809
1705166700000,50528.836778520985,50825.27085672157,50363.017313119606,50659.02415802042,841.8507135551623,7418712186.493685
1705167000000,50659.02415802042,51091.42981052257,50426.0309369189,50857.523641829015,319.98861964656544,7408951867.105423
1705167300000,50857.523641829015,51188.3201588002,50659.15171944894,50989.433715597224,920.6166723206326,7441378919.586505
1705167600000,50989.433715597224,51461.554665097436,50719.96184777319,51191.01745602333,438.92350022528854,7448731942.047839
1705167900000,51191.01745602333,51655.50161672371,50931.08019067424,51394.53095246296,390.92357877183326,7450442693.467404
1705168200000,51394.53095246296,51675.932593075835,51219.27046373137,51500.311382502376,979.2275895422626,7468569400.6409025
1705168500000,51500.311382502376,51762.91778074143,51340.35299219863,51602.641556051814,861.0427367856481,7492725690.493108
1705168800000,51602.641556051814,51874.925925949196,51456.39795119199,51728.32612682971,300.5902466254385,7497663539.277468
1705169100000,51728.32612682971,51949.107438228144,51585.46567849716,51806.03238502212,510.8976335471028,7495330215.829928
1705169400000,51806.03238502212,51965.99801654966,51713.587661593825,51873.43302077385,442.32538719165484,7494491623.13618
1705169700000,51873.43302077385,52037.201259149784,51778.80743750991,51942.44977808931,779.299503480969,7516343232.133363
1705170000000,51942.44977808931,52350.63350833924,51721.896412790134,52129.28681240479,634.140862610421,7535379143.847125
1705170300000,52129.28681240479,52387.80017659526,51980.24774783745,52238.44901429073,780.7505069362603,7559385001.64491
1705170600000,52238.44901429073,52636.59513945094,52005.90808183644,52403.32027790612,767.9057953015275,7589228961.638595
1705170900000,52403.32027790612,52831.51002626779,52162.20838804801,52589.54131842994,834.139321311301,7602178376.799729
1705171200000,52589.54131842994,52749.9389877336,52500.08903537204,52660.366234895664,834.1310080489791,7622747158.806216
1705171500000,52660.366234895664,52873.67489868122,52524.11318892745,52737.222994097065,928.6149032282547,7642879987.713291
1705171800000,52737.222994097065,53165.88469402047,52494.93390902781,52922.743278520764,597.2147078652472,7647942902.715423
1705172100000,52922.743278520764,53175.216167797465,52789.08885288169,53041.2624264453,641.8165301450615,7669646835.319827
1705172400000,53041.2624264453,53437.72677013518,52819.426824915376,53215.163856948675,455.1858307414627,7668487133.872617
1705172700000,53215.163856948675,53582.20806528266,53002.110703579514,53368.54084912634,558.3927963196955,7677800427.114783
1705173000000,53368.54084912634,53653.82357469459,53194.38234826796,53479.303619732855,727.3965665654773,7694933643.23794
1705173300000,53479.303619732855,53903.55217033309,53232.89238313584,53656.32528870327,751.9040879685538,7708325346.631417
1705173600000,53656.32528870327,53836.88346335341,53554.70369256225,53735.1126490676,447.86264085290236,7722190758.769188
1705173900000,53735.1126490676,54021.69219886801,53575.68879435869,53861.8922086104,757.8314544701051,7751178595.261754
1705174200000,53861.8922086104,54142.35438754286,53707.245807610496,53987.347782839664,570.7708610049713,7764373753.607219
1705174500000,53987.347782839664,54380.61901706672,53784.5417184433,54177.10013883324,970.9589218237396,7798804657.073184
1705174800000,54177.10013883324,54449.73936024028,54030.21666265899,54302.51586038257,777.6378435056208,7812524694.945157
1705175100000,54302.51586038257,54730.171564579156,54068.52533639271,54495.350114297915,357.8483301580012,7809070117.368423
1705175400000,54495.350114297915,54851.9022875564,54308.59878241482,54664.57104867552,903.7265359098575,7844492049.939228
1705175700000,54664.57104867552,55054.867098603594,54463.90239817423,54853.50488921967,523.3180447676602,7852593892.7881
1705176000000,54853.50488921967,55193.95290792622,54665.417924064575,55005.345297796935,618.2844460614924,7857250727.718959
1705176300000,55005.345297796935,55355.360298018284,54793.42178690872,55142.90679291132,581.1923734524842,7857785705.873775
1705176600000,55142.90679291132,55544.70013707689,54926.83479977642,55327.903253718854,481.05433448735994,7867293686.088488
1705176900000,55327.903253718854,55705.1551437465,55114.020322732504,55490.64310386409,861.6928766351015,7887617378.246544
1705177200000,55490.64310386409,55791.99215776131,55322.20763419696,55623.15446508657,631.4830995978149,7909955455.692982
1705177500000,55623.15446508657,55897.31213621198,55462.82105234799,55736.65156874546,555.403251038272,7916817185.449943
1705177800000,55736.65156874546,56192.16399423917,55470.97426904664,55925.58610907135,672.1981401125158,7943667337.132276
1705178100000,55925.58610907135,56226.46047320452,55747.110622758664,56047.595617590894,405.2710540955492,7943165337.32644
1705178400000,56047.595617590894,56350.74228186178,55859.194708163945,56161.95695309668,713.1071126497209,7971959595.63983
1705178700000,56161.95695309668,56410.156155800694,56004.97803987919,56252.922982418546,809.3401365767689,8001693451.348625
1705179000000,56252.922982418546,56536.64427262574,56103.97657061456,56387.34194647433,497.19976878085066,8011710730.335087
1705179300000,56387.34194647433,56588.32283777722,56264.73271786056,56465.543566738925,556.9728846479316,8025205799.434164
1705179600000,56465.543566738925,56940.73300154314,56199.53836009938,56673.74696333736,476.62876321369237,8030560301.337668
1705179900000,56673.74696333736,56935.57313347074,56527.245006619094,56788.77383164674,873.4185398852172,8061728634.067224
1705180200000,56788.77383164674,57112.943931783244,56615.149487305636,56938.8607161695,549.8197532589894,8068333923.682006
1705180500000,56938.8607161695,57093.756881123954,56844.67835341066,56999.47425772611,745.1878899703215,8093357100.784657
1705180800000,56999.47425772611,57354.661499377136,56804.23603955997,57158.877283845315,325.6286455086467,8092605474.384781
1705181100000,57158.877283845315,57556.43132174227,56946.200313380745,57343.069009994535,358.8328016883853,8080702359.864134
1705181400000,57343.069009994535,57552.350743853116,57207.77518117124,57416.88276067914,743.0440161035597,8112394466.930559
1705181700000,57416.88276067914,57711.07504746966,57254.76754141898,57548.58796166939,980.2969427453102,8158261108.319368
1705182000000,57548.58796166939,57930.29366442025,57343.865343791025,57724.94368093994,877.8999867476995,8187099044.686865
1705182300000,57724.94368093994,58192.13971176103,57460.6589368058,57926.93020351223,666.4911232765598,8202191716.919715
1705182600000,57926.93020351223,58218.359795698176,57772.944809616485,58064.010006737466,560.9567301482049,8205442415.145023
1705182900000,58064.010006737466,58309.765961278696,57901.410071951126,58146.9338102702,746.470138197642,8230011137.027804
1705183200000,58146.9338102702,58193.451357318416,57206.00012735241,58077.15748969788,1505.530396179153,8305654413.169141
1705183500000,58077.15748969788,58438.07334944404,58024.88804795715,58368.031711390366,1470.8883792459626,8369736292.417577
1705183800000,58368.031711390366,58872.17254676625,58084.417732774564,58587.49219569829,595.7709363141485,8384848367.618419
1705184100000,58587.49219569829,58788.17238901225,58447.9585048676,58648.49341588532,479.80060283180893,8390601416.841021
1705184400000,58648.49341588532,59066.65440239266,58402.83850020458,58820.27994214792,885.7973220843273,8420410635.909894
1705184700000,58820.27994214792,59107.298681031534,58666.953433236515,58953.624583357574,434.1505460413291,8416409059.727073
1705185000000,58953.624583357574,59192.94635216175,58817.462299585706,59056.546355041784,659.8277008340533,8439656061.274802
1705185300000,59056.546355041784,59502.43061918489,58819.47890849748,59264.528282227104,859.2678698463876,8469849599.476882
1705185600000,59264.528282227104,59556.641083024806,59095.904238921525,59387.66667678581,832.503331861159,8503571104.666659
1705185900000,59387.66667678581,59721.87724822359,59188.23525726813,59521.99473780791,844.8162818700033,8535274483.21103
1705186200000,59521.99473780791,59793.754828174424,59356.33047261853,59627.79609194679,723.2357977261353,8546814518.243747
1705186500000,59627.79609194679,60127.18567735249,59348.387479946396,59846.751068917285,490.8755824233274,8555531973.784583
1705186800000,59846.751068917285,60118.922466046635,59704.16253689971,59976.02592879624,590.0273878876042,8561349458.448441
1705187100000,59976.02592879624,60166.14872112131,59865.430042292064,60055.40645679817,719.355615624642,8576176259.287318
1705187400000,60055.40645679817,60554.70728397006,59788.800409703035,60287.07279248256,454.92657987309497,8590251392.254627
1705187700000,60287.07279248256,60440.8221563448,60192.47390841957,60346.13060228402,344.6057209966361,8593555159.682625
1705188000000,60346.13060228402,60625.42521860055,60174.82043621033,60453.8093747938,878.8824835602261,8613438183.704885
1705188300000,60453.8093747938,60836.57137517426,60233.653346949905,60615.82533010008,530.1264105664234,8617253395.298063
1705188600000,60615.82533010008,60948.01769581285,60410.062423206655,60741.827070839085,308.7970572714917,8625519611.463797
1705188900000,60741.827070839085,61013.815100622094,60587.28454589329,60858.97452301764,611.06814448718,8639490046.615545
1705189200000,60858.97452301764,61204.3190397325,60653.33632983192,60998.21037838742,447.44617620533893,8653648779.248356
1705189500000,60998.21037838742,61425.2041101006,60754.347737378135,61180.61225093739,478.98481772882303,8656492315.491375
1705189800000,61180.61225093739,61376.562366211256,61045.299803914095,61241.11610352241,977.4065260218528,8685633337.55054
1705190100000,61241.11610352241,61635.892200016046,61017.2894739942,61411.443052328555,541.709434674415,8700296107.53248
1705190400000,61411.443052328555,61681.375136144874,61234.17990353042,61503.84526982285,558.4340185882368,8707522862.983343
1705190700000,61503.84526982285,61755.21383779661,61360.49948896272,61611.616875812,772.1509592769003,8723552577.480375
1705191000000,61611.616875812,61788.57518659329,61493.933780326115,61670.779086572686,416.7140136434555,8715389788.234661
1705191300000,61670.779086572686,61952.31326918688,61508.03353885073,61789.2550703333,997.0780881900945,8758357286.130623
1705191600000,61789.2550703333,61988.974936170576,61647.196539004835,61846.7841408222,689.5076410534709,8780087504.003508
1705191900000,61846.7841408222,62164.89075485919,61673.03841031386,61990.74060847085,944.8233967744924,8817050051.126177
1705192200000,61990.74060847085,62202.81579846444,61856.00624982373,62067.91370721947,894.7677335623339,8844090108.135143
1705192500000,62067.91370721947,62237.61245254203,61968.7839510948,62138.370169163376,994.4916343498448,8893635858.508223
1705192800000,62138.370169163376,62481.58795552985,61954.122840616685,62296.87065503161,411.38226268300593,8900131023.861488
1705193100000,62296.87065503161,62759.45643872505,62032.31402163984,62494.062389571074,580.7815565545055,8915616418.2181
1705193400000,62494.062389571074,62819.84579102295,62296.95320880741,62622.33204180746,592.7259968990179,8919741627.985037
1705193700000,62622.33204180746,62987.376527374676,62421.80905709346,62786.32840985054,554.2222771137428,8936051212.590456
1705194000000,62786.32840985054,63007.86823023404,62636.034516370266,62857.40420007726,972.1675801514522,8972906638.705233
1705194300000,62857.40420007726,63283.664360596784,62626.361131655234,63051.906366417046,674.938934093385,8997353704.79669
1705194600000,63051.906366417046,63379.53827900509,62849.486471390584,63176.71769354449,646.3832499815503,9024402023.702566
1705194900000,63176.71769354449,63528.98300188111,62963.18540227867,63314.98338355764,614.61914785115,9029057083.218683
1705195200000,63314.98338355764,63793.13354424113,63063.27727588436,63540.53078217786,501.88546704006313,9036687056.702711
1705195500000,63540.53078217786,63881.9025576828,63350.981006912036,63691.90122444351,624.8150405238079,9059214872.253069
1705195800000,63691.90122444351,63939.12092591276,63527.356835154154,63774.3635000439,568.3473967471009,9074462127.653004
1705196100000,63774.3635000439,64210.69613924229,63512.89754051404,63948.51617812027,587.2056628183459,9079349379.431835
1705196400000,63948.51617812027,64351.4367121421,63717.224598345376,64119.52661490277,397.00042923386576,9071888980.857012
1705196700000,64119.52661490277,64545.62958973239,63861.97055380771,64287.39921601852,719.697719062934,9102673016.567375
1705197000000,64287.39921601852,64753.06650647347,64012.07286526173,64476.928450884414,527.5142172490712,9125551245.484453
1705197300000,64476.928450884414,64726.864148175846,64323.603239024094,64573.309742984115,630.3394807804684,9142547398.445974
1705197600000,64573.309742984115,64745.60775250295,64466.410711151504,64638.60063370633,820.0757624278948,9153453470.776936
1705197900000,64638.60063370633,65140.42300306899,64356.33420003294,64857.20197230288,686.4401516164453,9148012447.17819
1705198200000,64857.20197230288,65367.29908401435,64563.065993464654,65072.18811462019,412.9654915663467,9150309130.259344
1705198500000,65072.18811462019,65391.334728841626,64872.140856089165,65190.92245294201,422.64769547073706,9146837195.235485
1705198800000,65190.92245294201,65736.33152191783,64876.21341324412,65420.51412889188,525.906941241436,9153271017.926907
1705199100000,65420.51412889188,65711.13402566165,65233.70086405589,65524.02517713716,444.90508961917135,9161157085.983763
1705199400000,65524.02517713716,65829.28273802517,65355.38547175845,65660.29232081366,722.2742908489497,9173441236.645443
1705199700000,65660.29232081366,66217.72997310356,65344.1965623462,65900.47793507612,980.9637011809971,9218711622.495024
1705200000000,65900.47793507612,66210.42547869027,65734.6998041442,66044.28558765273,722.8047571071447,9237817302.562407
1705200300000,66044.28558765273,66351.06386579624,65847.99310271953,66154.44397534318,411.4866098121138,9247570484.407785
1705200600000,66154.44397534318,66516.22208882098,65928.96780577063,66290.28293525946,304.8183197083026,9237838741.263248
1705200900000,66290.28293525946,66457.72872786438,66173.05329734887,66340.41044303113,906.9438998687062,9264333780.773674
1705201200000,66340.41044303113,66906.215653672,66017.14387176718,66581.77296014986,349.2559295008325,9257128168.728392
1705201500000,66581.77296014986,66868.549595701,66421.49042926836,66707.96328641339,801.1836042712555,9283405972.655287
1705201800000,66707.96328641339,66916.92787668892,66565.7981199947,66774.62065293347,752.9625377986295,9307114341.764244
1705202100000,66774.62065293347,67088.19637341502,66610.38819376835,66923.59750505813,636.5652947085177,9329602305.686535
1705202400000,66923.59750505813,67335.74746006842,66699.38025082233,67110.90266859556,578.877715616043,9351062664.854942
1705202700000,67110.90266859556,67600.47340995049,66828.88511153648,67317.587309997,554.3612873524472,9359245843.761578
1705203000000,67317.587309997,67743.91853605742,67077.3586401952,67503.02810463871,754.740863353253,9377464760.083197
1705203300000,67503.02810463871,67781.0217470933,67352.3982396961,67630.10830859115,402.1886176835691,9375025460.588587
1705203600000,67630.10830859115,67896.99502413835,67456.53519903544,67723.18303768957,827.504499659933,9406251534.36745
1705203900000,67723.18303768957,67874.60051525482,67633.87763982796,67785.21331912687,589.0251380173556,9424862548.087494
1705204200000,67785.21331912687,68089.1574127998,67589.48683123528,67893.11935151769,856.8871694640346,9457530960.242456
1705204500000,67893.11935151769,68076.91125415674,67790.53884711856,67974.20823162468,749.4249000072571,9481071767.701794
1705204800000,67974.20823162468,68167.02361770566,67834.38425434724,68027.09086005948,644.1038513686638,9508207555.809366
1705205100000,68027.09086005948,68236.43894734349,67905.08008158204,68114.27180447118,506.70444877770456,9511747015.240318
1705205400000,68114.27180447118,68447.78472437011,67908.71757045724,68241.84550035858,789.6931706409546,9542617728.364864
1705205700000,68241.84550035858,68609.70608552624,68026.9922085355,68394.37257597096,832.925916448345,9566432800.889673
1705206000000,68394.37257597096,68563.94743360183,68290.95944207121,68460.43441339007,454.7150776991204,9562088673.782578
1705206300000,68460.43441339007,68726.77433654164,68305.6448767789,68571.73315267717,503.852808584749,9582809864.285465
1705206600000,68571.73315267717,69057.23029668556,68316.04122345167,68800.68464761444,743.7262059250395,9620187641.13574
1705206900000,68800.68464761444,69115.5225637622,68618.40305682573,68932.89070421625,506.41573152027206,9624444750.795292
1705207200000,68932.89070421625,69379.61103678595,68674.24034018049,69120.25763354808,402.56829802106756,9628836136.63464
1705207500000,69120.25763354808,69353.45954514017,68980.90435767817,69213.91744183314,745.7336311008231,9662054451.382301
1705207800000,69213.91744183314,69321.94379814847,69144.21217355947,69252.19997557267,512.0695971239682,9666491506.056969
1705208100000,69252.19997557267,69594.50870960287,69063.54981876053,69405.44110809307,804.797557413683,9704667370.687786
1705208400000,69405.44110809307,69876.08864689902,69122.07596817019,69591.96198864885,584.0912426552327,9722989357.291407
1705208700000,69591.96198864885,69940.29120335705,69403.9386535132,69751.83592135327,540.9494798682337,9742824601.641048
1705209000000,69751.83592135327,69962.89181043461,69603.71678774738,69814.6393128275,520.0073642010702,9747026625.037605
1705209300000,69814.6393128275,70117.35696373705,69620.19846834982,69922.61539493,639.6720487912264,9765956689.096403
1705209600000,69922.61539493,70109.66510748935,69800.11916186003,69987.05598205778,422.7711494177497,9768369061.440548
1705209900000,69987.05598205778,70436.36750591116,69755.16286050773,70203.7563754385,962.86377717053,9816352994.267185
1705210200000,70203.7563754385,70443.79627750494,70063.78684641255,70303.62762904362,457.0169926066843,9818656767.829023
1705210500000,70303.62762904362,70555.2056562016,70138.09097198672,70389.46688236184,852.491972474113,9849213581.6858
1705210800000,70389.46688236184,70761.6646348686,70181.51459196878,70553.22854180353,621.5251982106685,9867484616.443966
1705211100000,70553.22854180353,71083.17585995873,70243.31518845688,70772.30020855331,887.9839950977237,9909677054.097202
1705211400000,70772.30020855331,71263.49542427158,70486.78604994249,70977.1548279989,666.8828333071938,9931802666.596891
1705211700000,70977.1548279989,71155.3122955376,70872.40746662785,71050.45675592875,764.9708600564925,9953912318.486782
1705212000000,71050.45675592875,71291.19000369025,70918.87239342171,71159.40387278407,530.6605566679802,9974735228.183477
1705212300000,71159.40387278407,71296.32087911821,71060.23285860002,71197.0973335956,674.3277109609837,10010497507.884428
1705212600000,71197.0973335956,71648.54734571725,70927.31889216605,71378.08311702385,979.3060538064127,10066394284.18109
1705212900000,71378.08311702385,71508.93817473682,71281.27076680817,71412.07971386229,473.58036243382514,10084751330.791134
1705213200000,71412.07971386229,71642.23178483133,71258.26171552035,71488.24972015848,782.7893268721805,10108957687.937176
1705213500000,71488.24972015848,71844.39562007634,71292.73449618774,71648.44228096741,782.7462151808011,10150424308.56905
1705213800000,71648.44228096741,71902.39850817599,71512.68152066655,71766.4142125321,726.3963959070618,10187699742.312765
1705214100000,71766.4142125321,72065.12290316803,71606.10354376913,71904.50377215438,433.009916643322,10205172959.509893
1705214400000,71904.50377215438,72320.47117923063,71686.88201300698,72102.25093066679,932.1935109256525,10240681001.840029
1705214700000,72102.25093066679,72384.01602876373,71951.66174777845,72233.15344937144,459.31037419109356,10240292911.437672
1705215000000,72233.15344937144,72586.55359569003,72024.24620599057,72377.22966601183,624.9899049758103,10254411302.911394
1705215300000,72377.22966601183,72726.03393947944,72161.85385454627,72510.26225762065,523.2008371726519,10264634805.333992
1705215600000,72510.26225762065,72849.48661991153,72325.04951179416,72663.88148495254,381.48447431123736,10267108765.56747
1705215900000,72663.88148495254,72762.01306106974,72598.95798455171,72697.05991650636,679.6581835490697,10299573217.492016
1705216200000,72697.05991650636,72876.47184496123,72578.88179484865,72758.19434168417,698.5304885113369,10326209696.967508
1705216500000,72758.19434168417,73129.30721362498,72527.99134309728,72898.65978994372,378.0667312740312,10316218214.850618
1705216800000,72898.65978994372,73395.31446584483,72609.44978638244,73105.2847215998,436.3591351528188,10312084332.78107
1705217100000,73105.2847215998,73551.91721491696,72848.03987449814,73294.00828226126,619.3781062555788,10345435274.314499
1705217400000,73294.00828226126,73397.77438075424,73201.62014706859,73305.37192153337,720.9479025715607,10376590244.238846
1705217700000,73305.37192153337,73573.40742477804,73156.37992344586,73424.17396343706,655.1050874463897,10406984748.031094
1705218000000,73424.17396343706,73768.98022949151,73202.69883225502,73547.1342036319,509.7460872302944,10426489906.827623
1705218300000,73547.1342036319,73985.00656204157,73310.17701720413,73747.40413769102,492.7018439359201,10433614082.45273
1705218600000,73747.40413769102,74054.42297352823,73573.0123253622,73879.71827557893,608.030660286762,10440188360.368017
1705218900000,73879.71827557893,74427.19103863886,73557.16207915115,74103.65713320198,641.3063086909212,10452368022.923437
1705219200000,74103.65713320198,74162.94005890854,72904.51175347251,74014.73274464214,1979.483512100863,10583275240.808493
1705219500000,74014.73274464214,74474.69139374017,73948.11948517196,74385.42887908526,1546.817785955337,10666731287.44574
1705219800000,74385.42887908526,74478.02606535987,74312.41997758584,74404.997956915,513.2486854955373,10672024492.232069
1705220100000,74404.997956915,74881.50833169211,74139.89184821457,74615.65166072792,746.5180827742163,10706618849.95182
1705220400000,74615.65166072792,74894.89720352103,74460.51869418104,74739.50673062011,845.1542554505035,10742387126.852327
1705220700000,74739.50673062011,75121.07421417977,74531.92856873503,74913.01416052222,651.2457692158869,10760273431.830019
1705221000000,74913.01416052222,75122.90130948709,74776.80584917033,74986.55927696232,372.04198225827827,10761194424.960653
1705221300000,74986.55927696232,75193.09347459293,74848.43262490118,75054.84104622899,699.7058985406239,10792898848.129766
1705221600000,75054.84104622899,75153.44660905894,74991.00496079096,75089.5809764109,836.4781676036714,10819913737.172853
1705221900000,75089.5809764109,75534.21939421646,74821.66506633215,75265.67518870001,727.0862606451923,10859746632.892668
1705222200000,75265.67518870001,75434.5847873032,75130.51975574096,75299.3688502511,986.8080856773454,10900881247.928144
1705222500000,75299.3688502511,75676.0879922943,75068.06663741602,75444.34046026588,845.8284386137709,10948033599.575367
1705222800000,75444.34046026588,75658.89443797157,75287.35214610976,75501.78658707422,630.3871717604322,10982504658.762142
1705223100000,75501.78658707422,75924.0646459304,75269.63455531279,75691.32980883378,401.49056922169524,10978260399.371164
1705223400000,75691.32980883378,75879.70878395157,75573.55221009399,75761.8214983831,821.6497549469966,11013019760.600172
1705223700000,75761.8214983831,76007.9043632294,75611.96605722107,75857.85896179237,575.4795442066093,11032284492.148533
1705224000000,75857.85896179237,76118.33062735164,75685.444836067,75945.71681322416,582.8567746185898,11045304429.049332
1705224300000,75945.71681322416,76419.32985579819,75685.5668899316,76158.4512167717,863.7595295753418,11088415482.5426
1705224600000,76158.4512167717,76672.37418596199,75859.2436781197,76372.32638517632,313.6357365025069,11085331420.663427
1705224900000,76372.32638517632,76710.21726837562,76186.36905681185,76523.89089884963,801.6708886560092,11114168418.607317
1705225200000,76523.89089884963,76687.45003547617,76417.35071383986,76580.83057635078,525.2920567933384,11128985321.231688
1705225500000,76580.83057635078,76966.65925975169,76365.53245021803,76750.88305080347,691.9805833497037,11149238539.10848
1705225800000,76750.88305080347,76852.71855198729,76682.40514343516,76784.21090916959,652.0603955393449,11171960754.924997
1705226100000,76784.21090916959,77177.42000777922,76575.25604110619,76967.96508470384,470.19647070983467,11183829623.312006
1705226400000,76967.96508470384,77149.11485091901,76847.58873436763,77028.64360060357,804.8847855259343,11205321618.23092
1705226700000,77028.64360060357,77320.38536705152,76830.30675319559,77121.80863408714,332.1999650214579,11198535510.672443
1705227000000,77121.80863408714,77473.66777696965,76906.53030476123,77258.00925632137,936.221142817602,11256698074.528887
1705227300000,77258.00925632137,77490.70719467229,77121.03323567729,77353.56176244,724.6933900585775,11290168323.399504
1705227600000,77353.56176244,77516.00068298826,77259.94049747725,77422.29622847986,747.7400663486446,11317328205.345583
1705227900000,77422.29622847986,77561.88686350542,77327.62396496946,77467.15974073017,946.5242646557446,11354215290.017632
1705228200000,77467.15974073017,77506.32347425696,77433.5907755063,77472.75208569352,824.8783458157787,11396632487.398146
1705228500000,77472.75208569352,77668.95272277787,77330.9180461428,77527.01933290488,589.6441659109107,11422297700.975342
1705228800000,77527.01933290488,77582.86162007504,77484.35216209509,77540.18720229849,509.1989405591911,11446898885.18548
1705229100000,77540.18720229849,77610.7599343469,77493.05957611445,77563.61806727585,471.65866814173364,11462619557.34256
1705229400000,77563.61806727585,77868.82629152018,77367.89666411701,77672.82930841949,482.5033924704201,11463958665.528717
1705229700000,77672.82930841949,77913.07219682753,77531.44917196553,77771.51243727568,315.2962662154979,11466048494.24225
1705230000000,77771.51243727568,78101.93554324767,77595.52481302907,77925.59923901124,850.1304968407446,11511364417.831432
1705230300000,77925.59923901124,78249.33242745379,77741.42524671448,78064.8293703902,897.4033300046676,11548782085.957737
1705230600000,78064.8293703902,78490.50791706868,77823.5850438508,78248.69538799879,919.2096527693344,11584574321.05621
1705230900000,78248.69538799879,78336.48205602383,78174.99625459153,78262.76966664937,622.5625831897755,11596429136.263796
1705231200000,78262.76966664937,78438.23594190816,78135.42759769368,78310.81569681695,792.8422173955893,11619467808.715872
1705231500000,78310.81569681695,78454.46835824203,78196.04995870669,78339.66034783979,316.19681565604327,11629807242.09387
1705231800000,78339.66034783979,78398.08149284312,78277.10541507986,78335.52347504497,577.4155867416066,11642140778.90491
1705232100000,78335.52347504497,78518.12531619014,78234.1839730996,78416.68082426085,669.878167228404,11678216862.949055
1705232400000,78416.68082426085,78842.34858652194,78172.18491976976,78597.28956081813,311.3408885598198,11678087454.82282
1705232700000,78597.28956081813,78751.78956003487,78510.704169488,78665.12943404146,652.9480912622557,11700663829.380169
1705233000000,78665.12943404146,79060.12959091557,78422.7034564441,78817.23486296376,644.4066293377615,11712875550.714855
1705233300000,78817.23486296376,79090.32157085265,78642.91901224654,78915.78775598816,814.1036655968934,11738661342.030567
1705233600000,78915.78775598816,79214.90095664038,78712.333409667,79011.2006245241,846.4117473262135,11724151148.402596
1705233900000,79011.2006245241,79276.03798681746,78833.11979321174,79097.7620574454,892.4095391932142,11714291483.521496
1705234200000,79097.7620574454,79220.87118579427,78954.9549857312,79078.03340806809,727.0220380658045,11741512512.181152
1705234500000,79078.03340806809,79553.89830127535,78796.86244733246,79272.03753674848,836.9806995896041,11793904423.238771
1705234800000,79272.03753674848,79433.90786833833,79170.04505010715,79331.83844103644,615.902011264481,11808914474.931362
1705235100000,79331.83844103644,79750.21412907414,79079.80808985032,79497.65698678952,755.3105885632381,11838413156.188099
1705235400000,79497.65698678952,79602.81320905668,79365.08249094401,79470.20239741255,537.8668033915233,11855994646.428108
1705235700000,79470.20239741255,79712.15210524455,79308.33793835997,79550.12486057075,874.1459687348647,11911885819.912655
1705236000000,79550.12486057075,79680.57288432098,79475.94663633041,79606.3422389775,702.3164891128961,11954274731.222681
1705236300000,79606.3422389775,79747.91265028511,79418.32356486162,79559.81122629759,313.21015511435667,11954317322.445242
1705236600000,79559.81122629759,79625.89762780747,79498.42348857535,79564.50626742766,481.197065106796,11960252088.029085
1705236900000,79564.50626742766,79651.01030970326,79481.09783186406,79567.59863237602,528.6334952164813,11973935216.111605
1705237200000,79567.59863237602,79763.36305797691,79430.04323101584,79625.70719930265,838.9494797219882,12019395492.11227
1705237500000,79625.70719930265,79845.61329899366,79490.92016975525,79710.6824269747,916.2182182105863,12053120891.997988
1705237800000,79710.6824269747,80049.64366175329,79526.11053560724,79864.71510423132,841.0944007620116,12075370515.335688
1705238100000,79864.71510423132,79903.21215887768,79821.09925262269,79859.593838674,318.3571433528917,12072293548.726618
1705238400000,79859.593838674,80134.00233974583,79674.03225297897,79948.2347881255,845.6242523277289,12100707552.4568
1705238700000,79948.2347881255,80201.6671888729,79767.8119031203,80021.0799109046,529.2227335973771,12101067198.565681
1705239000000,80021.0799109046,80094.98432943331,79965.0839597328,80038.97585530592,446.1650776951834,12095472266.420998
1705239300000,80038.97585530592,80123.45720469972,79968.36185809335,80052.83098386736,489.7545580795794,12094117168.972229
1705239600000,80052.83098386736,80419.92500178628,79851.05230741994,80217.73068428173,548.7413355641627,12122494141.79538
1705239900000,80217.73068428173,80348.41325869896,80058.98217943215,80189.61895708037,607.7486581070502,12126182773.690237
1705240200000,80189.61895708037,80519.01120800767,79999.02027789476,80328.08341959305,610.7667238062095,12161017964.793741
1705240500000,80328.08341959305,80647.53883355191,80124.80806917937,80443.97022417068,566.2915955070407,12182684260.328663
1705240800000,80443.97022417068,80585.18042133853,80346.08016648663,80487.23771263627,443.9425873733208,12185758332.630419
1705241100000,80487.23771263627,80634.4393435833,80366.27377517903,80513.43603277883,364.99627216510953,12170945178.35288
1705241400000,80513.43603277883,80642.26771296997,80360.15243172615,80488.94492304433,807.1628381427179,12200381297.701368
1705241700000,80488.94492304433,80616.58196258343,80322.90776033574,80450.48380935381,384.2508275694179,12201167075.147741
1705242000000,80450.48380935381,80623.33213234459,80326.85615164196,80499.62895365647,824.7778132315747,12239227574.34121
1705242300000,80499.62895365647,80547.1692970834,80458.58612785954,80506.123160208,989.6064725782996,12288491618.627481
1705242600000,80506.123160208,80801.32620160024,80333.21959083085,80628.16053169832,478.69917568649856,12285800840.89569
1705242900000,80628.16053169832,80733.7361015416,80477.40626754909,80582.92260225481,305.07891599849154,12284954928.416492
1705243200000,80582.92260225481,80879.70035949086,80407.25234104392,80703.76665900116,900.2451514456139,12320825742.430212
1705243500000,80703.76665900116,80834.08582578738,80584.75055082014,80715.05307321476,885.5742443033599,12374441300.072876
1705243800000,80715.05307321476,80872.22605076709,80587.35983289356,80744.48624642695,510.48610628061874,12395495800.142607
1705244100000,80744.48624642695,81099.88970593788,80554.81287213051,80909.82793464525,750.5073686474457,12416870474.242317
1705244400000,80909.82793464525,81004.80654390642,80831.37298592186,80926.3355883868,965.9164009613106,12468511703.024204
1705244700000,80926.3355883868,81017.89237888837,80822.28755246404,80913.83019486799,526.2896525245803,12488762383.780224
1705245000000,80913.83019486799,81000.32094685538,80781.25763768915,80867.69907900998,695.2054739482087,12500840306.486752
1705245300000,80867.69907900998,80949.30026669546,80735.83599231436,80817.38641098436,786.5491474335557,12545749048.420483
1705245600000,80817.38641098436,81044.46042783163,80692.8798342204,80919.79607960493,861.6661909735047,12595288411.878319
1705245900000,80919.79607960493,81253.86895452389,80712.7392816729,81046.48797857614,560.1928273758926,12618876364.831161
1705246200000,81046.48797857614,81110.04124551248,80998.95333953458,81062.49721688003,420.6939922440516,12632761222.085602
1705246500000,81062.49721688003,81456.45286641784,80810.68344822635,81204.19891346848,819.3766695752166,12676117848.733746
1705246800000,81204.19891346848,81458.62423403849,81060.11482613704,81314.34471030324,915.3541881402443,12724484555.811749
1705247100000,81314.34471030324,81408.26056912108,81158.69122396171,81252.53569504629,648.2887740645842,12741530022.179226
1705247400000,81252.53569504629,81344.6952262249,81145.45395461176,81237.596541268,936.2865968718938,12774963006.53644
1705247700000,81237.596541268,81311.16246711358,81138.03558319126,81211.57794750844,848.2882292425709,12822236351.645445
1705248000000,81211.57794750844,81325.39083576296,81086.82884806591,81200.62638840322,323.95594056297523,12806493831.079094
1705248300000,81200.62638840322,81545.38560849789,80975.78246798397,81320.21056041066,332.549615037683,12795132121.395315
1705248600000,81320.21056041066,81396.99948042586,81241.30366917628,81318.09058734665,667.6432201178235,12807691320.82193
1705248900000,81318.09058734665,81392.44721522121,81187.15045717038,81261.4552981782,928.0320864609612,12859636237.251543
1705249200000,81261.4552981782,81447.88973493478,81001.37033340649,81187.6354085698,378.68741287373956,12871750885.917273
1705249500000,81187.6354085698,81336.80255614762,81057.04555603914,81206.18287012992,899.2982985727517,12925250849.633522
1705249800000,81206.18287012992,81300.1435927226,81144.54541882321,81238.4816258813,722.2897668674408,12956141845.299345
1705250100000,81238.4816258813,81396.34034800775,81136.28327994449,81294.07206906348,628.6408866173349,12968208800.55992
1705250400000,81294.07206906348,81561.8199831976,81145.92441206989,81413.45476708135,759.4619905798902,13014914505.304932
1705250700000,81413.45476708135,81502.4845035922,81311.63927238136,81400.65501171138,801.4207047781258,13042762817.970612
1705251000000,81400.65501171138,81517.03922413534,81297.76363066667,81414.1308095244,896.377930044142,13090183177.698208
1705251300000,81414.1308095244,81508.24481916867,81263.67685022602,81357.72565601552,390.8653286383542,13106282857.68563
1705251600000,81357.72565601552,81645.43731686678,81194.84853104396,81482.31077408417,357.5322890298789,13100270922.897408
1705251900000,81482.31077408417,81621.61691820106,81259.62457889618,81398.78792827044,920.8425464519128,13130946873.476068
1705252200000,81398.78792827044,81519.18207302596,81196.4978782069,81316.77071412474,429.2387292610197,13138924489.324913
1705252500000,81316.77071412474,81469.40584242674,81216.31999358327,81368.89073794697,981.7697213851244,13169497008.90122
1705252800000,81368.89073794697,81542.44510024293,81248.632955883,81422.10866563875,704.0169759940359,13179797123.65803
1705253100000,81422.10866563875,81722.2808084951,81226.88261275597,81526.80372792338,392.19496793717747,13169124190.196686
1705253400000,81526.80372792338,81616.98710310734,81427.43931145564,81517.61251950242,705.5579916796626,13210365764.383675
1705253700000,81517.61251950242,81767.52714483457,81382.92450104578,81632.64905649317,934.2101712512967,13239686092.647673
1705254000000,81632.64905649317,81674.20873444459,81570.57052812616,81612.1197544851,438.5273068075734,13253006295.164572
1705254300000,81612.1197544851,81713.76683710124,81439.23702753014,81540.7952762187,323.87982744548736,13259324379.899164
1705254600000,81540.7952762187,81727.96980220116,81431.18584729769,81618.25624806454,525.7726647570637,13251806502.20377
1705254900000,81618.25624806454,81725.7422653098,81532.66853917233,81640.13161715367,540.731238807915,13251519791.998762
1705255200000,81640.13161715367,81705.4437224474,80319.03100732488,81542.16345921309,1853.5915909456,13387116630.186285
1705255500000,81542.16345921309,82048.90072567906,81468.77551209979,81950.56005361472,1806.8937025474675,13508725001.718428
1705255800000,81950.56005361472,82097.33100922786,81734.63262852313,81881.27950478463,682.115598826886,13541632563.37467
1705256100000,81881.27950478463,82019.29016832024,81649.23703160827,81787.08893721033,837.9577372978898,13569687962.039026
1705256400000,81787.08893721033,82041.85627813984,81635.07202858446,81889.64874254877,924.7687908293574,13612359642.581629
1705256700000,81889.64874254877,82048.03032139453,81668.6855929406,81826.94589912868,641.148604008596,13624037679.16567
1705257000000,81826.94589912868,81925.01977147037,81737.1678759764,81835.23265634144,767.6088795017456,13646614317.074324
1705257300000,81835.23265634144,81946.12495236077,81680.8482695478,81791.68155086253,344.182439501345,13630898573.257988
1705257600000,81791.68155086253,81910.08818686762,81634.32412378993,81752.67429050143,975.3274849081274,13666708559.086514
1705257900000,81752.67429050143,81890.09311335688,81516.6349278012,81653.88769936615,620.2034069676292,13668378007.202623
1705258200000,81653.88769936615,81827.6514979951,81376.84823060784,81550.39178444716,506.9994031519403,13678117766.497635
1705258500000,81550.39178444716,81760.81880901629,81422.06465749416,81632.36269321376,605.3148752995504,13693488290.93663
1705258800000,81632.36269321376,81873.20671515644,81499.80153533649,81740.47000398368,906.8772441161858,13743394074.538338
1705259100000,81740.47000398368,81806.30056666186,81664.16132115312,81729.9834383634,958.8748039300515,13791962287.622759
1705259400000,81729.9834383634,81984.56357335026,81585.06099756522,81839.44703326703,888.0089713364993,13825735788.962212
1705259700000,81839.44703326703,81939.66986524632,81657.11189087437,81757.23404256988,813.3886264355261,13851891782.931318
1705260000000,81757.23404256988,81883.40801834496,81580.27310488407,81706.36858121425,406.2398343832649,13861018215.114267
1705260300000,81706.36858121425,81918.44237319035,81566.4830146063,81778.43342780456,860.1819923014147,13890544314.794521
1705260600000,81778.43342780456,81868.40044140413,81637.52360463972,81727.43451273697,963.0144499094962,13938434610.206932
1705260900000,81727.43451273697,81791.35764501135,81652.66779784684,81716.58244217164,370.0966512879568,13916073904.985138
1705261200000,81716.58244217164,81896.64134658834,81435.23226510461,81615.06748576846,732.7289838968236,13933647939.12406
1705261500000,81615.06748576846,81831.859363503,81461.78871829835,81678.46153759885,406.43575622569836,13947343916.366667
1705261800000,81678.46153759885,81927.85592928666,81515.804763136,81765.02676640422,900.8066374178029,13971596571.755669
1705262100000,81765.02676640422,81952.76869164115,81500.17414623566,81687.73860895529,964.2293757245764,14021656460.031654
1705262400000,81687.73860895529,81866.30180180423,81435.42786130749,81613.82949444512,980.4062053180105,14067662215.459904
1705262700000,81613.82949444512,81818.63795630049,81480.40476906329,81685.0967211285,395.28391439529764,14067902383.36155
1705263000000,81685.0967211285,81863.74103365558,81587.63709784187,81766.18466321916,475.9304687070752,14080201674.274406
1705263300000,81766.18466321916,81826.8645571916,81691.76285463922,81752.43254296,946.1365067468757,14109734743.336163
1705263600000,81752.43254296,81863.69330705404,81640.37034500172,81751.63001689997,341.45555890067436,14102524209.863604
1705263900000,81751.63001689997,81833.7321043891,81617.93426886993,81699.98448943463,875.7088758958657,14143113293.958288
1705264200000,81699.98448943463,81863.67152141099,81570.43944243834,81734.07242393836,965.6374289456207,14184445698.543776
1705264500000,81734.07242393836,81922.5839424318,81450.73766905633,81639.02998159811,752.2592372693605,14223144944.81368
1705264800000,81639.02998159811,81733.96929880942,81484.4925157054,81579.36244459567,884.0303185975934,14255214083.622984
1705265100000,81579.36244459567,81829.15385206412,81190.82971851074,81440.19500312119,493.3525100224333,14249865059.875057
1705265400000,81440.19500312119,81590.2521032503,81351.02240770553,81501.01291551991,817.7584894757778,14288477431.709644
1705265700000,81501.01291551991,81677.04683433956,81397.46647224417,81573.40841311144,610.3669486916505,14306817367.413553
1705266000000,81573.40841311144,81673.70423891247,81477.87986082803,81578.17011032607,307.538325680268,14304893443.339521
1705266300000,81578.17011032607,81757.10666509697,81267.36321382002,81446.009883495,371.8285474193142,14285577026.96569
1705266600000,81446.009883495,81516.47506917953,81367.41972014049,81437.87787019703,762.2950040309905,14316350604.055216
1705266900000,81437.87787019703,81556.15817538093,81229.9376859305,81348.08757977225,820.0382115470244,14340583826.355371
1705267200000,81348.08757977225,81424.06164220528,81219.33096736495,81295.2556880918,985.2950716612874,14402071073.345558
1705267500000,81295.2556880918,81459.59257292791,81188.34402297821,81352.60548690037,490.47195140005294,14421395670.39993
1705267800000,81352.60548690037,81556.62967801702,81223.895920163,81427.80114274478,923.7817233712722,14453953913.711266
1705268100000,81427.80114274478,81629.28225311529,81087.05571882837,81288.1913854004,709.4850019955576,14455211961.500418
1705268400000,81288.1913854004,81463.37501471303,81158.78373632614,81333.89460788053,856.1189296924537,14474166721.007326
1705268700000,81333.89460788053,81403.89016864868,81279.8065375872,81349.79152670295,372.1351158768018,14465832050.324368
1705269000000,81349.79152670295,81571.4344641684,81201.45400983136,81422.96352160728,719.3328872737254,14491830868.572075
1705269300000,81422.96352160728,81607.1686238158,81155.96879840677,81339.9861790044,765.4374275071342,14510686588.629276
1705269600000,81339.9861790044,81513.77729993968,81197.97414058859,81371.70987490616,595.171882507628,14471679816.453966
1705269900000,81371.70987490616,81490.30826962937,81235.293600232,81353.8659876809,496.14249534627413,14426190066.967417
1705270200000,81353.8659876809,81401.19476036541,81308.60114700896,81355.92877197171,476.1695634438529,14430024558.972607
1705270500000,81355.92877197171,81464.9633265345,81195.16903011555,81304.13416869869,885.4073731293853,14473872256.335354
1705270800000,81304.13416869869,81454.73078553042,81216.6858703793,81367.21463974049,370.79168781017455,14451939696.727032
1705271100000,81367.21463974049,81444.84488932129,81308.41874082595,81386.0353905439,646.4832578224815,14478959657.723587
1705271400000,81386.0353905439,81502.04405379671,81235.35220351972,81351.31137072443,372.7758176484091,14470318314.135931
1705271700000,81351.31137072443,81457.8536478594,81255.32746012643,81361.85729445031,692.4695322263868,14475734816.42317
1705272000000,81361.85729445031,81461.36869103294,81285.62974532768,81385.11934779974,663.2767499184267,14480275243.496017
1705272300000,81385.11934779974,81526.09510991727,81287.83689353215,81428.76048987979,721.1636161465822,14488713552.585352
1705272600000,81428.76048987979,81561.80997490899,81256.5575849122,81389.54299100912,967.8500344530024,14524361467.900105
1705272900000,81389.54299100912,81461.15438486986,81274.11002673738,81345.68282980178,834.8214720713348,14562893281.79963
1705273200000,81345.68282980178,81524.96007209421,81069.26867859035,81248.33136860553,932.6527247031333,14603282261.513496
1705273500000,81248.33136860553,81386.36755135047,81027.03971512354,81164.93421095502,821.0168430798161,14626718845.684837
1705273800000,81164.93421095502,81360.44675847435,80867.15189026331,81062.41749241146,896.5631233343488,14671970228.060822
1705274100000,81062.41749241146,81177.95424301228,80898.47751303147,81013.9451769458,958.1379009715089,14728797137.596523
1705274400000,81013.9451769458,81108.79994170392,80927.8892610126,81022.73468923577,844.3415403534333,14744076204.083685
1705274700000,81022.73468923577,81068.71629404592,80949.48447372291,80995.45059440419,696.8509981521695,14768383914.770412
1705275000000,80995.45059440419,81288.62114907196,80517.91946185722,80810.42028212779,369.1629402681722,14779459229.673302
1705275300000,80810.42028212779,80967.7836725984,80684.80128462496,80842.11540534064,810.3401572975234,14807779861.549957
1705275600000,80842.11540534064,80909.66429664214,80787.96445659341,80855.50437947975,872.8579027809812,14851061811.54175
1705275900000,80855.50437947975,81076.37467831817,80524.69913085442,80745.26830145571,474.0907579186762,14860037812.581581
1705276200000,80745.26830145571,80852.47202342273,80551.75611600491,80658.84509577704,620.7432008487962,14850248775.722656
1705276500000,80658.84509577704,80789.51178665682,80572.73325206044,80703.35242665956,855.5487171740418,14886027267.264513
1705276800000,80703.35242665956,80939.87110051635,80321.53107730999,80557.62265848136,683.0944013133708,14906709888.81298
1705277100000,80557.62265848136,80731.83331381933,80264.3662204022,80438.31887420341,543.977399518175,14902893047.262524
1705277400000,80438.31887420341,80536.98218900184,80338.61859503291,80437.28063635885,899.6524517402695,14949559566.12066
1705277700000,80437.28063635885,80631.16467013407,80125.38327959177,80318.98216966582,817.901528355546,14953643872.076975
1705278000000,80318.98216966582,80360.85073876099,80279.04950893547,80320.91711602197,880.0781772590027,14981688728.168533
1705278300000,80320.91711602197,80582.73540143644,79883.50330467266,80144.74733781353,747.6162164229578,14983035938.829142
1705278600000,80144.74733781353,80334.50172611249,79829.38247693979,80018.83875829747,430.3345019340152,14961934439.476782
1705278900000,80018.83875829747,80170.2225233328,79757.69833398932,79908.87406214255,795.1772603378329,14963680069.72483
1705279200000,79908.87406214255,80120.64237455376,79578.91130838676,79790.36555873581,927.0461615400333,15012021594.235796
1705279500000,79790.36555873581,79920.7553069445,79637.43330892273,79767.78615891398,525.9318441983248,15017678614.287943
1705279800000,79767.78615891398,80016.9413229624,79341.67899125596,79590.2797128431,936.1812282672785,15055071655.920027
1705280100000,79590.2797128431,79697.25140896004,79445.83582534447,79552.75708994355,829.7394044097131,15086282131.30407
1705280400000,79552.75708994355,79683.80436286937,79344.6918271343,79475.61201896903,786.9452607121673,15087717156.988804
1705280700000,79475.61201896903,79659.17047373233,79133.39260443971,79316.58376438219,718.578567656041,15102156167.666079
1705281000000,79316.58376438219,79374.40022924375,79260.48782258271,79318.30307147978,484.35903193083266,15099738332.050257
1705281300000,79318.30307147978,79422.4567379629,79176.62433025899,79280.72865739871,577.7297175908282,15106626563.89448
1705281600000,79280.72865739871,79327.08838673808,79244.69373709364,79291.04877570113,969.2524709954682,15151589539.880564
1705281900000,79291.04877570113,79407.36956757495,79158.72922100476,79275.02650804557,505.7385811909587,15151886321.466028
1705282200000,79275.02650804557,79373.82458400715,79101.19977628934,79199.90422961971,999.6072236998185,15194809124.375837
1705282500000,79199.90422961971,79325.94025657498,78967.71639840699,79093.58322974849,683.5910514630993,15211325859.271223
1705282800000,79093.58322974849,79189.13626957161,78944.34667714316,79039.83478341259,646.1450491631629,15236941577.61481
1705283100000,79039.83478341259,79164.26909189069,78900.05859177621,79024.46870907476,471.74621680822344,15227953577.18334
1705283400000,79024.46870907476,79262.02610895978,78627.0801986758,78864.15567761223,451.17766709449654,15229522826.51695
1705283700000,78864.15567761223,79114.41261859328,78403.14668802466,78652.73272775495,314.5417675396199,15213559289.55529
1705284000000,78652.73272775495,78817.81513502228,78417.53258694112,78582.46751617594,590.1680885957601,15206927604.509491
1705284300000,78582.46751617594,78737.26892834468,78342.31953480371,78496.95248895128,588.6264959740686,15208612403.04242
1705284600000,78496.95248895128,78583.85614284826,78393.58106567526,78480.46646796608,739.0785761387631,15239743066.302217
1705284900000,78480.46646796608,78596.1997797874,78356.91867542978,78472.64044639979,822.7549462247237,15276754026.23246
1705285200000,78472.64044639979,78632.35964140388,78261.46579540927,78421.08004701606,862.3982597977498,15309979126.7165
1705285500000,78421.08004701606,78628.31586365085,78057.54721792821,78264.36890916956,930.0370018769358,15353615913.43693
1705285800000,78264.36890916956,78311.67011063354,78217.85808184519,78265.15881388584,549.9519203150891,15349233246.74744
1705286100000,78265.15881388584,78303.14525656874,78232.02444300952,78270.00883238653,901.9612899364048,15355183788.132444
1705286400000,78270.00883238653,78329.97224030313,78220.60875792583,78280.56550300537,676.7927974855224,15360426387.245474
1705286700000,78280.56550300537,78580.09488894301,77790.04935210686,78088.84514752968,848.9530264575254,15399498480.790623
1705287000000,78088.84514752968,78252.47749833323,77821.99472888235,77985.41033577877,519.4393468898932,15419800678.745066
1705287300000,77985.41033577877,78091.59123080737,77845.22438672683,77951.35891911038,804.0743726778026,15422312338.201239
1705287600000,77951.35891911038,78083.18087849907,77763.73097212752,77895.45839928281,687.8509780373743,15452638726.442844
1705287900000,77895.45839928281,77966.07044347456,77830.61901178161,77901.226254869,701.9814072968765,15453878612.419985
1705288200000,77901.226254869,78187.55022044962,77402.78795573242,77688.32942445549,647.9930625389818,15453941323.099901
1705288500000,77688.32942445549,77916.6583326142,77336.43317720946,77564.39784581964,419.93882667631374,15443912385.754368
1705288800000,77564.39784581964,77727.7445078476,77305.44898919451,77468.59389298882,340.2820358208503,15431424550.566725
1705289100000,77468.59389298882,77710.64483635816,77081.09358470207,77322.68864652283,403.51608577850294,15425307234.868608
1705289400000,77322.68864652283,77413.143842376,77163.39288784804,77253.76745691734,803.2081558798496,15436410797.251797
1705289700000,77253.76745691734,77452.7751225713,76959.27322260843,77158.03427716166,809.4323509879699,15471664946.559948
1705290000000,77158.03427716166,77282.07758153765,76970.9247318835,77094.86648440144,792.9524737228128,15476756272.955103
1705290300000,77094.86648440144,77212.49213904236,76966.28864282464,77083.89756189352,450.6428976599915,15471566389.284487
1705290600000,77083.89756189352,77274.38887660213,76768.4432549766,76958.6249935351,772.2673350070622,15472822278.646845
1705290900000,76958.6249935351,77180.6214327905,76583.09453577458,76804.64680637083,913.1780889300142,15492017035.031374
1705291200000,76804.64680637083,76866.09052381592,75561.79401175014,76712.4812302032,1315.3864548581853,15549107082.539774
1705291500000,76712.4812302032,77189.20482194182,76643.43999709601,77096.68879538735,2013.189556659648,15669803526.727106
1705291800000,77096.68879538735,77273.20854712313,76760.06287597049,76936.21520910432,726.7161044260833,15671824193.989584
1705292100000,76936.21520910432,77053.86836937482,76749.48599294673,76867.03335826275,383.7783682512837,15644356653.166386
1705292400000,76867.03335826275,76947.80357322632,76777.4973920942,76858.25838650738,670.84038547872,15664786285.096012
1705292700000,76858.25838650738,77007.7295671007,76642.38067875849,76791.72246267674,474.1596727508855,15666647762.750391
1705293000000,76791.72246267674,76973.98105493803,76512.71919038676,76694.74762114712,425.5385710672854,15648115463.903444
1705293300000,76694.74762114712,76964.21445810112,76231.60311060978,76500.38706214218,646.4825355266555,15662662927.828367
1705293600000,76500.38706214218,76732.70480302027,76059.86580693645,76291.54934570975,962.3029975778512,15708252889.979286
1705293900000,76291.54934570975,76498.72935204068,75979.61644103382,76186.51120209914,571.2157984334212,15700156682.82884
1705294200000,76186.51120209914,76409.13952188916,75820.58076220853,76042.78910464865,396.9566523513636,15694880427.685843
1705294500000,76042.78910464865,76225.64441597622,75701.41678971682,75883.89000637866,548.6098663820896,15680653748.967783
1705294800000,75883.89000637866,76055.60293921317,75635.86220204332,75807.40205505224,649.777276542143,15689263620.660084
1705295100000,75807.40205505224,76055.13861702962,75364.24855689694,75611.34440772764,458.64814330518595,15686210404.023985
1705295400000,75611.34440772764,75698.5104685469,75509.58643810145,75596.73565770194,537.8041194096895,15690562513.30291
1705295700000,75596.73565770194,75727.77622795198,75397.41561354177,75528.33762156051,314.2805331610953,15669572056.87287
1705296000000,75528.33762156051,75734.54558550312,75220.30962250056,75426.23883566666,341.40234051568103,15665734243.245762
1705296300000,75426.23883566666,75612.01710473487,75085.40277497057,75270.79818662514,974.519829374478,15671490474.616259
1705296600000,75270.79818662514,75406.92133213716,75014.24524752931,75150.150207732,569.3274640618615,15682145566.589527
1705296900000,75150.150207732,75481.06029870627,74586.01769396082,74915.89629018822,694.3552915929646,15674157360.139103
1705297200000,74915.89629018822,75064.13387044147,74720.41557365452,74868.55948763111,431.93746690107304,15662645286.720875
1705297500000,74868.55948763111,75001.46990717975,74634.22486446076,74766.95491047118,452.86170008064846,15633659707.150038
1705297800000,74766.95491047118,75024.16986596868,74346.2874974417,74602.93819896899,938.8302408774929,15656365755.477764
1705298100000,74602.93819896899,74776.66965777292,74322.03119845511,74495.51248983116,924.0057364738607,15670848507.347939
1705298400000,74495.51248983116,74673.20220518022,74233.87082080041,74411.35981177144,424.2444079751529,15664655621.766615
1705298700000,74411.35981177144,74708.59912273972,73905.73030178374,74202.13385083848,321.23916697098184,15640482077.760298
1705299000000,74202.13385083848,74498.68903411509,73672.66687470092,73968.28747089136,970.6219587888809,15642376332.927954
1705299300000,73968.28747089136,74088.39583454277,73814.56813783702,73934.62183584082,518.1657437572088,15646867362.647886
1705299600000,73934.62183584082,74158.73326042076,73532.69515781691,73756.26594810278,426.2917318424167,15622348810.115421
1705299900000,73756.26594810278,73979.06760091752,73405.47886052348,73627.89272572784,648.3557346106453,15614003329.572416
1705300200000,73627.89272572784,73840.79139585911,73305.25781133174,73517.83825354827,943.9993980242139,15631273259.99665
1705300500000,73517.83825354827,73651.29818566627,73347.61179047753,73481.00485742836,683.5863037574222,15650368505.318861
1705300800000,73481.00485742836,73693.7040036236,73110.2592853955,73322.49962011001,381.4671394831952,15611125379.068
1705301100000,73322.49962011001,73489.3346237361,73033.54248647492,73200.09898472333,555.9854574424546,15618646132.847021
1705301400000,73200.09898472333,73478.59057068128,72730.30324117807,73008.0642261503,431.8381298768354,15604938760.876997
1705301700000,73008.0642261503,73210.14277648042,72650.3331863586,72851.97971136645,941.6273511025454,15635600747.638391
1705302000000,72851.97971136645,72980.88426846146,72679.70930889732,72808.53699829828,936.7676441502721,15676085286.686613
1705302300000,72808.53699829828,72987.10129058482,72539.50161843514,72717.84348318764,369.14625908018576,15653519654.8846
1705302600000,72717.84348318764,72922.4749854614,72381.39507967493,72585.65459607483,524.3871445827701,15640758821.999207
1705302900000,72585.65459607483,72781.21517145733,72259.49504861877,72454.70281315788,672.3479774979573,15661913036.874807
1705303200000,72454.70281315788,72676.98683264334,72072.62291973348,72294.4151923032,440.6524613335214,15661869590.053745
1705303500000,72294.4151923032,72524.30888175026,71888.5054057608,72117.83758464594,438.6290610214427,15648105865.386648
1705303800000,72117.83758464594,72210.9299515555,71983.02460503316,72076.06304782855,604.5971770878648,15638833495.506914
1705304100000,72076.06304782855,72321.26122940128,71602.92143942075,71847.34152492204,373.0229513724159,15617533652.985806
1705304400000,71847.34152492204,72039.66135448904,71529.9701876987,71721.9543829435,514.1283076132105,15616917576.124117
1705304700000,71721.9543829435,71835.6593574044,71575.27602390673,71688.92864074287,839.5899152669062,15640771395.643045
1705305000000,71688.92864074287,71845.35449585774,71436.00913098085,71592.2239756899,329.142779347712,15619414325.337187
1705305300000,71592.2239756899,71676.85442386514,71463.71832122737,71548.29684235278,711.2289013229009,15622778399.075308
1705305600000,71548.29684235278,71663.67757154738,71378.53546588516,71493.82835772021,748.6526997354442,15529791503.569166
1705305900000,71493.82835772021,71643.50976133592,71254.79009654264,71404.28402773864,333.04528427673677,15438511659.235678
1705306200000,71404.28402773864,71618.16625180774,71007.47928925783,71220.81194662659,974.930978390832,15469758767.712906
1705306500000,71220.81194662659,71542.6942697774,70662.90531587551,70983.71608473272,911.593642858139,15478765138.819479
1705306800000,70983.71608473272,71133.30992265427,70743.54966652888,70892.95222517053,424.8030823180221,15445714271.275702
1705307100000,70892.95222517053,71136.0235496577,70481.04961778254,70723.5400772629,937.4634709220022,15463228223.101173
1705307400000,70723.5400772629,71045.6141057236,70175.19368964227,70496.23256280956,924.6492538980916,15500514363.786871
1705307700000,70496.23256280956,70613.8246342702,70281.48238358732,70398.91211853406,442.5257634125102,15479151381.12146
1705308000000,70398.91211853406,70671.61806140664,69922.47422756453,70194.3879001001,310.9148966644981,15438165066.880571
1705308300000,70194.3879001001,70279.60624792133,70055.4099934129,70140.5629959902,782.5726641821243,15438330515.803692
1705308600000,70140.5629959902,70208.83569073908,70018.49698811055,70086.71727106541,468.2711695262486,15396844078.840641
1705308900000,70086.71727106541,70248.25100258626,69847.76204772353,70009.11692833774,989.0813754792542,15402275823.814457
1705309200000,70009.11692833774,70134.16589549523,69842.53624203384,69967.51089327449,560.248644220148,15393879669.222387
1705309500000,69967.51089327449,70058.69710099028,69802.98551024159,69894.07601284831,399.16859357898045,15391389834.153843
1705309800000,69894.07601284831,70162.04577043864,69428.94590252334,69696.15684973677,917.3613529318902,15393076712.827185
1705310100000,69696.15684973677,69918.73734051586,69313.16633567068,69535.23290240006,904.6203652878215,15412325054.515907
1705310400000,69535.23290240006,69684.86635242314,69267.22367599324,69416.60184284575,915.0767323176224,15431581096.151
1705310700000,69416.60184284575,69549.11602769898,69188.34870882258,69320.67978137346,783.1968799766837,15420090248.277449
1705311000000,69320.67978137346,69531.9328933909,68946.94292723984,69157.69936032609,494.66067843022915,15430346751.927477
1705311300000,69157.69936032609,69301.72606472985,68951.38683419868,69095.28355245203,641.7515440091329,15413341781.210716
1705311600000,69095.28355245203,69286.26994577309,68779.42484905453,68970.06512590521,576.8279316221143,15412898339.216742
1705311900000,68970.06512590521,69126.65697209061,68708.08694533895,68864.4389745252,764.0741212863442,15412405754.08798
1705312200000,68864.4389745252,69134.55604019557,68391.46587243254,68660.78411283885,380.69488116537536,15388476620.19993
1705312500000,68660.78411283885,68778.36907241357,68479.70725418543,68597.18329423963,428.3509930659666,15381670226.244999
1705312800000,68597.18329423963,68870.86268576125,68141.93722680763,68414.88932750626,479.54941443146794,15352479363.076572
1705313100000,68414.88932750626,68614.67344249657,68105.72627883994,68305.19005168029,578.7431761575099,15366390663.584488
1705313400000,68305.19005168029,68481.7946829888,67989.3389659057,68165.58263905544,699.0758335817562,15341712993.371706
1705313700000,68165.58263905544,68416.22017432986,67688.54303567858,67938.34504268682,876.014236509202,15345170335.927246
1705314000000,67938.34504268682,68098.24618986358,67709.75921480781,67869.49832286703,688.3249908128232,15333994854.818056
1705314300000,67869.49832286703,68041.23395539078,67550.3276505567,67721.68926998449,996.8909243120747,15328181445.821823
1705314600000,67721.68926998449,67897.92210790413,67392.05411785789,67567.88671382781,460.0515553848585,15295360561.612345
1705314900000,67567.88671382781,67676.4151847188,67379.4297111807,67487.82959322119,833.7789877171199,15305917141.203695
1705315200000,67487.82959322119,67606.68140917656,67283.35295468099,67402.05371200386,730.7245787950703,15315686097.33815
1705315500000,67402.05371200386,67587.62584971287,67056.37853800254,67241.50866116387,717.901033449088,15327375293.10281
1705315800000,67241.50866116387,67570.94884182009,66672.58893918656,67000.85004729059,836.753126845921,15345961060.237125
1705316100000,67000.85004729059,67241.62839794734,66550.36873114614,66790.39076245099,522.5449176924715,15356340971.991333
1705316400000,66790.39076245099,67013.85554190124,66433.29586649995,66656.31205043415,538.943244529078,15326018012.678465
1705316700000,66656.31205043415,66801.26026215382,66453.60848328844,66598.43082876506,545.0820522265493,15292263984.196442
1705317000000,66598.43082876506,66871.23648675693,66118.4693269337,66390.42292682372,573.9183050842885,15258439707.079178
1705317300000,66390.42292682372,66644.14944668388,65920.32577155584,66173.2222080991,344.5545662765571,15232516520.904955
1705317600000,66173.2222080991,66412.61724802095,65723.86117784718,65962.49386528933,760.6085516872015,15220600037.066385
1705317900000,65962.49386528933,66204.63096328077,65560.97010364225,65802.51996464815,348.5680177092225,15218765939.869171
1705318200000,65802.51996464815,66055.47559118063,65352.26701317976,65604.46126976347,689.7971921620413,15218787560.796305
1705318500000,65604.46126976347,65911.45456733488,65080.5206742765,65386.49400325717,339.69918920066993,15188469677.363195
1705318800000,65386.49400325717,65543.12066580985,65118.74899371915,65275.1088445099,673.9916362779086,15207994004.811266
1705319100000,65275.1088445099,65425.96526470212,65000.04822056759,65150.616929179974,952.9603945103241,15218715716.309832
1705319400000,65150.616929179974,65347.965448813164,64780.69223313802,64977.51641190628,372.65481858716623,15192139552.248789
1705319700000,64977.51641190628,65219.852719342,64536.30813713716,64777.89996686944,693.8981595701894,15172843185.731005
1705320000000,64777.89996686944,64937.21091933909,64532.199996837415,64691.29796544468,383.7494648985721,15130792428.329891
1705320300000,64691.29796544468,64954.15787979931,64228.10733067067,64490.149920911834,694.5471307777448,15104996279.531988
1705320600000,64490.149920911834,64783.23052258395,63968.14615446591,64260.18164707652,937.5680203251522,15107753097.810001
1705320900000,64260.18164707652,64385.78258476761,64071.67619883144,64197.15394454991,497.7279154950901,15073356647.988138
1705321200000,64197.15394454991,64369.75286906367,63899.773050656404,64072.03558495696,823.6485851285482,15077268850.59085
1705321500000,64072.03558495696,64244.27378746949,63787.77682044885,63959.71307802519,541.6023774898929,15051864161.16939
1705321800000,63959.71307802519,64061.29882280596,63804.339893223136,63905.84007274569,943.598565675346,15069421236.471935
1705322100000,63905.84007274569,64173.925456956866,63424.4880004029,63691.67496067836,552.0946030071965,15035046645.514992
1705322400000,63691.67496067836,63968.500410065026,63200.39161271435,63476.28088698421,422.04721178209616,15005927786.085241
1705322700000,63476.28088698421,63623.30494759192,63271.16894387625,63418.05814870346,917.3562430755917,15039185796.836628
1705323000000,63418.05814870346,63604.79023105303,63059.37873345762,63245.603028203754,863.8153352580991,15055532111.71748
1705323300000,63245.603028203754,63507.926281361295,62769.40285004114,63030.83531296128,797.4800781597459,15063735849.41832
1705323600000,63030.83531296128,63199.73842361739,62723.17659099922,62891.70688056076,581.5616643988859,15033509309.521317
1705323900000,62891.70688056076,63013.64958904426,62687.19671108447,62808.97901590931,959.3167653981942,15020730636.68323
1705324200000,62808.97901590931,63014.8409409761,62441.83163120604,62647.16319074555,813.4145037577916,15004514983.14924
1705324500000,62647.16319074555,62846.25890076957,62291.20312672498,62489.79872487689,554.4921833013067,15013741215.914454
1705324800000,62489.79872487689,62711.512835382644,62089.41598453652,62310.49392072305,806.3153972547929,14996376960.305655
1705325100000,62310.49392072305,62540.64971920236,61879.611204934256,62109.02283117921,433.67555288874064,14980963150.465483
1705325400000,62109.02283117921,62389.70853172858,61626.10192172404,61905.86952332524,761.5281846291426,14992395619.020342
1705325700000,61905.86952332524,62109.049304651126,61579.18249074829,61781.95557705964,683.7438613452545,14995432413.026539
1705326000000,61781.95557705964,61921.563302775794,61545.57955069418,61684.968115349046,750.8000337692297,14997726704.498978
1705326300000,61684.968115349046,61906.67815472305,61265.06159797187,61486.056703736474,376.05512723311847,14972113718.060484
1705326600000,61486.056703736474,61638.06140481055,61216.79372641578,61368.5078253097,883.0215265528335,14977241711.182842
1705326900000,61368.5078253097,61521.70523221069,61120.54686215106,61273.50711382098,335.619996037981,14952251581.15045
1705327200000,61273.50711382098,61322.52591951203,60281.97922170513,61199.9789052844,1641.3544588680543,15016970726.84859
1705327500000,61199.9789052844,61580.30128946729,61144.89892426964,61506.49349727056,1745.8614509061708,15094965438.814718
1705327800000,61506.49349727056,61675.327308327745,61194.82898905291,61363.26965418537,610.0862392536162,15067434640.003147
1705328100000,61363.26965418537,61514.54944679075,61101.6766586746,61252.68382236373,766.8954761373889,15083495881.145689
1705328400000,61252.68382236373,61507.6266270415,60810.66197743524,61064.82287684206,694.3548034017385,15059502226.294752
1705328700000,61064.82287684206,61315.45954660682,60606.06884634752,60855.84779120521,847.3012384815943,15031396080.93556
1705329000000,60855.84779120521,61098.82101502943,60412.90935751633,60655.08099929976,628.005834460176,15030891191.709133
1705329300000,60655.08099929976,60755.02342152813,60476.958796859144,60576.772188310155,951.876727794703,15063968660.72462
1705329600000,60576.772188310155,60835.356451833446,60140.304824907354,60398.126503015555,728.6274281994379,15035323217.668413
1705329900000,60398.126503015555,60576.02165325895,60118.20169502073,60295.795441883776,773.3325859006138,15010472748.947203
1705330200000,60295.795441883776,60407.02135656804,60091.778698083246,60202.833127868245,306.06807801217025,14987679975.98597
1705330500000,60202.833127868245,60298.04793332358,60028.38063661641,60123.46992385877,896.8206477385974,14980876523.16643
1705330800000,60123.46992385877,60378.9689237605,59690.318272893426,59945.05910321005,442.1049492099063,14929210455.662117
1705331100000,59945.05910321005,60179.641841766286,59504.016560228396,59737.78818640917,888.4749594793927,14939701873.022736
1705331400000,59737.78818640917,59983.54286827472,59324.09968108158,59569.16064782382,708.4139647570296,14925681831.229183
1705331700000,59569.16064782382,59700.15355569617,59353.23650439891,59484.04223642219,792.5222517747625,14909257411.94769
1705332000000,59484.04223642219,59684.39715366627,59103.084694171164,59302.82924749183,693.3212892105332,14880647473.513126
1705332300000,59302.82924749183,59397.56562456107,59136.15020993209,59230.77147457869,590.6301087357724,14870229289.260056
1705332600000,59230.77147457869,59424.123424421385,58900.30885058882,59093.21175275288,410.7962950554851,14860402056.135574
1705332900000,59093.21175275288,59272.12312795624,58780.9106382028,58959.41693447707,988.3121140067594,14852135536.065453
1705333200000,58959.41693447707,59144.38752430039,58665.54489139292,58850.172754618296,983.2873089563274,14835570738.0785
1705333500000,58850.172754618296,58986.04132863391,58600.824431802364,58736.430406578074,611.4327219720799,14818809006.845537
1705333800000,58736.430406578074,58855.16979652565,58520.45338612752,58638.99580589893,566.6644001824346,14775975965.427511
1705334100000,58638.99580589893,58826.2736140734,58288.68492265194,58475.44037702733,313.96788366379405,14725444550.037909
1705334400000,58475.44037702733,58653.5471367104,58188.65009291204,58366.424808757656,951.6595267404284,14754684088.952984
1705334700000,58366.424808757656,58517.796429252965,58088.41970409274,58239.46205037703,925.7916302524482,14781558690.75298
1705335000000,58239.46205037703,58376.684989590634,58042.95972216891,58180.04265831006,696.7481042495383,14767804053.326746
1705335300000,58180.04265831006,58334.85079353704,57951.22521262412,58105.83589508015,920.5434937698968,14745879764.600801
1705335600000,58105.83589508015,58343.40704359391,57652.60931138958,57889.295112647065,510.07317881406254,14744662805.768005
1705335900000,57889.295112647065,58070.65316913879,57549.04058766427,57729.89928208938,995.0277615675345,14729077076.137487
1705336200000,57729.89928208938,57877.975728665166,57491.862612393335,57639.70771877326,973.1025773581559,14726488700.322575
1705336500000,57639.70771877326,57871.85858266508,57236.83076466813,57468.29122800116,964.1332421496815,14730791012.722801
1705336800000,57468.29122800116,57733.27335747097,56992.36889201279,57256.373885963796,859.5223683590064,14718173722.391521
1705337100000,57256.373885963796,57551.749694973216,56739.444220146885,57033.671143920736,592.4170627757255,14686725272.021032
1705337400000,57033.671143920736,57299.01179011924,56573.56701750663,56837.99732043376,434.41620289829336,14638438788.945934
1705337700000,56837.99732043376,57060.93420848113,56439.67810680641,56661.924380208395,941.1475391418564,14659966105.463602
1705338000000,56661.924380208395,56874.810574952106,56309.60061399673,56521.9609479827,336.40774901646057,14649847974.029608
1705338300000,56521.9609479827,56736.22932133886,56126.217173809935,56339.79497653252,614.2517477073352,14609499324.405449
1705338600000,56339.79497653252,56502.57839388268,56028.66109569168,56191.0146397762,824.9983362597799,14620952510.667072
1705338900000,56191.0146397762,56326.44799264812,55962.499510928625,56097.7079731345,356.1709302145481,14561047370.309557
1705339200000,56097.7079731345,56245.96896777312,55821.53945784039,55969.46150907101,984.7740638895452,14558842097.651714
1705339500000,55969.46150907101,56145.71268385153,55677.858420632714,55853.745197842756,313.44851115269455,14544374968.752188
1705339800000,55853.745197842756,56081.81841281281,55470.03364524482,55697.468720759294,566.0118533065765,14518384993.27153
1705340100000,55697.468720759294,55966.94439213805,55215.59749748443,55484.04056005317,787.799264211948,14485833228.545483
1705340400000,55484.04056005317,55711.33410349245,55094.69102802271,55321.31796906733,897.5386626687433,14499697107.21372
1705340700000,55321.31796906733,55447.21275721328,55107.82433918404,55233.51932385015,539.4900813150264,14503085624.34123
1705341000000,55233.51932385015,55353.559123630155,55052.282959553166,55172.189470282734,686.6678545998961,14498057945.237999
1705341300000,55172.189470282734,55337.275453866416,54871.1155535086,55035.79341340856,939.3501454212661,14505610456.278475
1705341600000,55035.79341340856,55117.445397007585,54889.19323832083,54970.74872057295,766.355815822923,14396591740.765118
1705341900000,54970.74872057295,55179.21598319916,54598.99231409543,54806.83797294749,379.46769011099053,14269313214.091885
1705342200000,54806.83797294749,54953.29202169952,54578.13569477274,54724.36937210883,374.93472598547277,14233978782.525026
1705342500000,54724.36937210883,54963.026720093585,54283.40581457904,54521.1770244983,407.80428946268677,14187678628.396166
1705342800000,54521.1770244983,54666.51633551525,54292.58349309569,54437.70027676338,904.5832794367379,14161193070.388428
1705343100000,54437.70027676338,54662.08079676567,54001.58157139785,54225.08573989926,864.8903715520677,14155628592.80794
1705343400000,54225.08573989926,54347.857100070105,54030.72871130031,54153.33762611216,409.3706533903512,14114979928.77211
1705343700000,54153.33762611216,54332.03515436751,53863.76409443162,54042.09453792793,622.5340980418177,14120471714.864477
1705344000000,54042.09453792793,54174.74900627464,53838.74900901481,53971.22952851241,374.0829164445074,14060925799.61033
1705344300000,53971.22952851241,54220.00214492832,53530.96971752711,53778.85561406569,439.66491701157025,14033928456.357567
1705344600000,53778.85561406569,53885.781358087006,53581.17804015397,53687.92298749151,364.19271754308096,14012135206.968103
1705344900000,53687.92298749151,53756.544273247615,53561.739135483134,53630.28675341474,854.114910810595,14008528351.111193
1705345200000,53630.28675341474,53817.299603298445,53270.80834499002,53457.217690012345,355.5883695992132,13953408543.82292
1705345500000,53457.217690012345,53660.290934517485,53096.32050640025,53298.79192320336,633.2308767161194,13908790162.715693
1705345800000,53298.79192320336,53550.195044509455,52870.66949390791,53121.23510395046,723.8204776822909,13874566237.308949
1705346100000,53121.23510395046,53328.89053895465,52735.609657457346,52942.56666229702,773.311533885214,13849006930.443336
1705346400000,52942.56666229702,53027.18892254132,52787.9150846714,52872.42523236219,429.4494931050321,13838520585.018118
1705346700000,52872.42523236219,53100.31425957465,52439.267432826724,52666.26788727904,438.40434986563855,13791265370.157873
1705347000000,52666.26788727904,52894.57266205304,52255.24116914843,52482.75040783276,980.9066014926278,13764041346.107609
1705347300000,52482.75040783276,52632.73586938778,52237.814303848965,52387.527637303276,353.04583185716683,13752293510.864716
1705347600000,52387.527637303276,52593.76584550018,52006.42501412973,52211.97209866877,994.386288966245,13744410654.570002
1705347900000,52211.97209866877,52440.93317154776,51805.08017662885,52033.257546576475,714.6157421745631,13748397392.247025
1705348200000,52033.257546576475,52184.74098627412,51772.65139117184,51923.81621639245,499.78211039886435,13700693507.875795
1705348500000,51923.81621639245,52121.931297858835,51589.86255871655,51787.45736360859,814.8102079968115,13664124739.578598
1705348800000,51787.45736360859,51958.228076686515,51497.36333593904,51667.73927498472,977.6973298078158,13634625445.428837
1705349100000,51667.73927498472,51887.384907263186,51286.239945571506,51505.19458125268,345.25733622263147,13620119186.931902
1705349400000,51505.19458125268,51727.86193079696,51092.26218949188,51314.10341335655,813.0399260094969,13622924583.183186
1705349700000,51314.10341335655,51479.21332849925,51044.83429864605,51209.6079859292,355.9661281989851,13563804508.120268
1705350000000,51209.6079859292,51345.790723635735,50991.70836002172,51127.673206926964,308.399260670076,13551657696.218605
1705350300000,51127.673206926964,51228.07014639894,50942.68459494,51042.915099014164,711.6970363257101,13516439386.042046
1705350600000,51042.915099014164,51133.39221642207,50894.41366047894,50984.787743105335,776.7565706659466,13477116675.372803
1705350900000,50984.787743105335,51093.3547802305,50782.08209372927,50890.448244269915,483.7061130181271,13440318981.857422
1705351200000,50890.448244269915,50997.5097738972,50714.178080289676,50821.09370428254,819.5348528599422,13409850009.635658
1705351500000,50821.09370428254,50985.615371047905,50533.089685133506,50697.210307737914,834.388735460946,13411972466.214224
1705351800000,50697.210307737914,50916.95175182769,50329.29364942219,50548.390048578345,433.1995357549052,13367221860.103884
1705352100000,50548.390048578345,50667.79979195951,50322.52238752461,50441.68005139607,547.0264754206886,13345025082.169209
1705352400000,50441.68005139607,50604.53756924159,50154.399458832,50316.85395942114,946.4122143192302,13367557153.494732
1705352700000,50316.85395942114,50452.38089193418,50114.749521316706,50250.096645011574,624.5367006069246,13368656231.510508
1705353000000,50250.096645011574,50345.98080901625,50095.75638178333,50191.52879018608,399.4580232836413,13326625952.947283
1705353300000,50191.52879018608,50307.531147880625,49995.02114264828,50110.83700597933,317.135874266574,13275809356.799715
1705353600000,50110.83700597933,50312.16073814446,49737.94929502313,49938.58097675039,992.8334937183212,13245290237.843277
1705353900000,49938.58097675039,50070.16453634012,49709.594556251745,49840.92079024835,309.7651154105878,13220828045.2594
1705354200000,49840.92079024835,49963.95311512596,49644.58571556451,49767.43664481156,420.94596405123957,13166555932.38623
1705354500000,49767.43664481156,49891.18928796426,49541.12376216591,49664.62074136105,366.39234283173494,13127079916.50822
1705354800000,49664.62074136105,49815.94432354707,49381.24374725429,49532.16374502001,536.1206526937301,13084003645.665115
1705355100000,49532.16374502001,49752.21691038796,49126.10759084302,49345.33072590049,512.4654917481892,13079018310.744698
1705355400000,49345.33072590049,49435.46589248115,49207.54482174183,49297.59278925405,459.41750357271906,13043096272.3157
1705355700000,49297.59278925405,49467.06939112769,49011.71438293304,49180.78943506692,602.9993698341793,13010491587.57867
1705356000000,49180.78943506692,49248.394247060314,49064.914540103986,49132.452907823616,978.369939819369,13010131148.824163
1705356300000,49132.452907823616,49377.87287005136,48709.01858397332,48953.54488840936,346.8342555095644,12986746805.042894
1705356600000,48953.54488840936,49130.68514231012,48637.56271943455,48814.19874404099,502.5252990352694,12972537957.77699
1705356900000,48814.19874404099,49030.86264949671,48446.5647929805,48662.555623972745,862.5354323646627,12942523856.373219
1705357200000,48662.555623972745,48797.550194777345,48403.40162522045,48538.05080778951,515.6053739939334,12937380049.364223
1705357500000,48538.05080778951,48745.97894598665,48169.31547708457,48376.55178297715,778.8402977059493,12922442948.05633
1705357800000,48376.55178297715,48514.79882284518,48117.15369039404,48255.05352124418,390.59965439696384,12910965553.671644
1705358100000,48255.05352124418,48448.936428243134,47919.47812858583,48112.789435878236,864.9869991984974,12896241883.767096
1705358400000,48112.789435878236,48201.33304613025,47966.767857240375,48055.20549379633,979.3014938493529,12889321560.841677
1705358700000,48055.20549379633,48263.35550078502,47675.04613885258,47882.44785011827,591.9004050811893,12858939741.747227
1705359000000,47882.44785011827,48061.65128743635,47552.925299178074,47731.56404320983,463.40684471355587,12802286003.245771
1705359300000,47731.56404320983,47814.330024710034,47593.57577233508,47676.24583269632,941.0165379292367,12779241016.354095
1705359600000,47676.24583269632,47771.414516730496,47540.53915080925,47635.62675328454,688.497023571507,12736261525.961182
1705359900000,47635.62675328454,47760.913122755024,47413.76016686411,47538.79185104615,436.0644402451744,12690353724.564981
1705360200000,47538.79185104615,47727.24214757812,47190.39503801899,47378.20876113938,742.8772121712004,12652872341.995092
1705360500000,47378.20876113938,47440.531091753786,47276.10750110312,47338.377436723415,714.9843478692396,12609096009.534616
1705360800000,47338.377436723415,47538.209794168535,46995.34892054997,47194.57423282797,642.0115440659866,12570984610.398214
1705361100000,47194.57423282797,47315.273532486244,46963.994821624525,47084.412384278396,657.6723263897725,12545508964.835184
1705361400000,47084.412384278396,47298.71768936117,46708.34512227286,46921.9107993136,736.524898001242,12550235908.045013
1705361700000,46921.9107993136,47122.63012017766,46558.199808038655,46758.21889895659,721.8198435776037,12518477305.782797
1705362000000,46758.21889895659,46870.632486976196,46596.63042738,46708.925506884974,486.20512371396876,12470612058.706448
1705362300000,46708.925506884974,46872.67625055741,46434.730044914875,46598.09223263391,853.8971054476647,12472121449.335894
1705362600000,46598.09223263391,46749.93945997304,46312.156666777635,46463.56551761463,893.4409480127058,12463565471.678482
1705362900000,46463.56551761463,46650.75055630718,46112.89812548144,46299.42188837114,743.148874507377,12428927185.304893
1705363200000,46299.42188837114,46336.46142588183,45550.204643373516,46243.862582105095,1859.869424227789,12459906270.358418
1705363500000,46243.862582105095,46531.24137513167,46202.2431057812,46475.47081015947,1531.5081768133928,12487327206.402626
1705363800000,46475.47081015947,46636.1734027167,46181.67110855285,46341.91188188244,989.6991984540059,12460826162.71113
1705364100000,46341.91188188244,46467.74024253532,46129.58341522156,46255.176269840485,876.8955094181747,12435694100.796968
1705364400000,46255.176269840485,46398.17736063858,46031.83399915079,46174.58593934352,718.311031338252,12398173128.913435
1705364700000,46174.58593934352,46377.41409175123,45819.474859737136,46021.63113736228,814.8464167068912,12375756177.36585
1705365000000,46021.63113736228,46216.81511195136,45685.186345521586,45879.768662127724,497.7193808090577,12364156560.293636
1705365300000,45879.768662127724,45971.3660893262,45729.155912287766,45820.63528166533,873.0105742580496,12340616739.860336
1705365600000,45820.63528166533,46010.10535896469,45465.89584336283,45654.67968794242,400.84172045642407,12284947688.094236
1705365900000,45654.67968794242,45862.601469796995,45284.410034699424,45491.58906480989,833.6615405603965,12280919857.43437
1705366200000,45491.58906480989,45680.98728963157,45147.916920345386,45336.670160764,936.8646368018227,12248883254.638632
1705366500000,45336.670160764,45524.508082754015,45004.71216540182,45191.95048793916,688.685053660608,12213998218.198484
1705366800000,45191.95048793916,45325.578173927686,44975.11191041586,45108.49282115414,375.4214104699498,12168389955.97705
1705367100000,45108.49282115414,45258.79458551565,44832.269162713055,44982.14995188835,794.4077121062556,12147128925.65317
1705367400000,44982.14995188835,45101.36103209055,44761.78617696787,44880.72847134582,389.97497801454807,12126212750.261961
1705367700000,44880.72847134582,44929.567787740794,44798.73577261024,44847.53897211252,907.4163886053608,12121105309.13624
1705368000000,44847.53897211252,44963.502640108054,44644.655388610016,44760.39372243935,520.6881119479465,12067558469.079952
1705368300000,44760.39372243935,44863.006958098806,44593.81499548133,44696.28125325783,740.2232371567318,12060551255.648052
1705368600000,44696.28125325783,44800.08513902134,44518.998661254365,44622.631500785894,528.6273258116651,12004971201.62473
1705368900000,44622.631500785894,44681.21377099847,44516.303448519655,44574.82295387235,498.03624322123756,11973103413.266918
1705369200000,44574.82295387235,44697.75073114464,44368.523450082634,44491.22067023272,918.2817292079021,11962887690.386574
1705369500000,44491.22067023272,44689.57429010228,44142.38026271783,44340.05996822917,392.3067297613146,11943003100.161345
1705369800000,44340.05996822917,44501.7951833936,44029.6145161892,44190.80530866914,406.0989482073281,11925367193.941628
1705370100000,44190.80530866914,44337.08401225808,43957.22972875347,44103.21850587751,464.5095181785641,11921113989.145908
1705370400000,44103.21850587751,44219.9015940335,43930.28109886575,44046.814961182885,536.7106345058314,11898377518.500526
1705370700000,44046.814961182885,44196.504945068256,43796.275353272875,43945.621438130634,644.7189910739057,11880504709.12802
1705371000000,43945.621438130634,44065.241711587,43743.06521565419,43862.4591207302,749.2730956733978,11855366438.245407
1705371300000,43862.4591207302,43981.68005857134,43641.22534563125,43760.1682504178,875.9921659725278,11829136249.743824
1705371600000,43760.1682504178,43839.26131586788,43634.370346534604,43713.37884380893,380.67440341364477,11778146611.192379
1705371900000,43713.37884380893,43769.469570071284,43623.661432821864,43679.70895564101,467.4857626822585,11725777494.233171
1705372200000,43679.70895564101,43785.92038494492,43505.41938098827,43611.464868205076,336.7381710561498,11697421064.76651
1705372500000,43611.464868205076,43673.858356028235,43507.26238820884,43569.595975584954,329.6763824635976,11641188413.423347
1705372800000,43569.595975584954,43713.503198416314,43303.066382146215,43446.56724999927,406.84152221750253,11605884558.062935
1705373100000,43446.56724999927,43518.77234250438,43337.006944648005,43409.14985210957,526.0651780014313,11562426838.786207
1705373400000,43409.14985210957,43504.69281743924,43261.77474148791,43357.203373304015,313.47901193181315,11535509721.44804
1705373700000,43357.203373304015,43441.76915632032,43222.45124199053,43306.91894806777,768.7494516396487,11506123201.619303
1705374000000,43306.91894806777,43402.9218290261,43152.28900504798,43248.161632649695,328.09101447527917,11466732067.598934
1705374300000,43248.161632649695,43339.90973661425,43084.30651182576,43175.90132033459,707.9174298347946,11442611828.255882
1705374600000,43175.90132033459,43368.12916464241,42837.098582929364,43028.67092775444,707.1082511332099,11422696257.996902
1705374900000,43028.67092775444,43183.444348868754,42774.4862816872,42928.90083140707,414.92542533596634,11407936248.210352
1705375200000,42928.90083140707,43084.290419851306,42654.762546952785,42809.72073964613,940.6404639734018,11421843632.94738
1705375500000,42809.72073964613,42882.965832039285,42686.33530086538,42759.49445883722,689.3839036078036,11420120391.489195
1705375800000,42759.49445883722,42855.98527320842,42583.44747078059,42679.75835314205,441.1101417833568,11376896009.653788
1705376100000,42679.75835314205,42772.25623281589,42520.57430994283,42612.9273498533,528.9406584840244,11336981510.423578
1705376400000,42612.9273498533,42738.29339486441,42377.13736744354,42502.177589746054,499.7672111999604,11297090140.097395
1705376700000,42502.177589746054,42681.06055881762,42184.2730110543,42362.56839358476,755.986032413635,11294378339.139894
1705377000000,42362.56839358476,42469.058162143934,42178.87924686737,42285.17446486292,429.3824261343884,11253102217.711569
1705377300000,42285.17446486292,42470.97680587761,41963.45567356479,42148.65815777946,819.9693855133539,11217526506.44983
1705377600000,42148.65815777946,42197.63269720512,42069.29705144854,42118.23624219718,699.1448828204852,11146066697.063215
1705377900000,42118.23624219718,42214.81964301468,41975.696550429195,42072.174324395564,771.9444330784655,11023333829.084526
1705378200000,42072.174324395564,42149.9171064217,41966.445996810384,42044.13697020169,552.6568250704246,10990659021.729258
1705378500000,42044.13697020169,42216.7475866342,41739.45849016438,41911.52467181429,696.7926153774899,10990362757.985237
1705378800000,41911.52467181429,41960.04480614602,41835.58925463881,41884.077614060436,657.7695683886764,10966353205.956568
1705379100000,41884.077614060436,42002.55789337795,41666.65219880701,41784.851791432826,426.643402891238,10947768899.321291
1705379400000,41784.851791432826,41913.84838458176,41560.56116359726,41689.26265763556,803.9594722688213,10948648803.61573
1705379700000,41689.26265763556,41767.20599541115,41564.70777633076,41642.563804707344,573.5280738865515,10923075818.829638
1705380000000,41642.563804707344,41738.92674664669,41504.277984502776,41600.54368982842,636.1229016824134,10876123290.767942
1705380300000,41600.54368982842,41709.74254414947,41430.3137914792,41539.35202145529,766.917019338543,10864461587.979326
1705380600000,41539.35202145529,41569.731650128575,41490.78578434478,41521.1521025847,375.0831128588963,10849849779.96101
1705380900000,41521.1521025847,41665.58928401819,41242.60466886528,41386.57370035312,335.0196279586567,10822084443.727634
1705381200000,41386.57370035312,41540.8545889896,41100.40213339061,41254.18952021899,300.00663557956057,10785203047.08009
1705381500000,41254.18952021899,41376.382971200466,41054.36079329635,41176.323608199054,972.845877793737,10790582261.039614
1705381800000,41176.323608199054,41323.028479786415,40909.76360536425,41056.03992479392,752.0404810722903,10780801829.20494
1705382100000,41056.03992479392,41112.716107332424,40987.46395232018,41044.123684977385,560.9746765588943,10780089456.99729
1705382400000,41044.123684977385,41181.11275162985,40810.86975275872,40947.53644938434,508.22894900523556,10775149485.936523
1705382700000,40947.53644938434,41087.67427605249,40681.7818923275,40821.488335075475,399.2866581969556,10718096076.190752
1705383000000,40821.488335075475,40948.900007017015,40620.72573342554,40747.907746277626,988.2981446414419,10715582113.372784
1705383300000,40747.907746277626,40779.03652772693,40699.69641629268,40730.81213779635,745.696849532294,10693936702.64931
1705383600000,40730.81213779635,40789.75757269517,40659.83270501059,40718.76069912549,916.2033971527975,10698904833.59408
1705383900000,40718.76069912549,40749.55961763806,40673.847778386335,40704.6360132474,378.8107369860014,10680465096.450396
1705384200000,40704.6360132474,40774.02462563547,40596.30289496833,40665.62500584855,920.5080040234618,10647858635.317389
1705384500000,40665.62500584855,40729.29023977751,40559.82236068181,40623.421521737466,315.7912633718081,10591852876.04006
1705384800000,40623.421521737466,40692.42134593376,40496.72968311186,40565.631349359246,784.2610635407746,10592098317.93534
1705385100000,40565.631349359246,40692.70499796383,40339.26090896406,40466.02252849677,564.197515852218,10591092515.656626
1705385400000,40466.02252849677,40615.70735113564,40196.19341431265,40345.43217022041,625.9911081842853,10544553153.37778
1705385700000,40345.43217022041,40457.26669360384,40130.76047452751,40242.30914860032,928.1856792481511,10543595100.116411
1705386000000,40242.30914860032,40340.98541427778,40099.44525623017,40198.01290518118,913.4630784137253,10548872814.385645
1705386300000,40198.01290518118,40278.12572604527,40080.57801079587,40160.61630192176,441.88904211937415,10518882284.178202
1705386600000,40160.61630192176,40291.26077575352,39940.00212646308,40070.352969203115,974.2327258765257,10488519338.322832
1705386900000,40070.352969203115,40210.68574372219,39831.21138560152,39971.1968997321,867.2477491301597,10472953660.357292
1705387200000,39971.1968997321,39982.92812681984,39957.845544540774,39969.57629599426,694.2483781633879,10472732349.686823
1705387500000,39969.57629599426,40022.217988107805,39899.11924641267,39951.73744397254,792.0628543344835,10463678446.363464
1705387800000,39951.73744397254,40019.227808273055,39859.09550853028,39926.54331245112,819.7681757294101,10464881290.016544
1705388100000,39926.54331245112,40024.05211938606,39743.95547066934,39841.25598846832,557.1080075158196,10418477756.079018
1705388400000,39841.25598846832,39896.082624695,39765.636235639475,39820.434218462,561.2872232572804,10372623775.352474
1705388700000,39820.434218462,39873.785341337585,39756.41142898931,39809.748234863204,678.5369105785115,10372792639.040468
1705389000000,39809.748234863204,39927.89835061418,39612.18745907372,39730.10119284161,584.9011519683444,10357967836.844673
1705389300000,39730.10119284161,39803.90716065214,39608.26542523431,39681.98200280207,988.4589541197269,10348477074.375917
1705389600000,39681.98200280207,39722.295814271296,39616.34658013535,39656.634640653465,770.8605596882213,10347190097.955208
1705389900000,39656.634640653465,39707.08330007127,39595.83752484792,39646.27300284624,585.4780446904167,10338769140.969526
1705390200000,39646.27300284624,39659.67222397292,39631.51696701599,39644.91572942599,477.24021464094994,10314112304.807337
1705390500000,39644.91572942599,39795.721395067376,39395.60201957507,39546.03153871881,751.8248984708534,10317043288.569971
1705390800000,39546.03153871881,39640.5722860092,39390.59360713511,39484.988421656024,776.2363680824137,10310818685.55056
1705391100000,39484.988421656024,39517.66270165732,39443.817417640326,39476.48466068206,942.8090781107401,10287848172.137495
1705391400000,39476.48466068206,39497.166977012785,39458.760867763864,39479.44185639977,539.154915348796,10285569643.690557
1705391700000,39479.44185639977,39560.67042769677,39360.24374185002,39441.39403011096,895.7685005598879,10270012785.52619
1705392000000,39441.39403011096,39540.075799413076,39298.28228207517,39396.852609418675,854.5944597130191,10250157069.8819
1705392300000,39396.852609418675,39437.843402722094,39341.50328769483,39382.47912598409,876.4103598392251,10260891422.511469
1705392600000,39382.47912598409,39444.45919434345,39313.2171639575,39375.18575402238,680.7977157040305,10218262583.155315
1705392900000,39375.18575402238,39459.74939906071,39241.23063462272,39325.687976353,478.3020142775303,10172363834.597967
1705393200000,39325.687976353,39423.35612894428,39182.796839345014,39280.35239779154,817.7978847827585,10174371679.082525
1705393500000,39280.35239779154,39354.42517877469,39177.24825859523,39251.26619036903,642.4259944397579,10133286977.441172
1705393800000,39251.26619036903,39369.33825073004,39062.5843164125,39180.443333949945,561.3254881196879,10090095670.07852
1705394100000,39180.443333949945,39216.14536176562,39146.37731807497,39182.07792467157,873.55262991011,10093169944.966295
1705394400000,39182.07792467157,39288.709111178454,38993.38570833804,39099.79296228095,585.5989134420503,10094242260.380428
1705394700000,39099.79296228095,39131.79502027009,39048.61802115438,39080.60437383477,748.3285430873303,10068597304.863466
1705395000000,39080.60437383477,39181.19189956831,38926.51176149519,39026.961217912416,926.6640464017037,10071942597.599642
1705395300000,39026.961217912416,39118.96368483249,38850.988015061856,38942.79206094586,855.5157965309644,10036014057.701233
1705395600000,38942.79206094586,39002.20198729178,38836.86951342274,38896.20837312664,401.04888484694504,10012414135.576633
1705395900000,38896.20837312664,39044.841306902556,38651.43736596576,38799.701520954026,469.2833448131412,10002722669.262587
1705396200000,38799.701520954026,38902.81770471916,38639.80290820495,38742.76778178778,679.3768178431244,9965107046.810785
1705396500000,38742.76778178778,38880.74262982743,38512.76247783301,38650.408405881004,316.45392933006576,9914435132.632494
1705396800000,38650.408405881004,38763.01921785556,38438.82162269438,38551.1432182326,429.9998818290205,9867490602.477762
1705397100000,38551.1432182326,38574.53753469207,38515.37243722575,38538.759238610066,477.4037310244109,9831597409.804691
1705397400000,38538.759238610066,38582.618148867514,38503.22363456969,38547.07487718952,550.2600026362354,9818598728.84398
1705397700000,38547.07487718952,38641.64755715054,38398.05148703929,38492.490247247515,510.1508344726168,9793893699.961008
1705398000000,38492.490247247515,38565.614513913824,38363.67464810262,38436.692916459404,599.9667162707481,9777170576.383986
1705398300000,38436.692916459404,38498.40599525428,38343.07296665029,38404.73473411541,730.3622239480565,9752602408.15719
1705398600000,38404.73473411541,38529.63377347311,38185.568613850446,38310.16007958265,322.06262685355836,9738801869.899042
1705398900000,38310.16007958265,38381.19479574013,38177.294530578496,38248.214387004766,790.4420519733297,9739651195.377808
1705399200000,38248.214387004766,38278.81295851437,37629.281781794256,38202.31652974036,1507.0042178208705,9764413927.403255
1705399500000,38202.31652974036,38439.721776666775,38167.9344448636,38393.649397389905,1488.2061360808573,9782020429.384436
1705399800000,38393.649397389905,38448.056206760935,38321.11578332758,38375.49686914382,545.7384449570299,9755310501.865273
1705400100000,38375.49686914382,38435.54835107181,38330.352838032864,38390.38680379226,319.1296902744256,9708047056.653214
1705400400000,38390.38680379226,38512.56335066279,38176.46070965944,38298.344333427834,934.1127906797828,9697105758.147367
1705400700000,38298.344333427834,38372.21652525586,38183.328111306066,38257.120788636494,358.07527804205307,9643293549.898516
1705401000000,38257.120788636494,38309.69741862283,38192.48808875414,38245.04812732341,945.6176226273471,9648374030.00918
1705401300000,38245.04812732341,38329.59192868659,38118.080569089245,38202.530381503966,468.9650477657177,9610019747.252853
1705401600000,38202.530381503966,38249.11176673931,38174.63907938303,38221.206829122566,516.8695046517106,9580522786.185186
1705401900000,38221.206829122566,38272.595697839766,38165.27799255959,38216.660749017836,451.5887478709375,9549508251.60212
1705402200000,38216.660749017836,38270.861322802375,38116.44037413971,38170.57558789208,389.86890849024314,9508326601.464611
1705402500000,38170.57558789208,38226.44159748907,38120.946624258184,38176.804535046416,954.8767287612421,9509879764.449982
1705402800000,38176.804535046416,38248.62959217743,38063.868306730015,38135.61587235573,624.2259844565302,9497761037.725954
1705403100000,38135.61587235573,38172.75203783726,38086.74619519625,38123.87092353816,947.4863311273161,9497581274.964457
1705403400000,38123.87092353816,38149.943162765325,38081.590950703525,38107.652098163635,709.9627433893679,9486533609.192204
1705403700000,38107.652098163635,38148.36368440612,38056.31937099118,38097.0195982043,931.583221377493,9499223867.557346
1705404000000,38097.0195982043,38168.485438727614,37969.25330652323,38040.61333506838,503.20066005575836,9468194292.371925
1705404300000,38040.61333506838,38104.71935981291,37925.10268704498,37989.121938510834,408.35733322795727,9460770774.954058
1705404600000,37989.121938510834,38019.267796200584,37965.71346534864,37995.85517409374,640.3732163781663,9439848529.763744
1705404900000,37995.85517409374,38126.39793056005,37778.03960092458,37908.28147953384,864.7618603535747,9450418426.781212
1705405200000,37908.28147953384,37981.90919886349,37850.118998293794,37923.72302573854,330.71227305824783,9418965390.007557
1705405500000,37923.72302573854,38013.06771234443,37768.25063887371,37857.43916700905,778.1231947876429,9386337183.907248
1705405800000,37857.43916700905,37894.626995240265,37829.86747158702,37867.04830145453,611.2664898178946,9385269857.011518
1705406100000,37867.04830145453,37922.38525163762,37805.38310166596,37860.710790537654,371.07640441584056,9354369807.872467
1705406400000,37860.710790537654,37971.54421878372,37680.456398895665,37791.08600758248,962.670700428219,9365924928.131496
1705406700000,37791.08600758248,37839.49082141795,37721.72887540275,37770.10681798697,556.6729505064795,9342159076.343815
1705407000000,37770.10681798697,37783.63475949514,37751.53761163787,37765.063746892985,667.6226543514626,9307123597.151684
1705407300000,37765.063746892985,37806.50928361048,37718.50067373923,37759.940588009726,374.4296773749382,9289309323.91021
1705407600000,37759.940588009726,37809.692738126934,37680.66482413501,37730.37802288855,690.0970912831532,9262574106.580963
1705407900000,37730.37802288855,37775.73335149352,37650.20625243745,37695.51967815772,483.9429036859178,9246175853.16333
1705408200000,37695.51967815772,37769.675756170625,37646.59952727889,37720.72289728584,580.9288811309598,9207787451.480581
1705408500000,37720.72289728584,37814.138097673545,37649.74536318978,37743.118422837426,912.8730848153613,9207078298.42351
1705408800000,37743.118422837426,37825.47998547079,37593.42821486435,37675.642534242324,699.2944369521252,9206634678.293653
1705409100000,37675.642534242324,37708.7546162906,37637.126872579924,37670.23420139378,997.5643089573325,9186036207.876583
1705409400000,37670.23420139378,37727.48474550956,37575.21367753617,37632.406732144846,346.77321970169066,9144453596.940804
1705409700000,37632.406732144846,37667.82888449775,37606.74702444936,37642.16252480177,589.2790368280923,9116369498.74569
1705410000000,37642.16252480177,37675.92993966341,37592.66104829492,37626.41433602921,403.17106180071954,9094963974.434954
1705410300000,37626.41433602921,37728.986929659,37460.639932980725,37563.039762490065,307.8355346642508,9046273506.276348
1705410600000,37563.039762490065,37677.090453912686,37378.190141497296,37492.02521516708,378.9268081426187,9009522128.5633
1705410900000,37492.02521516708,37528.0936453017,37453.73407478996,37489.8003645529,306.2002436246044,8986351409.639347
1705411200000,37489.8003645529,37548.28981365051,37453.73438399463,37512.20228197407,944.5121606482066,8971540230.208536
1705411500000,37512.20228197407,37597.193305667315,37447.93983956058,37532.89541369063,432.066908216666,8960821787.470657
1705411800000,37532.89541369063,37584.19600687206,37459.393137274106,37510.66334328751,369.33290973821715,8927532645.47346
1705412100000,37510.66334328751,37578.16731861201,37411.72514642813,37479.17245092274,678.981981434561,8910737295.378994
1705412400000,37479.17245092274,37524.889184030675,37449.28677090489,37494.990890478635,388.86890784272504,8879004855.39209
1705412700000,37494.990890478635,37557.97541515766,37415.29712472754,37478.25353379886,347.59581189142074,8868909992.480656
1705413000000,37478.25353379886,37545.98044768724,37394.72946664068,37462.42778182876,696.3101865001984,8840805749.093996
1705413300000,37462.42778182876,37549.03048056906,37330.68910320654,37417.18721836482,887.8396633113656,8853461597.781235
1705413600000,37417.18721836482,37466.59531956947,37336.01445175875,37385.380553362666,483.72791695947956,8771095091.78223
1705413900000,37385.380553362666,37477.37952354753,37228.39480044183,37320.23345485929,909.4681085969605,8697654837.937523
1705414200000,37320.23345485929,37361.33607477656,37295.336039581845,37336.427855742375,770.1591864865024,8688972944.429586
1705414500000,37336.427855742375,37428.51402335636,37277.92328538155,37369.95691440829,724.5055585016362,8669073279.810396
1705414800000,37369.95691440829,37464.87482270151,37302.00015373249,37396.8691225396,389.12844535377667,8641224812.269737
1705415100000,37396.8691225396,37440.65508380211,37352.25076537384,37396.03575088678,922.1208988470754,8624145243.167328
1705415400000,37396.03575088678,37443.76438687127,37351.48366315941,37399.208519239124,410.09958810313356,8601390898.419235
1705415700000,37399.208519239124,37421.19151471174,37375.631764371334,37397.61382249226,841.16941878601,8575187007.811311
1705416000000,37397.61382249226,37426.21298209908,37349.29744829852,37377.881517976646,346.4337832717647,8544128237.134311
1705416300000,37377.881517976646,37483.57062486412,37214.13710883051,37319.66159398127,401.89465091409267,8512498106.09485
1705416600000,37319.66159398127,37353.06788851828,37290.95404430709,37324.35672718836,575.2871401353436,8515544163.107491
1705416900000,37324.35672718836,37382.55634607389,37251.58158289934,37309.75843877175,941.9775362241107,8496769148.197354
1705417200000,37309.75843877175,37373.28717678384,37214.18346525024,37277.6575438534,528.9614367747959,8489985584.181141
1705417500000,37277.6575438534,37358.58275972912,37165.759276913086,37246.61710781472,658.0079722512606,8461418626.239164
1705417800000,37246.61710781472,37314.79463468537,37156.68853761622,37224.82617759656,781.9161825827715,8448325694.949485
1705418100000,37224.82617759656,37300.063678674305,37162.87073036088,37238.08616207383,723.6433723534592,8428130362.101922
1705418400000,37238.08616207383,37291.1011658246,37195.03607379801,37248.039570643836,628.5296703573515,8410425946.107013
1705418700000,37248.039570643836,37330.60262948519,37112.3683850268,37194.81346423201,539.6870171496076,8395516027.042426
1705419000000,37194.81346423201,37235.532744350676,37148.99969309535,37189.713389872224,476.1150571732592,8388947337.108342
1705419300000,37189.713389872224,37241.59873449088,37105.53107078257,37157.37129322422,502.26287257748595,8349339799.160386
1705419600000,37157.37129322422,37183.21660339193,37127.07385695244,37152.916068228384,934.0675743439424,8326176505.352537
1705419900000,37152.916068228384,37265.54105871113,37080.30984553144,37192.85678172812,543.9592509019261,8310494528.34401
1705420200000,37192.85678172812,37263.694742998174,37095.52373156299,37166.31113367326,662.37023303859,8301883755.125156
1705420500000,37166.31113367326,37199.79785532772,37118.55410173961,37152.027954297366,596.6936787126901,8305692725.09536
1705420800000,37152.027954297366,37221.39329542469,37096.51375888431,37165.85843390027,923.3852770241004,8284466167.370152
1705421100000,37165.85843390027,37251.238185129965,37036.96948134161,37122.24905034828,506.5107094718235,8249351377.55719
1705421400000,37122.24905034828,37181.72879262138,37080.75547022849,37140.21513082502,679.9431427347081,8234067777.727752
1705421700000,37140.21513082502,37205.49569930166,37052.688043592054,37117.9294409843,707.224318117491,8206829530.883307
1705422000000,37117.9294409843,37195.834783020495,37001.896991366426,37079.722141625505,913.301969349554,8211166737.360775
1705422300000,37079.722141625505,37124.48959975298,37049.059135508636,37093.81493962345,852.9615181938631,8185363481.609102
1705422600000,37093.81493962345,37181.34515934997,37042.290787032885,37129.77106288642,753.2341343663949,8157241544.435569
1705422900000,37129.77106288642,37148.775911093464,37110.13203817451,37129.1365616125,639.0403226161675,8125561469.899906
1705423200000,37129.1365616125,37187.19453327709,37045.8016899658,37103.82007482583,676.1860306484967,8101437420.632087
1705423500000,37103.82007482583,37176.85320951178,36992.23178375332,37065.18887890131,476.7749859921671,8085321455.602223
1705423800000,37065.18887890131,37215.15333211271,36968.48648633743,37118.31234141722,988.7072963651767,8097329254.866658
1705424100000,37118.31234141722,37187.69838456884,36995.47924456354,37064.765190898725,953.8853986439675,8079357562.492949
1705424400000,37064.765190898725,37192.20568177967,36987.277219469375,37114.613496979546,993.5976273227552,8097220128.750042
1705424700000,37114.613496979546,37158.59541854961,37082.74578119805,37126.71731007265,697.2175485964509,8088498710.050596
1705425000000,37126.71731007265,37166.6049271791,37056.67169985842,37096.526881448226,599.3951077735342,8064376693.188161
1705425300000,37096.526881448226,37245.45490591269,37005.174424823315,37153.96101423804,633.4577084036213,8067931783.358662
1705425600000,37153.96101423804,37174.977107104736,37124.68970865725,37145.7011293301,426.77330960364355,8028667303.103176
1705425900000,37145.7011293301,37199.43757727708,37081.39050377773,37135.11163253768,338.151501333149,8023717323.579328
1705426200000,37135.11163253768,37243.0823266583,37071.27085405569,37179.165812490595,683.9434897501458,8017620344.495999
1705426500000,37179.165812490595,37241.50505125571,37096.92897467663,37159.23479460473,948.0234669157578,8009137884.765202
1705426800000,37159.23479460473,37230.290205277895,37115.43901648522,37186.46233684745,923.9180770680894,7993842107.793397
1705427100000,37186.46233684745,37223.065524604855,37164.226481626516,37200.82108349025,536.3241254075272,7983995869.794103
1705427400000,37200.82108349025,37263.31822717409,37159.67756901777,37222.15112201938,600.8618501460268,7968476271.406557
1705427700000,37222.15112201938,37279.33734086289,37142.874983448055,37200.027212242414,699.4319701657339,7942797279.183575
1705428000000,37200.027212242414,37249.685954194174,37132.84194850791,37182.477262831395,888.5375973988595,7933708155.213877
1705428300000,37182.477262831395,37244.47787643325,37090.6683010742,37152.619127172155,521.7024559799272,7932293343.650727
1705428600000,37152.619127172155,37217.69235733958,37065.86233414438,37130.89751867027,877.5835601113021,7944360742.45003
1705428900000,37130.89751867027,37188.84269609494,37049.92970440006,37107.83889734838,968.131322505154,7958052033.739883
1705429200000,37107.83889734838,37183.22755392883,36997.52631939216,37072.8438797449,985.0707477469757,7945327974.340261
1705429500000,37072.8438797449,37116.48184735222,37014.632007528046,37058.252800163296,366.9785609270264,7912028804.070311
1705429800000,37058.252800163296,37175.43159425496,36991.08948436917,37108.17779582885,621.6546291613954,7912928487.369562
1705430100000,37108.17779582885,37148.4940853623,37042.722037169966,37083.01098414641,454.23913222275286,7896129995.519749
1705430400000,37083.01098414641,37132.171431463095,37002.77315098358,37051.89234473987,515.9459650861866,7895057054.927703
1705430700000,37051.89234473987,37129.82469668833,36995.905159578986,37073.80440135969,570.6923053586158,7892570113.739394
1705431000000,37073.80440135969,37103.98292148274,37025.34218390923,37055.50580875909,357.39799578468666,7886260926.676175
1705431300000,37055.50580875909,37158.05506136266,36990.719736475156,37093.20308097279,817.4150721854186,7870775042.363058
1705431600000,37093.20308097279,37131.50516706388,37056.65501112975,37094.95537068332,566.113843888928,7872766245.255142
1705431900000,37094.95537068332,37153.91273560853,37055.72987599523,37114.6663977955,917.2644128748611,7873059767.200122
1705432200000,37114.6663977955,37186.664331654574,37057.38413097784,37129.359387877645,666.754766103641,7859365706.76635
1705432500000,37129.359387877645,37162.68445925099,37092.37289912509,37125.69468127904,730.9464839959924,7845561505.326098
1705432800000,37125.69468127904,37268.93479896218,37036.915772601285,37180.025967535716,561.0727369871811,7843716168.041686
1705433100000,37180.025967535716,37294.13217634411,37105.88854924698,37219.91521841008,789.2501918844499,7850002872.336767
1705433400000,37219.91521841008,37270.69087235479,37173.2088118479,37223.97936578852,444.9916374128301,7815086555.526238
1705433700000,37223.97936578852,37252.03131257189,37193.41758383892,37221.46763778704,474.13596213201913,7814239393.622994
1705434000000,37221.46763778704,37243.85539191762,37194.452330329535,37216.837299430845,720.304945218648,7789127996.400368
1705434300000,37216.837299430845,37257.11112064251,37192.441820692584,37232.70524053627,954.6858712607352,7787489749.082916
1705434600000,37232.70524053627,37280.13990795143,37176.46107378076,37223.88450352937,616.5720649000166,7784490361.966266
1705434900000,37223.88450352937,37356.375858678635,37145.28806741503,37277.66586581273,541.6289050256044,7762484074.405008
1705435200000,37277.66586581273,37307.48799850538,36674.43867677215,37232.932666773755,1592.7659775989762,7771272012.07652
1705435500000,37232.932666773755,37464.3137550559,37199.42302737366,37419.41046250089,2218.269231779307,7836495792.694055
1705435800000,37419.41046250089,37462.52565637414,37352.13882701417,37395.226155373835,459.98978531647583,7811976799.902687
1705436100000,37395.226155373835,37462.31964452516,37335.57376632158,37402.655404429315,634.9715255995745,7817497535.184974
1705436400000,37402.655404429315,37462.7357850645,37328.31251621754,37388.369949938016,751.5062634797309,7829827392.766852
1705436700000,37388.369949938016,37501.30850478364,37310.024066806756,37422.89028562413,892.1317832574643,7826886451.210622
1705437000000,37422.89028562413,37602.41096628775,37321.30715010577,37500.616844725126,832.4971687794188,7818502839.677872
1705437300000,37500.616844725126,37570.97198592349,37408.661210914564,37478.97575112222,364.6637464375419,7807554042.477932
1705437600000,37478.97575112222,37582.67288267022,37422.288952974304,37525.91508896503,355.47875290868956,7779244050.424394
1705437900000,37525.91508896503,37702.32605474602,37423.856033605494,37600.065333314524,505.2069671388255,7755938684.195588
1705438200000,37600.065333314524,37753.32585293438,37513.468382637395,37666.57572175673,941.1740133927319,7769491947.336193
1705438500000,37666.57572175673,37692.1828401448,37636.98172366872,37662.58612978599,664.355578621814,7766920362.084028
1705438800000,37662.58612978599,37677.4649969386,37644.53236405549,37659.4099764466,336.50257513542715,7731972365.34587
1705439100000,37659.4099764466,37792.68139859974,37571.340126914314,37704.5060878362,967.6872186866769,7737075504.410109
1705439400000,37704.5060878362,37876.411164824494,37610.89972408409,37782.61089567984,683.5569860724647,7742852663.163796
1705439700000,37782.61089567984,37988.66381051743,37655.65112536227,37861.43915596916,465.3716557623987,7744580359.689236
1705440000000,37861.43915596916,38006.5137811969,37780.74562625911,37925.68332882394,798.7703446591886,7725293575.010754
1705440300000,37925.68332882394,37957.26514534763,37874.740785256145,37906.30646610423,872.1028324082531,7742912793.665217
1705440600000,37906.30646610423,37925.73566241258,37880.67921624286,37900.105234057555,623.7759902135062,7745604567.739979
1705440900000,37900.105234057555,38061.71893675847,37799.143135604696,37960.59569774643,406.90302531093454,7742854112.22272
1705441200000,37960.59569774643,38140.78082197451,37861.21763992349,38041.19176954161,306.1225446152277,7727944162.691095
1705441500000,38041.19176954161,38229.02576707993,37926.08864041834,38113.70323639892,659.2721363105925,7727783686.0705385
1705441800000,38113.70323639892,38166.68760661003,38038.46270115464,38091.416088532984,339.7950498436687,7718078783.687573
1705442100000,38091.416088532984,38109.96336855224,38064.153868245725,38082.69690276306,409.13658732604966,7704003823.29725
1705442400000,38082.69690276306,38138.212625047134,38018.67291555058,38074.176216654385,883.9959439414262,7689591525.6470785
1705442700000,38074.176216654385,38179.45685806813,38011.38351039764,38116.59419521789,472.0522442345389,7690605783.183583
1705443000000,38116.59419521789,38131.87280214423,38098.6870813129,38113.96463420936,473.75035817519444,7684131917.7595005
1705443300000,38113.96463420936,38258.29368318653,38020.79658815425,38165.0008810887,346.95182135700736,7655400155.872193
1705443600000,38165.0008810887,38215.722206986306,38135.81881644211,38186.523685380416,622.5408931838358,7654146348.595189
1705443900000,38186.523685380416,38366.025271983206,38077.5311731549,38256.83208453735,576.5118441374675,7638524257.418462
1705444200000,38256.83208453735,38365.890657542885,38189.24255716303,38298.227994734894,667.5355496006769,7645241278.863355
1705444500000,38298.227994734894,38530.10290979099,38156.95150807955,38388.49344726009,547.7548401837744,7624651824.599245
1705444800000,38388.49344726009,38529.19616630708,38297.81622218487,38438.40105477805,824.5403109762,7609285301.231068
1705445100000,38438.40105477805,38605.04246217213,38339.250512734776,38505.718277652755,585.3748047115421,7603483938.269362
1705445400000,38505.718277652755,38615.0352969749,38435.69945995885,38544.945149117986,863.3871072939908,7614644013.475959
1705445700000,38544.945149117986,38591.41020419626,38503.98953733022,38550.44874460875,557.250885586159,7591262149.383689
1705446000000,38550.44874460875,38619.31254288995,38498.19320517138,38567.03452125759,588.68910273761,7581169155.095659
1705446300000,38567.03452125759,38644.179169639225,38515.97701038656,38593.087168604725,520.1816263873511,7580514593.287874
1705446600000,38593.087168604725,38613.63334774867,38578.584449852366,38599.128358805225,604.8762764226678,7568666098.680569
1705446900000,38599.128358805225,38728.6817844785,38527.13692868501,38656.583195051724,905.6380250550876,7569828771.4199295
1705447200000,38656.583195051724,38850.63312418658,38538.4307132995,38732.249371437654,754.3499235483436,7568746979.297375
1705447500000,38732.249371437654,38790.451117065706,38693.603190075664,38751.78544304376,311.4646310385503,7549850674.823013
1705447800000,38751.78544304376,38802.61757081928,38712.29214694892,38763.11273069055,640.7430833538431,7540128715.628981
1705448100000,38763.11273069055,38871.8630522751,38694.07689143082,38802.75660856213,917.6684062427631,7541985769.192173
1705448400000,38802.75660856213,38909.579835615565,38735.81855043191,38842.57309066445,335.94237619456794,7532324516.589141
1705448700000,38842.57309066445,39086.10370296549,38696.19992387216,38939.36578553637,945.922708294536,7529368170.855438
1705449000000,38939.36578553637,38992.29063258863,38907.77701256098,38960.684565184405,625.5625921232582,7512228065.658824
1705449300000,38960.684565184405,39064.02163590174,38889.87457104209,38993.1526319232,603.3676330349329,7501347908.600232
1705449600000,38993.1526319232,39133.15639291781,38911.01199050912,39050.8941167479,658.7930529275886,7441066820.280308
1705449900000,39050.8941167479,39190.81964668658,38955.19673586381,39095.0141460949,908.0403260366782,7405389106.104924
1705450200000,39095.0141460949,39209.3056786085,39025.73050562676,39139.942416883576,435.43551130026003,7376567473.899158
1705450500000,39139.942416883576,39350.692319907364,39026.8971056992,39237.36562769627,994.4696930863851,7375026888.494082
1705450800000,39237.36562769627,39292.298415216865,39189.23853339203,39244.1629835286,488.7260268771713,7361038817.899436
1705451100000,39244.1629835286,39269.3076016394,39212.02600897616,39237.16614405449,664.7637222698816,7349621701.293394
1705451400000,39237.16614405449,39270.58884224564,39197.16828142563,39230.58537403635,858.9578220922367,7360483869.4155035
1705451700000,39230.58537403635,39358.25545418439,39148.23924039669,39275.8143835453,499.4490188179707,7340098237.252526
1705452000000,39275.8143835453,39310.51419044216,39238.638720341114,39273.33633790832,386.30845634991766,7336969558.835933
1705452300000,39273.33633790832,39391.549550918375,39198.85594077845,39316.986373147425,834.5477533324074,7331856873.259133
1705452600000,39316.986373147425,39364.890207117176,39265.814134142594,39313.71398102831,810.0651087183961,7321229218.225331
1705452900000,39313.71398102831,39444.32264915449,39242.9448051792,39373.44594894014,977.6906200299486,7328601246.161052
1705453200000,39373.44594894014,39606.71075917987,39244.11821303188,39477.04274472288,762.4313831328586,7341765088.463815
1705453500000,39477.04274472288,39611.156961765635,39388.97485027779,39522.986572910384,486.974094068751,7325277592.216148
1705453800000,39522.986572910384,39596.6556381139,39460.510577744826,39534.16197741801,365.23272120812567,7322214400.676953
1705454100000,39534.16197741801,39641.46964408891,39467.23349963845,39574.47292279345,329.3241547853454,7294551838.671415
1705454400000,39574.47292279345,39690.14937842054,39490.06855266258,39605.67845318627,436.14541212367345,7288519468.725434
1705454700000,39605.67845318627,39760.28706921332,39514.563106182904,39669.02598723527,878.1454862521337,7290269418.841989
1705455000000,39669.02598723527,39731.44091358689,39620.83954620478,39683.237210013875,478.6035172141969,7285673213.384207
1705455300000,39683.237210013875,39902.87327525327,39569.58868892571,39788.922084058504,346.35978500823677,7277254618.516752
1705455600000,39788.922084058504,40009.05491445109,39668.68870018251,39888.52056583752,637.8652032532432,7261842642.7433195
1705455900000,39888.52056583752,39929.8108082961,39852.68100421942,39893.96635367505,986.8380883032288,7283816624.311057
1705456200000,39893.96635367505,40143.31711494255,39753.68048790759,40002.649069855084,355.97867122733584,7280110874.616233
1705456500000,40002.649069855084,40161.18475535272,39897.86401989338,40056.259275988,731.7588479037979,7288936031.977077
1705456800000,40056.259275988,40338.86201476231,39890.750231584214,40172.87114008924,968.9678987083332,7304221860.5049925
1705457100000,40172.87114008924,40268.82589946565,40107.43770708439,40203.34283427113,922.4192122439156,7312973619.616045
1705457400000,40203.34283427113,40423.72625239626,40081.3048720855,40301.39066427888,765.459049705961,7310957723.286515
1705457700000,40301.39066427888,40469.837384164755,40197.07315094381,40365.35430512966,884.7510583817576,7308337448.660928
1705458000000,40365.35430512966,40551.01207219695,40252.05808381973,40437.51331721567,864.332272229308,7326648332.0171385
1705458300000,40437.51331721567,40649.00256452271,40321.91010229796,40533.126010967724,870.4522983398857,7341510842.657419
1705458600000,40533.126010967724,40663.396874984755,40457.36852355896,40587.53769070363,957.9580326094069,7365706355.495267
1705458900000,40587.53769070363,40720.53638772359,40493.33531890933,40626.244179411784,993.9190311975506,7391721685.964631
1705459200000,40626.244179411784,40680.85127634655,40580.460017683836,40635.057182714314,861.1716591133784,7409039578.021722
1705459500000,40635.057182714314,40752.27913862916,40552.32608416878,40669.47796096979,688.5098580758097,7414204872.376805
1705459800000,40669.47796096979,40901.62284728858,40544.15983961249,40775.976563254146,969.3237578430519,7440138421.935229
1705460100000,40775.976563254146,40913.191485726245,40699.59882205813,40836.700003068676,369.0180636060775,7421915731.700894
1705460400000,40836.700003068676,41004.421635992265,40739.945329642636,40907.499217501834,819.7664982072673,7441260995.860596
1705460700000,40907.499217501834,41044.615721762246,40826.776286094544,40963.78172785274,356.7904417942906,7425311508.54735
1705461000000,40963.78172785274,41046.14199851799,40906.696384910014,40989.02148255187,949.8868947030427,7433820514.632016
1705461300000,40989.02148255187,41040.42926980606,40951.50376357414,41002.89884871676,922.5145506846318,7453833993.0035305
1705461600000,41002.89884871676,41170.86057309097,40894.84451152054,41062.64877778412,407.83215977218765,7430312106.161429
1705461900000,41062.64877778412,41202.29049902465,40988.02682468166,41127.55060173187,956.3158151452695,7440165326.033724
1705462200000,41127.55060173187,41190.72501158116,41086.04574297967,41149.19830652602,915.3740905110461,7459005761.750384
1705462500000,41149.19830652602,41341.39047618851,41025.43056549063,41217.4175466781,711.8962567286194,7465808577.161521
1705462800000,41217.4175466781,41383.95944993603,41109.093871847566,41275.4831725808,500.527313875147,7465226889.118838
1705463100000,41275.4831725808,41460.10293066021,41175.064264256645,41359.47966769997,411.43440022012226,7450218091.826618
1705463400000,41359.47966769997,41485.409851012584,41283.07255441944,41408.91141798206,358.0148620192847,7446886586.733057
1705463700000,41408.91141798206,41495.74745022757,41341.58662267427,41428.39098401246,305.94290424162426,7425000699.658916
1705464000000,41428.39098401246,41615.11952631235,41318.73982714653,41505.264902358285,364.6205332432834,7410687622.137861
1705464300000,41505.264902358285,41816.27407397745,41325.76873485341,41636.211606472054,753.5788327926499,7409586409.12495
1705464600000,41636.211606472054,41914.11716832079,41493.27394166571,41770.71774217264,424.3011491215172,7404073793.411807
1705464900000,41770.71774217264,41884.04430540874,41685.2518933868,41798.52156802475,556.7368907862738,7398140931.458521
1705465200000,41798.52156802475,42043.6665174413,41651.20669042512,41896.00805806392,550.075351195341,7393636821.150185
1705465500000,41896.00805806392,42074.3081344566,41801.746436554065,41979.8578596924,925.0158087673573,7414641621.962604
1705465800000,41979.8578596924,42098.25680563268,41915.52089034905,42033.837109440945,708.0044519725595,7410885288.164068
1705466100000,42033.837109440945,42348.70694139692,41856.99351419756,42171.285078863584,875.0008467270865,7423902018.905031
1705466400000,42171.285078863584,42263.60494998305,42116.63258000476,42208.90369871901,573.604913629097,7421650194.901975
1705466700000,42208.90369871901,42502.35142921198,42055.489058618645,42348.429660913556,715.3591096699231,7420087293.802576
1705467000000,42348.429660913556,42568.65954190091,42220.851631311874,42440.80322953958,882.2615513869812,7441957299.721854
1705467300000,42440.80322953958,42554.36694482504,42378.16108839612,42491.64975479067,724.3174127986789,7458869427.014216
1705467600000,42491.64975479067,42629.46216526163,42402.14004420702,42539.85091773673,789.9599087269903,7480097673.160929
1705467900000,42539.85091773673,42634.870503701975,42472.62923535753,42567.60496424151,782.322419424265,7473341048.180713
1705468200000,42567.60496424151,42659.673907534096,42495.56609727045,42587.60120013019,765.5060031560403,7475066308.543463
1705468500000,42587.60120013019,42848.11492884495,42432.57238058788,42692.70351232765,551.1263457402081,7475570668.211159
1705468800000,42692.70351232765,42880.36772924392,42587.181285946375,42774.642975641684,793.9602000284688,7488721308.890222
1705469100000,42774.642975641684,42962.14679286996,42655.998230307676,42843.31158027446,464.5875599680859,7492326302.8183155
1705469400000,42843.31158027446,43156.706319188284,42674.66211948175,42987.489313635546,528.6267552329831,7474779558.186129
1705469700000,42987.489313635546,43102.08425571552,42922.094576417076,43036.614786349855,408.65335483669,7461993776.909338
1705470000000,43036.614786349855,43133.14449368676,42968.89376719897,43065.378213341435,382.4026972306965,7441155426.81499
1705470300000,43065.378213341435,43162.8890153376,43000.7411570453,43098.202692605126,404.52877511038486,7443170536.792764
1705470600000,43098.202692605126,43204.34966857216,43020.92436753194,43127.019672482566,781.408064990977,7439437304.4773655
1705470900000,43127.019672482566,43362.48909874288,42986.53076422406,43221.69179026173,604.7343841710418,7452746426.040146
1705471200000,43221.69179026173,43256.269143693935,42522.27837371171,43169.82576011342,1715.4488186137041,7494988007.454841
1705471500000,43169.82576011342,43438.101196666365,43130.97291692931,43386.037951125014,1896.9082128736554,7554456509.78138
1705471800000,43386.037951125014,43638.86887131219,43231.05504522282,43483.53767845456,446.84031476760464,7548630825.650419
1705472100000,43483.53767845456,43660.527074031415,43389.90139048063,43566.71168138234,409.57166979876155,7529122181.449796
1705472400000,43566.71168138234,43672.72613243135,43507.65287937533,43613.603763767554,321.9656585811447,7506444863.494212
1705472700000,43613.603763767554,43903.77161402611,43457.798484046,43747.48804596701,430.59374443265176,7507535721.9128685
1705473000000,43747.48804596701,43967.10968913273,43616.15444712013,43835.51183554607,578.2427448675583,7493845439.399307
1705473300000,43835.51183554607,44094.4668782574,43693.32896320103,43951.90647355867,393.0322779047998,7476455026.777537
1705473600000,43951.90647355867,44145.23289872796,43825.451083943146,44018.58566435012,595.6438799268258,7474925614.41217
1705473900000,44018.58566435012,44207.03642610636,43895.87056859708,44084.13858180697,696.5981171108313,7473990255.147216
1705474200000,44084.13858180697,44327.578551074716,43957.98076328244,44201.08605801745,848.2446761051222,7478753081.499564
1705474500000,44201.08605801745,44535.33648286769,44018.82549639628,44352.45177367897,640.8259429996062,7484979400.491113
1705474800000,44352.45177367897,44683.39419152946,44178.90909449959,44509.23803762173,918.9533881711862,7503530614.639323
1705475100000,44509.23803762173,44666.088222460494,44410.298182842555,44567.01992397622,969.9438280947775,7519745736.972968
1705475400000,44567.01992397622,44910.00065461012,44372.12131271442,44714.45727653843,592.5091358044323,7523001279.456342
1705475700000,44714.45727653843,45017.75718716076,44541.643731872646,44844.44127710232,797.9556526249207,7519561144.434324
1705476000000,44844.44127710232,45143.317110434786,44680.72790851989,44979.11209978028,301.9161147864019,7502571327.631586
1705476300000,44979.11209978028,45218.10870702179,44833.019855186176,45071.71568579811,650.7538254648391,7508689896.637414
1705476600000,45071.71568579811,45211.63510579913,44988.308705011004,45128.12373969196,761.0659487578412,7524115226.854891
1705476900000,45128.12373969196,45420.912503858024,44963.776264331995,45256.09896866558,671.6083695999021,7524777910.551166
1705477200000,45256.09896866558,45618.75072492137,45043.61764522882,45405.56763309638,728.7246506557224,7527216382.956216
1705477500000,45405.56763309638,45663.77054114918,45260.25653459842,45518.099308372475,964.8718581489455,7533916727.905303
1705477800000,45518.099308372475,45830.25806707526,45345.30650077074,45656.938208394866,803.3750453120663,7549310837.575177
1705478100000,45656.938208394866,45905.78733337322,45513.353191258735,45761.87231239294,829.0415042601933,7551918970.644462
1705478400000,45761.87231239294,45862.37806721395,45697.93637106961,45798.39110386746,585.1354093292666,7545048898.999505
1705478700000,45798.39110386746,46085.354678657466,45628.78703130406,45915.31759505116,632.1622973731676,7539559618.952847
1705479000000,45915.31759505116,46280.7248780672,45702.78006955979,46067.48299379084,939.8736441065182,7556050695.552276
1705479300000,46067.48299379084,46321.34070504529,45929.73702524558,46183.24858683649,520.6256835487598,7561285325.144361
1705479600000,46183.24858683649,46445.58250046037,46035.196613572756,46297.16533851049,510.1977551285865,7552782645.86445
1705479900000,46297.16533851049,46554.98453555691,46162.72933145384,46420.191290263385,460.63104769514916,7548949193.497327
1705480200000,46420.191290263385,46761.902066529285,46237.92729446812,46579.014468240406,485.75613947957385,7549582254.267007
1705480500000,46579.014468240406,46805.841017186285,46459.94756680341,46686.49935912219,966.4060121406242,7560472760.717023
1705480800000,46686.49935912219,46911.634532069205,46558.27567209946,46783.14540829429,601.0075310873585,7565692987.160842
1705481100000,46783.14540829429,47175.67810004407,46560.07981676831,46951.80831098437,491.5442941686536,7559526748.902963
1705481400000,46951.80831098437,47291.155403062214,46762.34398734299,47101.08868929091,591.7285405951766,7551232925.572568
1705481700000,47101.08868929091,47376.51872165113,46931.93269385222,47206.98242586442,856.2408047672023,7558337296.426361
1705482000000,47206.98242586442,47486.24056279398,47054.16367037639,47333.01381765154,720.1714818501468,7576825902.1350355
1705482300000,47333.01381765154,47484.888764897405,47224.30882842151,47376.08485872383,449.3901876647994,7579908196.093016
1705482600000,47376.08485872383,47662.60518579009,47220.12728285627,47506.21921995373,381.11016153293633,7571692360.683725
1705482900000,47506.21921995373,47712.36562575717,47370.29748129417,47576.24353802297,692.5283000469569,7592409182.13348
1705483200000,47576.24353802297,47784.729410255655,47451.79336400852,47660.05998875331,440.17995454332186,7596811198.144648
1705483500000,47660.05998875331,47945.054391319914,47510.7302084009,47795.30087060321,752.790086507182,7614392479.372102
1705483800000,47795.30087060321,48153.558222827225,47611.13342672446,47968.72254116779,390.9142341595693,7611933222.284354
1705484100000,47968.72254116779,48285.65194239834,47798.28917854531,48114.69992065105,760.2200173185887,7628874004.270748
1705484400000,48114.69992065105,48419.8303882411,47945.564229542644,48250.218314711616,934.1681800672008,7650887086.468252
1705484700000,48250.218314711616,48406.468960823164,48162.585031368086,48318.71127880251,368.3230171767241,7640634612.522008
1705485000000,48318.71127880251,48695.76819107518,48116.7427913614,48493.070893887336,679.6236789531279,7661253380.976235
1705485300000,48493.070893887336,48746.192260283024,48359.829468545155,48612.62235076316,987.9695237345846,7679048173.263228
1705485600000,48612.62235076316,49007.81603258435,48385.67432661409,48780.086203450366,302.32975309722025,7636224792.540333
1705485900000,48780.086203450366,48986.81372484203,48649.15588152339,48855.68050073816,856.098564944517,7620912405.88667
1705486200000,48855.68050073816,49281.52783351264,48610.03037198391,49034.976192196475,379.35953166656344,7618571307.504403
1705486500000,49034.976192196475,49267.60244047519,48910.32360685304,49142.67606957705,836.199854944899,7647412893.855178
1705486800000,49142.67606957705,49493.77314389336,48948.80260814272,49299.28185477675,385.4682574932971,7630641228.823696
1705487100000,49299.28185477675,49607.84867264162,49132.075419720575,49440.16441175861,358.2876708312432,7634656101.012819
1705487400000,49440.16441175861,49790.63079142824,49249.81570537371,49599.66798315189,571.5164770530264,7626837937.034122
1705487700000,49599.66798315189,49808.13130134069,49462.453390573,49670.72014708865,807.7206701990908,7649042352.915467
1705488000000,49670.72014708865,50076.34272966873,49444.860938024714,49849.66981325481,978.5954807349807,7678069638.26989
1705488300000,49849.66981325481,50236.22485210276,49622.09436554982,50007.92692352962,413.604491964497,7681494927.503837
1705488600000,50007.92692352962,50240.22387167704,49871.242883086205,50103.279209836975,782.6708620366935,7705827783.592969
1705488900000,50103.279209836975,50320.2113358298,49960.113085948346,50176.835032046336,830.1200512207984,7711026438.2308855
1705489200000,50176.835032046336,50402.76851697077,50048.73365386766,50274.418009609195,572.4947464083561,7716003036.059347
1705489500000,50274.418009609195,50609.60339823882,50098.95149309841,50433.58137373481,658.693825774666,7713101478.1322155
1705489800000,50433.58137373481,50793.647596374736,50242.39775087925,50601.82619105706,433.1005806829971,7707962145.211442
1705490100000,50601.82619105706,50944.6525418844,50402.15096494708,50744.414660490664,823.4140402685723,7714255264.465923
1705490400000,50744.414660490664,50927.91274790808,50617.42750812374,50800.78453076874,458.72583973525326,7718416835.269878
1705490700000,50800.78453076874,51160.42331778403,50588.36647485226,50947.39223739732,646.0626214014026,7735818904.525855
1705491000000,50947.39223739732,51311.224219791424,50748.86391965452,51112.05425833386,749.7691672906992,7749809618.898769
1705491300000,51112.05425833386,51280.50977570469,51021.49724091809,51189.81498688154,617.036593196216,7748613971.92957
1705491600000,51189.81498688154,51318.16562456669,51109.64197991253,51237.917280238056,991.3636763781768,7786867541.329795
1705491900000,51237.917280238056,51671.66871363683,50996.425380861285,51429.27491735051,590.8735776306157,7787797989.484046
1705492200000,51429.27491735051,51855.09625645415,51181.729321298655,51606.69667258655,903.4047925802834,7811272868.8923025
1705492500000,51606.69667258655,51792.940671069904,51482.385056344116,51668.48022891455,716.2539442208404,7834231405.219378
1705492800000,51668.48022891455,51958.21134257953,51515.03815908181,51804.36572783657,395.0392114475434,7818315789.769181
1705493100000,51804.36572783657,52129.199995341995,51606.04689263421,51930.39867748743,808.1325764440655,7839256839.844873
1705493400000,51930.39867748743,52185.256115329044,51778.454803538385,52033.012003625445,322.73606769965846,7830836957.42904
1705493700000,52033.012003625445,52424.37917742461,51822.59074632799,52213.229122939134,518.4407239851137,7843767979.365071
1705494000000,52213.229122939134,52600.76772577007,52005.40151364136,52392.22763739464,901.0598396852758,7864938887.474168
1705494300000,52392.22763739464,52540.11664446845,52303.65691731605,52451.44581418656,974.8546011662645,7897828941.514953
1705494600000,52451.44581418656,52623.100768910204,52352.3132564164,52523.83140330789,565.7068125866094,7905628973.4147835
1705494900000,52523.83140330789,52706.351387441,52416.68274196056,52599.049281557185,588.4208827236084,7902124675.478253
1705495200000,52599.049281557185,52769.42263548152,52491.91010150041,52662.15491534744,352.57816276550983,7894345834.072786
1705495500000,52662.15491534744,52892.54906070384,52532.34178467023,52762.48860572928,315.9125649802643,7873435686.03359
1705495800000,52762.48860572928,53209.15631207034,52523.97100205316,52969.70198158008,798.2602154102428,7902669380.899993
1705496100000,52969.70198158008,53421.33109087069,52709.45638547828,53160.149805016415,722.0344872749013,7918871105.131173
1705496400000,53160.149805016415,53571.59131702775,52937.94352537148,53348.597337849744,366.6100858319354,7923259357.560605
1705496700000,53348.597337849744,53571.42547429431,53221.277925065486,53443.87866728567,921.8858702973192,7960965275.728959
1705497000000,53443.87866728567,53633.4278293132,53337.03418773585,53526.4183372624,860.2601115046978,7992805184.890634
1705497300000,53526.4183372624,53736.45438317817,53407.26809281383,53617.10227554223,889.0270347330279,8028992852.332572
1705497600000,53617.10227554223,53947.671455379976,53429.29116447888,53759.36203384974,901.476806072624,8042024939.087329
1705497900000,53759.36203384974,54176.21610541467,53528.25032074693,53944.30930325853,704.1533165366225,8063793281.313683
1705498200000,53944.30930325853,54307.2212090844,53748.141445879395,54110.449185941856,686.6567221323385,8087094662.546022
1705498500000,54110.449185941856,54385.765611608615,53938.47574074095,54213.46476303242,826.6113516058858,8106460445.155775
1705498800000,54213.46476303242,54407.41432825368,54081.255688199206,54275.055054655095,594.1198100527914,8124125694.398298
1705499100000,54275.055054655095,54628.58644691498,54084.38535709756,54437.34661483314,336.4374272214185,8129413171.2728
1705499400000,54437.34661483314,54643.79722012186,54297.76699140632,54504.0465752193,711.8129812390105,8142124389.079581
1705499700000,54504.0465752193,54692.58435293294,54388.80629741365,54577.189426014535,628.4561825294078,8143203298.297428
1705500000000,54577.189426014535,54853.95635363607,54415.77098194041,54692.19775891756,484.997575068212,8151644529.325839
1705500300000,54692.19775891756,55046.6693353261,54491.35815690465,54845.267633162104,855.8749830223846,8164643659.697642
1705500600000,54845.267633162104,55007.23132921041,54753.31894924713,54915.16546083194,753.940029760556,8177291408.275798
1705500900000,54915.16546083194,55284.53544149065,54696.73122357412,55065.50321073766,741.5872139377427,8191052539.880473
1705501200000,55065.50321073766,55210.33657758154,54980.409689887565,55125.15088231934,795.7130475987717,8220364156.145634
1705501500000,55125.15088231934,55369.84045012931,54965.75403673926,55210.19768789741,904.6777075358755,8235827925.122599
1705501800000,55210.19768789741,55570.668637683986,54991.938025820615,55351.84899271965,303.7005430235552,8237300911.709923
1705502100000,55351.84899271965,55670.175032425665,55178.299969097265,55496.17349678749,856.2627092815629,8253362486.499992
1705502400000,55496.17349678749,55894.41013050776,55285.615269681424,55683.14252355943,683.2946394871041,8278461518.39118
1705502700000,55683.14252355943,55844.36756992362,55589.96878860784,55751.08015599002,766.8176008158086,8306213855.55074
1705503000000,55751.08015599002,55978.50675352307,55614.24803046497,55841.452822715626,540.9875079642784,8314951161.51543
1705503300000,55841.452822715626,56144.86616476091,55664.56809381568,55967.58190634238,937.5223651888384,8332277066.946894
1705503600000,55967.58190634238,56209.509410702936,55832.787510799484,56074.45761175582,899.2979856036409,8362986270.426967
1705503900000,56074.45761175582,56273.58940932109,55955.2307289458,56154.19299119775,753.8363302028115,8380808770.20062
1705504200000,56154.19299119775,56517.40146955533,55934.30777072334,56296.9572214718,583.881474387021,8384572826.604502
1705504500000,56296.9572214718,56508.358709269494,56177.18032127875,56388.38728329867,389.7337250682056,8379602188.580699
1705504800000,56388.38728329867,56624.24532402638,56243.25497658145,56478.880107079065,383.9840648846481,8377877680.511554
1705505100000,56478.880107079065,56846.06281317659,56285.449057890546,56652.03872367247,328.14433695077116,8376394168.263495
1705505400000,56652.03872367247,57173.87347290692,56360.72641421597,56881.38185062293,811.876739193048,8404868256.564298
1705505700000,56881.38185062293,57255.90530608492,56684.20046444672,57058.11128088863,452.69497032153856,8412035408.514039
1705506000000,57058.11128088863,57558.860983486185,56782.90144448343,57282.568516797786,756.2970977063735,8420654714.640805
1705506300000,57282.568516797786,57719.42536473972,57030.290793171655,57466.33830200253,309.6319451134583,8418216730.2339115
1705506600000,57466.33830200253,57650.580158270815,57361.42868531164,57545.52597784114,401.06858985790075,8416678575.02368
1705506900000,57545.52597784114,57983.921148230766,57293.8558024045,57731.437903729086,908.1607994297875,8446939623.590875
1705507200000,57731.437903729086,57777.62305405206,56797.22777557094,57662.16017824461,1528.9014719648637,8500780978.678241
1705507500000,57662.16017824461,58020.497070322075,57610.264234084185,57950.95592321421,2012.2830752101402,8598591889.771091
1705507800000,57950.95592321421,58253.890812089696,57786.88143120824,58089.42427952359,744.5361003439191,8616588328.597494
1705508100000,58089.42427952359,58321.0472540925,57955.606694864,58187.004878084554,908.9657520212224,8643227620.905533
1705508400000,58187.004878084554,58668.777618218664,57917.6667286446,58398.4606744072,642.9393331873376,8646909305.015821
1705508700000,58398.4606744072,58898.216720189455,58127.94343225819,58626.64247907515,476.47788451716434,8643204006.894093
1705509000000,58626.64247907515,58926.60834847685,58465.40803518186,58764.9934131385,846.9751613010144,8665009085.703262
1705509300000,58764.9934131385,59249.023647572656,58491.204123223746,58974.2593761919,666.9973969634699,8680617747.788239
1705509600000,58974.2593761919,59191.21064710104,58856.078043482186,59072.83178044642,501.04695557421815,8685126925.490686
1705509900000,59072.83178044642,59323.13250393472,58935.62950800447,59185.668158269196,838.3374945047299,8717072735.336544
1705510200000,59185.668158269196,59545.671055475555,58972.92968233646,59332.405144375516,345.7065210531586,8700885188.464003
1705510500000,59332.405144375516,59653.759830388226,59155.21558866607,59476.14102363925,457.02101524576653,8692711496.49776
1705510800000,59476.14102363925,59747.63521817868,59303.76252922538,59574.97028890777,887.6275780333924,8708714891.177116
1705511100000,59574.97028890777,60077.73265791286,59308.51945068794,59810.22961531231,636.2452011882957,8720883463.921467
1705511400000,59810.22961531231,60115.935203135465,59646.79932769473,59952.1172104275,846.705469221582,8749409772.726818
1705511700000,59952.1172104275,60351.30010153283,59733.02453083303,60131.551685630555,990.5451824066098,8785437328.557457
1705512000000,60131.551685630555,60516.63220592859,59910.1398382046,60294.61992099129,401.2845179205915,8793779832.237146
1705512300000,60294.61992099129,60557.95218694813,60143.64906485934,60406.70069333677,478.3678262154422,8810119160.585947
1705512600000,60406.70069333677,60644.7602097457,60250.49339115551,60488.34178967092,661.5363684268514,8824705950.133854
1705512900000,60488.34178967092,60770.17325575955,60326.88542719142,60608.39644165524,344.0774418190799,8810332105.536337
1705513200000,60608.39644165524,61105.045083136116,60350.62171749649,60846.25870246987,929.1429683414797,8832509734.184399
1705513500000,60846.25870246987,61096.58006202314,60706.221381802345,60956.28950608269,970.3752746277514,8871708512.522108
1705513800000,60956.28950608269,61501.02849101857,60647.11710085501,61190.66731345869,702.0895694143791,8892304471.198801
1705514100000,61190.66731345869,61739.65405311656,60876.81046615851,61424.597340802735,739.2635349029725,8911694547.835676
1705514400000,61424.597340802735,61927.18380692999,61167.54903693657,61669.11226239825,971.0350618787037,8938539389.064945
1705514700000,61669.11226239825,61983.13330699147,61480.608468640356,61794.24701420639,687.7106710807108,8961653339.503279
1705515000000,61794.24701420639,62147.01001700886,61611.88263361804,61964.14424341929,435.393396252098,8956046653.476713
1705515300000,61964.14424341929,62169.18943965275,61844.11822852137,62048.99905896751,834.9135510429298,8971926942.472698
1705515600000,62048.99905896751,62344.51751694734,61865.24541180118,62160.43386362318,710.3346492322288,8979562278.415611
1705515900000,62160.43386362318,62587.46694709208,61916.07654027638,62342.3943235426,972.4577912770258,9026588041.219332
1705516200000,62342.3943235426,62723.10043497123,62132.744152004685,62512.876950323734,565.9450600318471,9038898424.611225
1705516500000,62512.876950323734,62956.87213748628,62251.61681381862,62694.85147464828,527.3005391065956,9055112898.86337
1705516800000,62694.85147464828,63187.681272049085,62429.22162059228,62921.09286293571,831.2485692561938,9088299192.927647
1705517100000,62921.09286293571,63302.531081471185,62705.74715558737,63086.61886593651,601.5762341786269,9105092868.629854
1705517400000,63086.61886593651,63495.092618241215,62850.286945516804,63258.118235504,372.234690901721,9115396171.209433
1705517700000,63258.118235504,63759.55025617347,62992.79036920591,63493.2362183852,906.5860892140397,9142637712.65018
1705518000000,63493.2362183852,63746.069042351075,63344.8830198352,63597.47229415444,997.1692377107647,9185055187.844288
1705518300000,63597.47229415444,63820.35700869522,63453.77501969386,63676.4812150862,983.1490873098197,9213614699.55158
1705518600000,63676.4812150862,63998.76063344797,63503.990837317164,63825.86559499995,816.617132352096,9240979817.549417
1705518900000,63825.86559499995,64060.09293002659,63698.766635529144,63932.781065569165,479.51957738539926,9244499941.713863
1705519200000,63932.781065569165,64460.314540771345,63647.4647213659,64173.92204344136,993.9209080955953,9287423045.656477
1705519500000,64173.92204344136,64633.884578107834,63903.6599271993,64362.82690774085,925.1719157871537,9317593900.304134
1705519800000,64362.82690774085,64613.60736487885,64195.44252061353,64446.00665736784,728.2418249781829,9347961818.275848
1705520100000,64446.00665736784,64644.63362759761,64330.64381654251,64529.122004511584,718.8264278756362,9376699020.169895
1705520400000,64529.122004511584,65034.51015040956,64234.1262267548,64738.556937944864,468.8469993391587,9380244026.379622
1705520700000,64738.556937944864,65088.31661028535,64546.67381138472,64895.96692527921,416.92641124209695,9371755331.331907
1705521000000,64895.96692527921,65391.35021795072,64613.87481081838,65108.334974443955,948.3597516226229,9410550248.384892
1705521300000,65108.334974443955,65520.62261488953,64857.22742449024,65268.895819482335,857.005600543814,9446295396.298689
1705521600000,65268.895819482335,65768.07419282963,65009.33451340852,65507.56375226269,652.5903180838782,9429741649.766808
1705521900000,65507.56375226269,65786.1846169827,65339.21726413493,65617.55546350685,300.0650383455604,9366424857.16282
1705522200000,65617.55546350685,66108.96562084409,65328.93480486948,65819.45689310417,827.3291715729912,9403677791.856506
1705522500000,65819.45689310417,66195.40947313467,65618.67676468893,65994.09661189512,817.2304896135466,9433860558.578623
1705522800000,65994.09661189512,66571.6239880326,65676.7186114818,66253.00086844257,767.1090162745159,9456586238.701374
1705523100000,66253.00086844257,66537.9790988865,66071.33924659246,66356.03496393285,463.9536896067299,9453986216.105402
1705523400000,66356.03496393285,66530.9555012952,66254.85299796444,66429.66126740517,879.0942225333276,9481164990.179708
1705523700000,66429.66126740517,66674.37367242317,66289.01398246955,66533.50652255204,342.8926114973641,9490311614.273256
1705524000000,66533.50652255204,66904.75513326607,66316.78330030484,66687.53020128341,322.0436303504806,9498448243.100801
1705524300000,66687.53020128341,67178.49130542022,66406.85002602566,66896.92979127586,556.6496889218047,9516690583.287674
1705524600000,66896.92979127586,67404.32162307955,66606.464236707,67112.91824957763,884.3224769885228,9540589243.149261
1705524900000,67112.91824957763,67484.30293252371,66893.06112697601,67263.9510373061,883.5337678403373,9574997866.048433
1705525200000,67263.9510373061,67500.24724075323,67123.91759395212,67360.01380913645,419.9626055521886,9590614064.522594
1705525500000,67360.01380913645,67529.49979382052,67261.50996899475,67430.89230459102,890.0353977458943,9614143776.947178
1705525800000,67430.89230459102,67748.8160921622,67261.9414953219,67579.49295798693,410.2740276474477,9616043320.079624
1705526100000,67579.49295798693,67783.33723002579,67454.05606906729,67657.75507578751,604.2329219019412,9639304722.488832
1705526400000,67657.75507578751,68095.92061979068,67425.5123535412,67862.97346274911,799.5879088653869,9663273224.3853
1705526700000,67862.97346274911,68366.22458094468,67569.02540515948,68071.37383839305,671.6060620917142,9675932174.47485
1705527000000,68071.37383839305,68628.36847985405,67762.46374372332,68318.33765540042,973.3237746506669,9718786861.087893
1705527300000,68318.33765540042,68725.51639809732,68094.6868225091,68501.26671812274,617.1386116011292,9745615356.491217
1705527600000,68501.26671812274,69030.96780129023,68205.64403956124,68734.33927950574,762.3616367362852,9786370513.459639
1705527900000,68734.33927950574,68999.57646231214,68576.45081945857,68841.44197851047,420.49451043951603,9790190659.346973
1705528200000,68841.44197851047,69363.38456055592,68555.6909202164,69076.65715742696,521.0111408096557,9813237092.667461
1705528500000,69076.65715742696,69543.88187205691,68798.12821006731,69264.59512652266,858.8114786167939,9857141297.376896
1705528800000,69264.59512652266,69767.19870807686,68998.66274997835,69500.36113868751,506.8739530657849,9858711802.822329
1705529100000,69500.36113868751,70000.06427769174,69224.61694580453,69723.43503428117,363.71732363333786,9866078400.17509
1705529400000,69723.43503428117,70171.6333083597,69459.38584480635,69906.88936014236,388.7452612115566,9875197867.742954
1705529700000,69906.88936014236,70128.70943576726,69758.15323966928,69979.8181496828,673.4800254158215,9909086460.881212
1705530000000,69979.8181496828,70524.49639882987,69677.48635081704,70221.12210143046,576.2249360720298,9925776949.912333
1705530300000,70221.12210143046,70692.06846525964,69948.99318030779,70419.1720383772,871.6930441159956,9965105335.53468
1705530600000,70419.1720383772,70592.8525544558,70317.74531550065,70491.32191207788,913.0593587626539,10003902668.044857
1705530900000,70491.32191207788,70985.87536275048,70227.2549801655,70720.9482296739,335.5307203225134,10006604235.65315
1705531200000,70720.9482296739,71267.43302587989,70418.08383130988,70963.52976544283,351.9210515100234,9999883784.507935
1705531500000,70963.52976544283,71335.41195692353,70767.17632424721,71138.57417437441,667.5531102440992,10024832283.63931
1705531800000,71138.57417437441,71335.24046964535,71022.0464124337,71218.58165233204,684.2352009961453,10040283335.477753
1705532100000,71218.58165233204,71710.71074632315,70963.93733798918,71455.22032285255,643.3558478591704,10064772197.629848
1705532400000,71455.22032285255,71960.60495002996,71189.83660872576,71694.3331740337,853.0196938988229,10103224882.820675
1705532700000,71694.3331740337,72136.18286446467,71462.7324384874,71903.90512953926,403.4755545659961,10112160935.967604
1705533000000,71903.90512953926,72264.04225005725,71698.65526274909,72058.35151569352,743.698132654342,10142402900.39714
1705533300000,72058.35151569352,72290.7611315768,71902.15865356523,72134.4034202064,622.6294436696487,10152307032.20796
1705533600000,72134.4034202064,72647.22723433356,71828.2478547526,72340.19822677193,536.3770411981052,10161890984.34032
1705533900000,72340.19822677193,72486.26136356416,72259.46862030067,72405.45892800398,319.1252644562197,10172927585.01369
1705534200000,72405.45892800398,72826.86354165377,72186.769647767,72607.56383538838,866.7182378930078,10211020688.427347
1705534500000,72607.56383538838,72778.27807178216,72500.94353517298,72671.56379107591,830.2909658814864,10235751167.504751
1705534800000,72671.56379107591,73204.40836845724,72372.80918197891,72904.69534971504,357.8428244707694,10248790723.304287
1705535100000,72904.69534971504,73199.61794979313,72708.38520745597,73003.04298729675,368.78241976563135,10238879331.80427
1705535400000,73003.04298729675,73521.63350061234,72713.2892080377,73230.9750443393,560.0776474183299,10255522017.19776
1705535700000,73230.9750443393,73770.3726233395,72921.5501787418,73459.98013618945,723.4095418310826,10285136461.562908
1705536000000,73459.98013618945,73991.12114350435,73143.95953556316,73674.17907140427,518.9908181528117,10297646226.281189
1705536300000,73674.17907140427,74167.84181090031,73385.25130892616,73878.11427646369,652.8140645617614,10310375048.952538
1705536600000,73878.11427646369,74157.58511927101,73718.17059066381,73997.38322013366,411.492116447749,10323781467.946827
1705536900000,73997.38322013366,74377.3439634637,73793.67658404566,74173.15345131198,767.7004970868641,10341703863.768606
1705537200000,74173.15345131198,74562.84951289571,73958.35982176696,74347.55085626408,665.5555124370568,10372006642.224127
1705537500000,74347.55085626408,74826.90377456196,74094.10635542538,74572.69178736702,877.04991649285,10411327170.711641
1705537800000,74572.69178736702,74879.81262809254,74384.00846418568,74690.83039140987,329.7218830874528,10402256953.785378
1705538100000,74690.83039140987,74985.8184702618,74534.20228589652,74828.90082839095,604.2829441064516,10427858515.32507
1705538400000,74828.90082839095,75014.78347283113,74701.62336320682,74887.40649458706,301.95691260267773,10435299663.446589
1705538700000,74887.40649458706,75146.3079941268,74739.54042336963,74998.22311418128,541.7465138857629,10443117786.720812
1705539000000,74998.22311418128,75303.0200578276,74822.20996942738,75126.70537836495,661.1234932583236,10460939148.62738
1705539300000,75126.70537836495,75520.05807515643,74904.50466538372,75297.35264226879,694.1010548625859,10474708071.742203
1705539600000,75297.35264226879,75534.11118979093,75164.79127219589,75401.36670243916,488.58649625016596,10481449625.009968
1705539900000,75401.36670243916,75649.33925126218,75255.38755527389,75503.16302358238,762.926733749349,10519806335.98206
1705540200000,75503.16302358238,75858.50791414069,75280.91652496348,75635.87078506147,849.597935406697,10569627246.084042
1705540500000,75635.87078506147,75923.94343966893,75482.50689869403,75770.30696234164,800.0016758409381,10617210788.786522
1705540800000,75770.30696234164,76172.52184131114,75559.47685117979,75961.1606816098,445.5415604134865,10633780807.896023
1705541100000,75961.1606816098,76338.40549757867,75726.14668107651,76102.95281054867,690.7836617679636,10651516308.195139
1705541400000,76102.95281054867,76568.55196255707,75826.97147011243,76291.88547276141,311.8960540045539,10656318909.323502
1705541700000,76291.88547276141,76746.54515877775,76028.13110354322,76482.13307039587,957.0179156907606,10715732398.403372
1705542000000,76482.13307039587,77033.38941644852,76190.87106749997,76741.14105007272,345.16016276551954,10716776883.860828
1705542300000,76741.14105007272,76977.10846222812,76613.40967339584,76849.19723202431,385.6873222118312,10707047759.464083
1705542600000,76849.19723202431,77214.26283004793,76620.68517867537,76985.34593681499,386.98511885958527,10722599852.850428
1705542900000,76985.34593681499,77397.51919997163,76747.38065623993,77159.01709378265,303.4802107745816,10716704565.482075
1705543200000,77159.01709378265,77220.74430745767,75910.42987917106,77066.42627327012,1406.9293019899847,10786205356.271896
1705543500000,77066.42627327012,77545.3494282285,76997.06648962418,77452.40654038003,1559.700565731003,10869923582.743393
1705543800000,77452.40654038003,78043.43973453775,77126.53662160963,77716.45885344027,951.629850076964,10913031820.630898
1705544100000,77716.45885344027,78094.51672130302,77502.25326884624,77879.86076105291,834.6969748391122,10942324614.865622
1705544400000,77879.86076105291,78233.93126686948,77692.23919766514,78045.90967251013,487.4596071955489,10945417395.56903
1705544700000,78045.90967251013,78224.35980102181,77945.8615702138,78124.21132278585,787.6511780921954,10971669869.9598
1705545000000,78124.21132278585,78541.08222772842,77894.40270285461,78310.7249629977,419.60979450647847,10965648659.414532
1705545300000,78310.7249629977,78740.05162783663,78057.05694898934,78485.81644873717,811.3862418774338,10988951773.807558
1705545600000,78485.81644873717,78789.22354751534,78318.94078125706,78622.05820433417,469.9013554722985,10990902625.91559
1705545900000,78622.05820433417,78983.14367357276,78400.02626687803,78760.72014906151,557.7795602796571,11006832409.268719
1705546200000,78760.72014906151,79247.91057580666,78484.65101087563,78971.10400796669,449.7120229368286,11002821541.373682
1705546500000,78971.10400796669,79284.49409186617,78769.77665592331,79082.88177581853,357.5177939487673,11016025598.84609
1705546800000,79082.88177581853,79667.77602829947,78744.04581021325,79327.89030704045,504.1377243534996,11022483183.559298
1705547100000,79327.89030704045,79923.86146195848,79003.96805971031,79598.83286574937,548.2732576303124,11051509609.177927
1705547400000,79598.83286574937,80119.4895158301,79294.77155596155,79814.60397728882,906.3914180653309,11084917946.926247
1705547700000,79814.60397728882,79961.47655012923,79713.90277971863,79860.71717205441,460.35534072508574,11083856483.782347
1705548000000,79860.71717205441,80304.2141443247,79614.9976802483,80057.88798738636,778.2283770357722,11129413135.282671
1705548300000,80057.88798738636,80376.72475819838,79844.52819049661,80163.08460506212,938.0030647700459,11165275427.245016
1705548600000,80163.08460506212,80266.33926783963,80099.3872606906,80202.6105162987,564.0897930816608,11172849991.24067
1705548900000,80202.6105162987,80510.14482806013,80027.50352958155,80334.74934161236,503.4205359152413,11183949628.54334
1705549200000,80334.74934161236,80772.43406256517,80068.88659606257,80506.00455876201,653.6514359816322,11215912987.307047
1705549500000,80506.00455876201,81104.86435700179,80161.77395441444,80759.5496350741,811.5460513254674,11264436368.209717
1705549800000,80759.5496350741,81070.68501867932,80569.10219445458,80879.95364092964,650.6788817280742,11302238240.291338
1705550100000,80879.95364092964,81139.10135977664,80694.70719982435,80953.68604289382,532.0858605790604,11332637829.740812
1705550400000,80953.68604289382,81547.91339730454,80626.39518981444,81219.54768171029,882.2273544075593,11389158264.597124
1705550700000,81219.54768171029,81390.92635414301,81092.23090352873,81263.54061425712,326.2786872892628,11384296658.20891
1705551000000,81263.54061425712,81677.26961089335,81046.006923074,81459.21212827339,897.0757708248748,11439648380.182034
1705551300000,81459.21212827339,81737.02491558169,81267.46714008584,81545.07781011703,446.2560227424824,11452767583.342558
1705551600000,81545.07781011703,82024.60987642028,81280.13253686466,81758.96965462275,879.9679038550613,11501666891.144665
1705551900000,81758.96965462275,81984.80563761709,81622.49415798005,81848.18122528399,796.2146392876379,11528003579.06528
1705552200000,81848.18122528399,82130.8600733302,81687.88036145252,81970.31999891852,398.9912551951676,11530948876.123425
1705552500000,81970.31999891852,82095.19254782889,81895.05804648594,82019.8850866649,719.8986315602119,11553094969.006466
1705552800000,82019.8850866649,82413.95074396266,81779.38056251073,82172.99725345385,851.16115724031,11598826197.88214
1705553100000,82172.99725345385,82563.77788907547,81939.71195521558,82330.04673470081,439.0332182404952,11604677488.319815
1705553400000,82330.04673470081,82746.55608762079,82082.64846655144,82498.6511703556,438.5931070507075,11603416939.164711
1705553700000,82498.6511703556,82705.20378179474,82367.13781503095,82573.57099472976,526.1141173512526,11616082618.769207
1705554000000,82573.57099472976,82830.40092628094,82393.26513989974,82649.92833921319,898.3694719100761,11656728014.496475
1705554300000,82649.92833921319,83159.98112055023,82339.59206155753,82848.89774696104,942.6912771540112,11701527356.019638
1705554600000,82848.89774696104,83257.9200553257,82611.24921791743,83019.78135394496,830.8788476377032,11737905671.903423
1705554900000,83019.78135394496,83274.42594182056,82864.85616657592,83119.31501232568,623.1991892495598,11766176487.953564
1705555200000,83119.31501232568,83460.86565789909,82920.09033114208,83261.30065816235,686.784875424208,11789397725.860651
1705555500000,83261.30065816235,83832.220762882,82923.43276808831,83493.4109871241,307.47035993678594,11795165005.40118
1705555800000,83493.4109871241,83715.93171012939,83332.7644604542,83555.16636226866,998.0841768345314,11855835757.848658
1705556100000,83555.16636226866,83626.50544802805,83505.7962919957,83577.12240463324,845.043111521869,11908874972.404257
1705556400000,83577.12240463324,83690.27764480842,83505.79084485408,83618.9104197155,718.0376653873087,11952448182.838219
1705556700000,83618.9104197155,84150.37305723931,83332.9744037488,83863.6003207855,564.1037861533192,11982321494.154922
1705557000000,83863.6003207855,84212.99208575087,83645.32271983637,83994.37411080107,484.7210050410241,11989335530.6006
1705557300000,83994.37411080107,84275.12943915854,83796.35592377724,84076.91665665786,383.7906619329601,11995465822.929926
1705557600000,84076.91665665786,84522.1910672916,83825.19971402673,84269.89636486537,302.15187607405244,11946872503.613192
1705557900000,84269.89636486537,84641.3348817164,84065.14695173528,84436.18144799706,557.5333925099658,11911649162.592943
1705558200000,84436.18144799706,84885.25742441198,84196.71129816279,84645.19449096457,340.5615303916958,11921045861.905638
1705558500000,84645.19449096457,84842.43128745469,84534.56664565722,84731.69039549888,386.22155196658605,11935927376.019955
1705558800000,84731.69039549888,85107.97901556072,84496.02695533157,84871.92554072512,500.7853193297929,11964387907.695103
1705559100000,84871.92554072512,85198.02241161345,84689.04318703608,85014.8321222693,577.901494286373,11994680711.527832
1705559400000,85014.8321222693,85370.51310761264,84785.91156792777,85141.25214042884,710.5899587087747,12029833663.684252
1705559700000,85141.25214042884,85594.4152326797,84885.6463810149,85338.21815417828,419.42048199819396,12048351742.355783
1705560000000,85338.21815417828,85828.11892023995,85036.85299034318,85526.09030078711,724.5978334648551,12084104360.938448
1705560300000,85526.09030078711,85814.22034554016,85369.82113441163,85657.71068871052,615.9043549933565,12106152390.059845
1705560600000,85657.71068871052,85891.98598942152,85510.58520519093,85744.71107424324,364.55731897505467,12099917916.118586
1705560900000,85744.71107424324,86314.5219873769,85415.91447597016,85984.80472618436,900.0940957032819,12148890129.44061
1705561200000,85984.80472618436,86205.23083741302,85839.24568967822,86059.5452766617,585.0735512261645,12158339378.112946
1705561500000,86059.5452766617,86544.73690539639,85765.83302070013,86250.37337303652,741.3345703101004,12179052255.684692
1705561800000,86250.37337303652,86699.6307433589,85999.94218761008,86448.62393002436,644.662870875855,12208288749.331802
1705562100000,86448.62393002436,86708.27298618294,86287.66389685766,86547.1295438866,853.5123387026042,12246373916.870932
1705562400000,86547.1295438866,86650.42486067525,86450.8091131088,86554.09667600463,381.5588528099659,12265819479.932922
1705562700000,86554.09667600463,86707.22847335931,86428.3719957849,86581.4640405076,312.5781830936048,12263552365.249493
1705563000000,86581.4640405076,86626.56233636219,86540.23472446665,86585.33117882466,993.1807833818436,12315201773.989443
1705563300000,86585.33117882466,86878.09157228106,86419.85828702831,86712.37588583611,573.4128175562711,12334529386.92034
1705563600000,86712.37588583611,87181.50174834128,86464.85893285417,86933.35402224949,909.8646382534156,12380538815.218697
1705563900000,86933.35402224949,86969.86263043406,86893.7891907949,86930.29651494599,618.9401272749571,12390424330.94863
1705564200000,86930.29651494599,87170.26741754897,86762.82147747545,87002.65298216371,369.96202220730993,12385932363.581333
1705564500000,87002.65298216371,87110.05269286603,86928.85561984581,87036.2268525306,928.2455380139751,12428784861.343138
1705564800000,87036.2268525306,87298.42663293921,86853.8208526799,87115.85375516521,656.353071966797,12459165359.247168
1705565100000,87115.85375516521,87260.333916909,87005.02313609883,87149.46054258173,639.7702860717833,12485895061.893991
1705565400000,87149.46054258173,87624.28775575143,86881.45344256327,87355.64658041317,692.9596033014777,12503131382.97831
1705565700000,87355.64658041317,87879.06675831131,87053.02397809253,87575.68189662222,988.743914418999,12565677120.140665
1705566000000,87575.68189662222,88026.03522772396,87326.77389586478,87776.55630082275,974.190341146583,12627567483.64351
1705566300000,87776.55630082275,87849.83305591105,87715.13364209252,87788.40210794052,688.1715022286124,12666598378.852139
1705566600000,87788.40210794052,88289.09248328027,87477.72243132259,87977.74273767594,846.1702848661573,12718416488.237503
1705566900000,87977.74273767594,88159.6775343172,87865.4890577436,88047.33505926521,903.9835785849001,12752891719.602787
